job_id,company,role,location,work_mode,employment_type,experience_years,skills,salary_lpa,date_posted,skills_cleaned
1,Paytm,Data Scientist,Delhi,Onsite,Full-time,1,Machine Learning|Statistics|Tableau|Power BI,14.22,2024-07-12,"['tableau', 'machine learning', 'statistics', 'power bi']"
2,Infosys,Analytics Engineer,Mumbai,Remote,Internship,6,Python|Power BI|Tableau|Git,20.68,2024-10-27,"['git', 'tableau', 'python', 'power bi']"
3,Swiggy,Analytics Engineer,Remote,Onsite,Full-time,6,Git|Machine Learning|Airflow|Docker|Python,21.77,2023-10-12,"['machine learning', 'git', 'airflow', 'python', 'docker']"
4,Cognizant,Business Analyst,Remote,Hybrid,Internship,5,Power BI|Airflow|SQL|Pandas,15.79,2023-02-14,"['pandas', 'sql', 'airflow', 'power bi']"
5,Cognizant,BI Analyst,Remote,Remote,Internship,8,Airflow|Power BI|Machine Learning|Excel,29.66,2024-01-06,"['machine learning', 'excel', 'airflow', 'power bi']"
6,Zoho,Business Analyst,Hyderabad,Onsite,Contract,1,Statistics|AWS|SQL|Docker,5.83,2024-10-12,"['statistics', 'sql', 'aws', 'docker']"
7,Accenture,Business Analyst,Mumbai,Remote,Full-time,5,NumPy|Machine Learning|Spark|Azure|Docker|SQL,21.1,2023-09-08,"['machine learning', 'numpy', 'sql', 'spark', 'azure', 'docker']"
8,Razorpay,BI Analyst,Hyderabad,Onsite,Full-time,6,Statistics|Azure|Docker|Airflow|Git|Python,18.45,2023-10-02,"['statistics', 'git', 'airflow', 'azure', 'python', 'docker']"
9,Accenture,Business Analyst,Hyderabad,Hybrid,Internship,5,ETL|Airflow|Git|Azure|Statistics,15.74,2024-07-28,"['statistics', 'git', 'airflow', 'etl', 'azure']"
10,Accenture,Senior Data Analyst,Remote,Onsite,Contract,6,Airflow|Spark|Tableau|Power BI|Machine Learning|Statistics|SQL|Python,22.38,2024-11-27,"['machine learning', 'statistics', 'sql', 'airflow', 'power bi', 'spark', 'tableau', 'python']"
11,Paytm,Analytics Engineer,Delhi,Onsite,Internship,1,Airflow|Git|Machine Learning|Excel|ETL|Python|Azure,10.65,2023-10-01,"['machine learning', 'excel', 'git', 'airflow', 'etl', 'python', 'azure']"
12,Razorpay,Senior Data Analyst,Chennai,Remote,Internship,1,Docker|Pandas|Statistics|Python|Spark|Airflow,7.04,2023-04-19,"['statistics', 'airflow', 'spark', 'pandas', 'python', 'docker']"
13,Freshworks,Senior Data Analyst,Mumbai,Hybrid,Contract,8,NumPy|Excel|Pandas|Airflow|Power BI|Machine Learning|Spark|Python,25.56,2024-01-07,"['machine learning', 'numpy', 'excel', 'airflow', 'power bi', 'spark', 'pandas', 'python']"
14,Razorpay,Business Analyst,Remote,Remote,Contract,0,Power BI|Data Warehousing|Spark|Statistics|SQL,4.38,2024-11-06,"['statistics', 'sql', 'power bi', 'spark', 'data warehousing']"
15,Swiggy,Analytics Engineer,Delhi,Onsite,Internship,2,Data Warehousing|Docker|Tableau|Machine Learning|Airflow|Spark,11.44,2024-11-18,"['machine learning', 'airflow', 'spark', 'data warehousing', 'tableau', 'docker']"
16,Cognizant,Senior Data Analyst,Mumbai,Onsite,Internship,7,Git|Tableau|ETL|Data Warehousing|SQL|Pandas|Python|AWS,20.66,2023-03-14,"['aws', 'git', 'sql', 'pandas', 'etl', 'data warehousing', 'tableau', 'python']"
17,Microsoft,Data Scientist,Mumbai,Onsite,Internship,0,Power BI|SQL|Docker|Pandas|ETL,8.51,2023-08-08,"['sql', 'power bi', 'etl', 'pandas', 'docker']"
18,Flipkart,Business Analyst,Delhi,Hybrid,Internship,7,ETL|Docker|Tableau|SQL|Data Warehousing,21.27,2024-04-23,"['sql', 'etl', 'data warehousing', 'tableau', 'docker']"
19,Amazon,Data Analyst,Bengaluru,Onsite,Full-time,1,Airflow|Azure|Data Warehousing|Docker,7.57,2024-04-04,"['data warehousing', 'azure', 'docker', 'airflow']"
20,Paytm,BI Analyst,Bengaluru,Onsite,Full-time,2,Git|Statistics|Docker|SQL|ETL|Machine Learning,15.5,2023-01-16,"['machine learning', 'statistics', 'git', 'sql', 'etl', 'docker']"
21,Zoho,Business Analyst,Pune,Onsite,Contract,2,ETL|Data Warehousing|Tableau|Docker|NumPy|Python|Power BI,8.3,2024-04-10,"['numpy', 'power bi', 'etl', 'data warehousing', 'tableau', 'python', 'docker']"
22,Flipkart,BI Analyst,Bengaluru,Remote,Contract,8,Excel|NumPy|Data Warehousing|Tableau|Python|AWS|Machine Learning,29.17,2024-08-21,"['machine learning', 'numpy', 'aws', 'excel', 'data warehousing', 'tableau', 'python']"
23,Paytm,Analytics Engineer,Mumbai,Onsite,Full-time,8,SQL|Power BI|Docker|ETL|Data Warehousing,25.09,2024-02-18,"['sql', 'power bi', 'etl', 'data warehousing', 'docker']"
24,Paytm,Analytics Engineer,Chennai,Onsite,Contract,3,SQL|Power BI|NumPy|Azure|AWS|Airflow|Machine Learning|Pandas,15.15,2023-09-02,"['machine learning', 'numpy', 'aws', 'sql', 'airflow', 'power bi', 'pandas', 'azure']"
25,Cognizant,BI Analyst,Pune,Remote,Internship,2,Git|Azure|Data Warehousing|Airflow|SQL|Python,11.99,2023-03-17,"['git', 'sql', 'airflow', 'data warehousing', 'python', 'azure']"
26,Freshworks,Business Analyst,Chennai,Onsite,Internship,8,Excel|Spark|Git|SQL|Tableau|Pandas,25.0,2023-11-06,"['excel', 'git', 'sql', 'pandas', 'spark', 'tableau']"
27,TCS,Data Scientist,Chennai,Onsite,Contract,8,AWS|Tableau|Git|Power BI,28.73,2023-06-09,"['git', 'tableau', 'aws', 'power bi']"
28,Zoho,Senior Data Analyst,Bengaluru,Remote,Full-time,3,NumPy|Machine Learning|ETL|Statistics|Excel|Python,18.99,2023-02-15,"['machine learning', 'numpy', 'statistics', 'excel', 'etl', 'python']"
29,TCS,Senior Data Analyst,Bengaluru,Onsite,Internship,2,Pandas|Git|Machine Learning|Spark|NumPy|ETL,15.34,2023-06-02,"['machine learning', 'numpy', 'git', 'spark', 'etl', 'pandas']"
30,Amazon,Data Analyst,Hyderabad,Remote,Internship,5,Excel|Docker|Power BI|Python|Data Warehousing|Pandas|ETL|Spark,18.5,2023-12-29,"['excel', 'power bi', 'spark', 'etl', 'data warehousing', 'pandas', 'python', 'docker']"
31,Flipkart,BI Analyst,Hyderabad,Remote,Internship,2,Pandas|Data Warehousing|Git|NumPy|Python,11.35,2024-02-26,"['numpy', 'git', 'data warehousing', 'pandas', 'python']"
32,Walmart,Data Scientist,Hyderabad,Onsite,Contract,3,Pandas|Tableau|NumPy|Docker|Python|Statistics,16.76,2023-12-25,"['numpy', 'statistics', 'pandas', 'tableau', 'python', 'docker']"
33,Razorpay,Business Analyst,Remote,Onsite,Internship,3,NumPy|Airflow|Pandas|Excel,10.84,2024-10-18,"['numpy', 'excel', 'airflow', 'pandas']"
34,TCS,BI Analyst,Chennai,Onsite,Internship,8,Python|Tableau|Git|Excel|Power BI|AWS,24.29,2023-12-20,"['aws', 'excel', 'git', 'power bi', 'tableau', 'python']"
35,Razorpay,Senior Data Analyst,Bengaluru,Remote,Full-time,6,Data Warehousing|Tableau|NumPy|AWS|ETL|Excel|Python|Git,22.62,2024-11-17,"['numpy', 'aws', 'excel', 'git', 'etl', 'data warehousing', 'tableau', 'python']"
36,Microsoft,Senior Data Analyst,Bengaluru,Remote,Contract,6,Azure|Data Warehousing|ETL|Docker,22.52,2024-11-13,"['data warehousing', 'docker', 'etl', 'azure']"
37,Cognizant,Senior Data Analyst,Delhi,Onsite,Internship,6,Excel|NumPy|ETL|Azure|Git|Docker,19.21,2024-02-20,"['numpy', 'excel', 'git', 'docker', 'etl', 'azure']"
38,Freshworks,Data Analyst,Chennai,Hybrid,Internship,4,NumPy|Docker|Airflow|AWS|ETL|Azure,13.83,2023-08-07,"['numpy', 'aws', 'airflow', 'azure', 'etl', 'docker']"
39,Paytm,BI Analyst,Remote,Onsite,Full-time,2,AWS|Azure|SQL|Docker,8.43,2023-07-23,"['azure', 'sql', 'aws', 'docker']"
40,Swiggy,Data Analyst,Mumbai,Onsite,Contract,0,ETL|Power BI|Statistics|NumPy|Azure,4.59,2024-05-21,"['numpy', 'statistics', 'power bi', 'etl', 'azure']"
41,Deloitte,Business Analyst,Remote,Remote,Full-time,2,Tableau|Docker|Data Warehousing|Power BI,10.39,2024-07-24,"['data warehousing', 'tableau', 'docker', 'power bi']"
42,Deloitte,Data Analyst,Remote,Remote,Contract,7,Git|Azure|Airflow|Statistics|AWS,22.78,2024-07-15,"['statistics', 'aws', 'git', 'airflow', 'azure']"
43,Microsoft,Business Analyst,Delhi,Onsite,Full-time,7,Machine Learning|Statistics|Docker|Azure|Excel|Data Warehousing|ETL,24.32,2023-10-20,"['machine learning', 'statistics', 'excel', 'docker', 'etl', 'data warehousing', 'azure']"
44,Amazon,Senior Data Analyst,Hyderabad,Remote,Contract,5,Power BI|Excel|Data Warehousing|Tableau|NumPy|Spark,16.69,2024-02-22,"['numpy', 'excel', 'power bi', 'spark', 'data warehousing', 'tableau']"
45,Zoho,Analytics Engineer,Remote,Remote,Contract,7,SQL|NumPy|Docker|ETL|Git|AWS|Python,22.93,2023-12-27,"['numpy', 'aws', 'git', 'sql', 'etl', 'python', 'docker']"
46,Paytm,BI Analyst,Chennai,Remote,Contract,6,Statistics|ETL|Tableau|Excel|NumPy|Data Warehousing|Python|Airflow,21.39,2023-06-19,"['numpy', 'statistics', 'excel', 'airflow', 'etl', 'data warehousing', 'tableau', 'python']"
47,Walmart,Business Analyst,Pune,Onsite,Contract,8,Airflow|Python|SQL|Azure,23.89,2023-02-21,"['sql', 'azure', 'python', 'airflow']"
48,Microsoft,BI Analyst,Chennai,Hybrid,Full-time,5,Git|Azure|Pandas|Airflow|NumPy,17.5,2024-04-26,"['numpy', 'git', 'airflow', 'pandas', 'azure']"
49,Infosys,Data Scientist,Remote,Remote,Full-time,8,Spark|Statistics|Azure|SQL,30.26,2023-09-11,"['spark', 'statistics', 'sql', 'azure']"
50,Swiggy,Data Analyst,Hyderabad,Hybrid,Full-time,2,Excel|ETL|Azure|SQL|AWS,8.27,2024-01-13,"['aws', 'excel', 'sql', 'etl', 'azure']"
51,Zoho,Analytics Engineer,Mumbai,Remote,Full-time,1,AWS|Tableau|Data Warehousing|Python|Excel,7.69,2023-07-23,"['aws', 'excel', 'data warehousing', 'tableau', 'python']"
52,Flipkart,Analytics Engineer,Remote,Onsite,Contract,3,AWS|Tableau|Airflow|Data Warehousing,11.6,2024-11-08,"['airflow', 'tableau', 'aws', 'data warehousing']"
53,Walmart,Data Analyst,Chennai,Remote,Contract,8,Python|Docker|ETL|Statistics|SQL|NumPy,25.38,2023-06-06,"['statistics', 'numpy', 'sql', 'etl', 'python', 'docker']"
54,Walmart,Business Analyst,Chennai,Hybrid,Contract,8,ETL|Git|NumPy|Docker|Spark|AWS,23.24,2023-03-30,"['numpy', 'aws', 'git', 'spark', 'etl', 'docker']"
55,Razorpay,BI Analyst,Hyderabad,Hybrid,Internship,3,Airflow|Azure|Python|Statistics|Pandas|Power BI|Docker,10.78,2023-10-14,"['statistics', 'docker', 'airflow', 'power bi', 'pandas', 'python', 'azure']"
56,Swiggy,Data Scientist,Remote,Onsite,Contract,4,Python|NumPy|SQL|Tableau|Spark|ETL|Statistics|Machine Learning,20.93,2024-05-17,"['machine learning', 'numpy', 'statistics', 'sql', 'spark', 'etl', 'tableau', 'python']"
57,Freshworks,Data Analyst,Mumbai,Hybrid,Contract,1,Statistics|Airflow|Spark|Tableau|Excel|Azure,6.66,2023-12-19,"['statistics', 'excel', 'airflow', 'spark', 'tableau', 'azure']"
58,Amazon,Data Scientist,Bengaluru,Remote,Internship,8,Spark|Git|Excel|ETL|Docker|Tableau,30.95,2024-07-02,"['excel', 'git', 'spark', 'etl', 'tableau', 'docker']"
59,Microsoft,Business Analyst,Mumbai,Remote,Contract,3,ETL|Machine Learning|Spark|AWS|Airflow,17.44,2023-07-18,"['machine learning', 'aws', 'airflow', 'spark', 'etl']"
60,Infosys,Business Analyst,Chennai,Onsite,Internship,5,AWS|Python|Spark|Machine Learning|Power BI,19.66,2023-05-10,"['machine learning', 'aws', 'power bi', 'spark', 'python']"
61,Infosys,BI Analyst,Chennai,Onsite,Full-time,1,AWS|ETL|Statistics|Git,5.76,2024-05-04,"['git', 'statistics', 'etl', 'aws']"
62,TCS,Data Analyst,Bengaluru,Onsite,Internship,6,Power BI|SQL|Data Warehousing|Git|Airflow|AWS|Excel,21.17,2024-03-02,"['aws', 'excel', 'git', 'sql', 'airflow', 'power bi', 'data warehousing']"
63,Infosys,Analytics Engineer,Mumbai,Remote,Full-time,3,Airflow|Git|ETL|Statistics|Excel|AWS|NumPy|Data Warehousing,13.33,2023-04-12,"['statistics', 'numpy', 'aws', 'excel', 'git', 'airflow', 'etl', 'data warehousing']"
64,Zoho,Data Scientist,Hyderabad,Onsite,Contract,3,Power BI|Pandas|Tableau|Data Warehousing|Machine Learning|SQL,18.35,2024-08-31,"['machine learning', 'sql', 'pandas', 'power bi', 'data warehousing', 'tableau']"
65,Amazon,Senior Data Analyst,Bengaluru,Remote,Internship,0,AWS|Data Warehousing|Spark|Docker|Statistics,8.77,2024-10-02,"['statistics', 'aws', 'spark', 'data warehousing', 'docker']"
66,Razorpay,Data Scientist,Bengaluru,Onsite,Contract,3,Tableau|Statistics|Azure|Power BI|Excel|Docker|SQL,16.92,2024-08-05,"['statistics', 'excel', 'docker', 'sql', 'power bi', 'tableau', 'azure']"
67,Infosys,BI Analyst,Bengaluru,Remote,Internship,1,AWS|Airflow|Excel|Machine Learning|Docker|Statistics|Spark,14.17,2023-11-27,"['machine learning', 'statistics', 'aws', 'excel', 'airflow', 'spark', 'docker']"
68,Cognizant,Senior Data Analyst,Remote,Hybrid,Contract,0,Statistics|Python|Airflow|Azure,2.62,2023-06-29,"['statistics', 'python', 'azure', 'airflow']"
69,Zoho,Analytics Engineer,Pune,Hybrid,Full-time,7,Pandas|Docker|Azure|ETL|Statistics|SQL,21.0,2024-11-17,"['statistics', 'docker', 'sql', 'etl', 'pandas', 'azure']"
70,Flipkart,Business Analyst,Pune,Onsite,Contract,5,ETL|AWS|Azure|NumPy|Airflow|Machine Learning|Python,18.76,2023-04-29,"['machine learning', 'numpy', 'aws', 'airflow', 'etl', 'python', 'azure']"
71,Razorpay,Analytics Engineer,Delhi,Hybrid,Internship,0,Git|Docker|Python|Tableau|Machine Learning|Pandas|AWS|Statistics,5.65,2023-10-01,"['machine learning', 'statistics', 'aws', 'git', 'pandas', 'tableau', 'python', 'docker']"
72,Infosys,Business Analyst,Chennai,Remote,Full-time,4,ETL|Tableau|Python|Azure|AWS|Data Warehousing|Power BI,15.66,2023-04-06,"['aws', 'power bi', 'etl', 'data warehousing', 'tableau', 'python', 'azure']"
73,Swiggy,Data Analyst,Chennai,Remote,Contract,7,Excel|ETL|Git|Spark,22.32,2024-05-09,"['spark', 'git', 'etl', 'excel']"
74,Flipkart,Business Analyst,Chennai,Hybrid,Contract,7,Excel|Airflow|Tableau|AWS|Machine Learning|Spark|Power BI|SQL,25.8,2024-06-03,"['machine learning', 'aws', 'excel', 'sql', 'airflow', 'power bi', 'spark', 'tableau']"
75,Razorpay,Data Analyst,Chennai,Remote,Contract,4,ETL|Excel|Statistics|Machine Learning|Git|Pandas,18.63,2024-04-11,"['machine learning', 'statistics', 'excel', 'git', 'etl', 'pandas']"
76,Zoho,Business Analyst,Delhi,Hybrid,Full-time,3,Airflow|Statistics|Docker|Data Warehousing|NumPy|Python|Pandas|ETL,12.97,2024-10-29,"['numpy', 'statistics', 'airflow', 'etl', 'data warehousing', 'pandas', 'python', 'docker']"
77,Freshworks,BI Analyst,Bengaluru,Remote,Contract,0,Data Warehousing|Azure|Docker|SQL|Statistics,6.05,2023-05-28,"['statistics', 'sql', 'azure', 'data warehousing', 'docker']"
78,Paytm,Data Scientist,Delhi,Hybrid,Internship,2,ETL|Machine Learning|Pandas|AWS,14.74,2023-12-03,"['machine learning', 'pandas', 'etl', 'aws']"
79,Amazon,Analytics Engineer,Delhi,Hybrid,Full-time,6,ETL|SQL|AWS|Data Warehousing|Tableau|Azure,19.74,2024-03-20,"['aws', 'sql', 'etl', 'data warehousing', 'tableau', 'azure']"
80,Flipkart,Data Scientist,Chennai,Hybrid,Internship,1,Pandas|AWS|Git|Python|Docker|Data Warehousing|Airflow,10.29,2023-09-08,"['aws', 'git', 'airflow', 'data warehousing', 'pandas', 'python', 'docker']"
81,Amazon,BI Analyst,Mumbai,Remote,Full-time,2,Pandas|Power BI|AWS|Docker|NumPy,10.49,2024-08-20,"['numpy', 'aws', 'power bi', 'pandas', 'docker']"
82,Deloitte,Business Analyst,Chennai,Remote,Contract,7,Git|Machine Learning|Azure|Python|Airflow|Statistics,24.97,2024-03-28,"['machine learning', 'statistics', 'git', 'airflow', 'python', 'azure']"
83,Zoho,Analytics Engineer,Bengaluru,Onsite,Contract,4,Machine Learning|Git|Docker|Excel|Tableau|NumPy|Statistics,19.22,2024-08-11,"['machine learning', 'numpy', 'statistics', 'excel', 'git', 'tableau', 'docker']"
84,Razorpay,Data Scientist,Remote,Remote,Internship,4,Airflow|Machine Learning|Python|AWS,23.23,2023-02-20,"['aws', 'machine learning', 'python', 'airflow']"
85,Razorpay,Data Scientist,Chennai,Remote,Internship,7,Statistics|Spark|Tableau|Azure|Git|AWS,27.66,2024-11-06,"['statistics', 'aws', 'git', 'spark', 'tableau', 'azure']"
86,Accenture,Business Analyst,Chennai,Remote,Contract,1,AWS|Git|Python|Data Warehousing,6.77,2023-10-30,"['data warehousing', 'git', 'python', 'aws']"
87,Microsoft,Data Scientist,Mumbai,Remote,Contract,6,NumPy|Excel|Airflow|Machine Learning|Pandas,28.49,2023-09-21,"['machine learning', 'numpy', 'excel', 'airflow', 'pandas']"
88,Swiggy,Senior Data Analyst,Hyderabad,Remote,Internship,5,Git|Power BI|ETL|Airflow,18.52,2024-02-11,"['git', 'etl', 'airflow', 'power bi']"
89,Microsoft,Senior Data Analyst,Delhi,Remote,Contract,1,Python|Machine Learning|ETL|SQL|Statistics|Pandas|Azure,11.25,2024-10-15,"['machine learning', 'statistics', 'sql', 'etl', 'pandas', 'python', 'azure']"
90,Swiggy,Data Analyst,Delhi,Hybrid,Full-time,3,Python|Azure|Git|AWS|Tableau|ETL|SQL,10.91,2024-02-23,"['aws', 'git', 'sql', 'etl', 'tableau', 'python', 'azure']"
91,Accenture,Business Analyst,Hyderabad,Remote,Internship,0,AWS|ETL|SQL|Git,5.17,2024-01-15,"['git', 'sql', 'etl', 'aws']"
92,Swiggy,Data Scientist,Chennai,Onsite,Contract,8,Excel|Docker|Azure|SQL|Statistics|AWS|NumPy,27.61,2024-03-30,"['statistics', 'numpy', 'aws', 'excel', 'sql', 'docker', 'azure']"
93,TCS,Business Analyst,Chennai,Onsite,Full-time,5,Spark|Data Warehousing|Python|NumPy,17.85,2024-04-10,"['spark', 'numpy', 'data warehousing', 'python']"
94,Amazon,Data Scientist,Bengaluru,Remote,Contract,3,Python|SQL|Airflow|Pandas|Tableau|Power BI|AWS|Git,19.26,2023-08-27,"['aws', 'git', 'sql', 'airflow', 'power bi', 'tableau', 'pandas', 'python']"
95,Walmart,Business Analyst,Bengaluru,Remote,Contract,0,Excel|Data Warehousing|Machine Learning|ETL|Airflow|Power BI,9.08,2023-01-16,"['machine learning', 'excel', 'airflow', 'power bi', 'etl', 'data warehousing']"
96,Deloitte,Business Analyst,Delhi,Hybrid,Contract,5,Pandas|Machine Learning|Python|Power BI,18.34,2023-03-07,"['machine learning', 'pandas', 'python', 'power bi']"
97,Paytm,BI Analyst,Chennai,Hybrid,Contract,5,Tableau|Git|Machine Learning|Data Warehousing|AWS|Python|Azure|ETL,20.89,2023-03-04,"['machine learning', 'aws', 'git', 'etl', 'data warehousing', 'tableau', 'python', 'azure']"
98,Accenture,BI Analyst,Chennai,Remote,Internship,6,ETL|Git|SQL|Data Warehousing,19.2,2023-10-09,"['data warehousing', 'git', 'sql', 'etl']"
99,TCS,Data Scientist,Bengaluru,Remote,Internship,8,Airflow|AWS|Statistics|Machine Learning|ETL|NumPy,35.56,2024-10-28,"['machine learning', 'statistics', 'numpy', 'aws', 'airflow', 'etl']"
100,Flipkart,Data Scientist,Delhi,Onsite,Contract,3,Git|Statistics|NumPy|Pandas|ETL|Data Warehousing|Spark,15.28,2024-11-12,"['statistics', 'numpy', 'git', 'spark', 'etl', 'data warehousing', 'pandas']"
101,Flipkart,Senior Data Analyst,Delhi,Remote,Full-time,2,Power BI|Data Warehousing|Docker|SQL|Git|NumPy|Airflow,11.44,2024-07-23,"['numpy', 'git', 'sql', 'airflow', 'power bi', 'data warehousing', 'docker']"
102,Flipkart,Analytics Engineer,Mumbai,Hybrid,Full-time,8,Azure|Tableau|NumPy|Pandas|Data Warehousing|Git|Python|Excel,22.81,2024-06-03,"['numpy', 'excel', 'git', 'pandas', 'data warehousing', 'tableau', 'python', 'azure']"
103,Cognizant,Business Analyst,Bengaluru,Hybrid,Internship,7,Tableau|Spark|Docker|Machine Learning|Pandas,25.68,2024-03-15,"['machine learning', 'pandas', 'spark', 'tableau', 'docker']"
104,Flipkart,Analytics Engineer,Delhi,Hybrid,Full-time,8,Machine Learning|Python|Power BI|Excel,26.55,2023-07-05,"['machine learning', 'python', 'excel', 'power bi']"
105,Zoho,Analytics Engineer,Mumbai,Onsite,Full-time,6,Excel|Python|SQL|Spark,18.76,2023-12-16,"['spark', 'python', 'sql', 'excel']"
106,TCS,Senior Data Analyst,Bengaluru,Remote,Contract,4,Power BI|SQL|Data Warehousing|Git|Airflow|AWS,16.82,2024-11-08,"['aws', 'git', 'sql', 'airflow', 'power bi', 'data warehousing']"
107,Paytm,BI Analyst,Bengaluru,Hybrid,Internship,7,Machine Learning|NumPy|Airflow|Data Warehousing|SQL|Pandas|ETL,27.04,2024-05-13,"['machine learning', 'numpy', 'sql', 'airflow', 'etl', 'data warehousing', 'pandas']"
108,Microsoft,Data Scientist,Bengaluru,Onsite,Contract,4,Statistics|Airflow|AWS|Python,21.34,2023-05-21,"['aws', 'statistics', 'python', 'airflow']"
109,Zoho,Senior Data Analyst,Hyderabad,Onsite,Internship,5,Python|ETL|Spark|NumPy,16.6,2023-08-24,"['spark', 'numpy', 'python', 'etl']"
110,Walmart,Analytics Engineer,Pune,Onsite,Internship,5,Airflow|SQL|NumPy|Python,15.94,2024-03-15,"['numpy', 'sql', 'airflow', 'python']"
111,Flipkart,BI Analyst,Pune,Remote,Full-time,6,Tableau|Airflow|Python|Pandas|Power BI|AWS,19.26,2023-04-19,"['aws', 'airflow', 'power bi', 'pandas', 'tableau', 'python']"
112,TCS,BI Analyst,Remote,Onsite,Internship,6,Power BI|Airflow|Docker|Excel|Spark|Pandas|Tableau|ETL,19.03,2023-04-27,"['excel', 'airflow', 'power bi', 'spark', 'etl', 'tableau', 'pandas', 'docker']"
113,Cognizant,Analytics Engineer,Hyderabad,Onsite,Full-time,3,Spark|Excel|Tableau|SQL|Power BI|ETL,10.46,2024-11-02,"['excel', 'sql', 'power bi', 'spark', 'etl', 'tableau']"
114,Freshworks,Business Analyst,Bengaluru,Hybrid,Internship,7,Git|Azure|Docker|ETL|Pandas|Power BI|Statistics,23.89,2023-10-09,"['statistics', 'git', 'power bi', 'azure', 'etl', 'pandas', 'docker']"
115,Walmart,Data Analyst,Bengaluru,Remote,Internship,5,Power BI|AWS|Statistics|Git|Python|Airflow|Pandas|Excel,21.43,2023-04-03,"['statistics', 'aws', 'excel', 'git', 'airflow', 'power bi', 'pandas', 'python']"
116,Freshworks,Analytics Engineer,Chennai,Remote,Contract,8,Git|SQL|Statistics|Airflow|AWS|Azure|Tableau,25.5,2023-03-05,"['statistics', 'aws', 'git', 'sql', 'airflow', 'tableau', 'azure']"
117,Freshworks,Data Analyst,Delhi,Hybrid,Full-time,5,Data Warehousing|Pandas|Python|Tableau,16.57,2024-09-16,"['data warehousing', 'pandas', 'python', 'tableau']"
118,Paytm,Senior Data Analyst,Bengaluru,Remote,Full-time,5,Airflow|Docker|Data Warehousing|Pandas|Azure|AWS,19.5,2023-12-04,"['aws', 'airflow', 'azure', 'data warehousing', 'pandas', 'docker']"
119,Microsoft,Analytics Engineer,Hyderabad,Hybrid,Contract,6,Machine Learning|Excel|Pandas|SQL|AWS|Azure,23.4,2024-11-09,"['machine learning', 'aws', 'excel', 'sql', 'pandas', 'azure']"
120,Paytm,Business Analyst,Remote,Remote,Internship,1,Airflow|Azure|Docker|Power BI|ETL|Spark,9.24,2023-04-06,"['docker', 'airflow', 'power bi', 'spark', 'etl', 'azure']"
121,Accenture,Data Scientist,Hyderabad,Onsite,Full-time,6,Spark|Python|Pandas|Excel|Power BI|Tableau|Git|Statistics,21.96,2023-10-30,"['statistics', 'excel', 'git', 'power bi', 'spark', 'tableau', 'pandas', 'python']"
122,Accenture,Analytics Engineer,Hyderabad,Onsite,Full-time,8,SQL|Azure|Git|Airflow|AWS|Power BI|Docker|NumPy,24.99,2024-10-01,"['numpy', 'aws', 'git', 'sql', 'docker', 'airflow', 'power bi', 'azure']"
123,Cognizant,Data Scientist,Hyderabad,Hybrid,Full-time,7,Docker|Spark|Azure|ETL,24.85,2024-04-04,"['spark', 'azure', 'etl', 'docker']"
124,Razorpay,Analytics Engineer,Pune,Hybrid,Contract,3,ETL|NumPy|Pandas|Azure|AWS|Statistics,11.15,2024-06-24,"['numpy', 'statistics', 'aws', 'etl', 'pandas', 'azure']"
125,Walmart,Business Analyst,Delhi,Remote,Full-time,3,Excel|Machine Learning|Python|Azure|Statistics|Pandas|ETL|SQL,14.87,2023-03-27,"['machine learning', 'statistics', 'excel', 'sql', 'etl', 'pandas', 'python', 'azure']"
126,Deloitte,Senior Data Analyst,Bengaluru,Hybrid,Full-time,7,Excel|Docker|SQL|Tableau|Statistics|Pandas|Python|NumPy,23.12,2024-01-31,"['statistics', 'numpy', 'excel', 'sql', 'pandas', 'tableau', 'python', 'docker']"
127,Razorpay,Senior Data Analyst,Delhi,Hybrid,Contract,3,Azure|Tableau|Docker|Spark,10.44,2023-02-09,"['spark', 'tableau', 'docker', 'azure']"
128,Deloitte,BI Analyst,Remote,Onsite,Internship,2,Git|Python|Data Warehousing|SQL|ETL|Excel|Tableau,10.32,2024-09-15,"['excel', 'git', 'sql', 'etl', 'data warehousing', 'tableau', 'python']"
129,Freshworks,BI Analyst,Delhi,Remote,Internship,1,Statistics|AWS|SQL|Python|Tableau|NumPy,6.69,2024-05-26,"['statistics', 'numpy', 'aws', 'sql', 'tableau', 'python']"
130,Accenture,Analytics Engineer,Mumbai,Hybrid,Internship,0,Statistics|Excel|ETL|NumPy|Python|AWS|Pandas|Tableau,4.49,2023-03-29,"['numpy', 'statistics', 'aws', 'excel', 'etl', 'tableau', 'pandas', 'python']"
131,Swiggy,Senior Data Analyst,Chennai,Hybrid,Contract,1,Data Warehousing|Python|NumPy|Docker|Statistics|ETL|Azure|Git,5.05,2023-03-11,"['numpy', 'statistics', 'git', 'azure', 'etl', 'data warehousing', 'python', 'docker']"
132,Freshworks,Business Analyst,Remote,Remote,Internship,1,Azure|Excel|Python|Pandas|Machine Learning|Docker|Data Warehousing|Power BI,12.44,2024-05-05,"['machine learning', 'excel', 'docker', 'power bi', 'data warehousing', 'pandas', 'python', 'azure']"
133,Infosys,Business Analyst,Bengaluru,Onsite,Internship,2,Git|SQL|Excel|Tableau,10.45,2023-11-14,"['git', 'tableau', 'sql', 'excel']"
134,Walmart,BI Analyst,Remote,Onsite,Full-time,8,Machine Learning|SQL|Airflow|Azure|Tableau|Excel|Pandas,27.47,2023-10-07,"['machine learning', 'excel', 'sql', 'airflow', 'pandas', 'tableau', 'azure']"
135,Microsoft,Senior Data Analyst,Chennai,Remote,Full-time,6,Git|Airflow|Pandas|Power BI|Statistics|Spark|ETL,21.4,2024-03-10,"['statistics', 'git', 'airflow', 'power bi', 'spark', 'etl', 'pandas']"
136,Swiggy,BI Analyst,Pune,Remote,Contract,2,AWS|Azure|SQL|Git|Pandas|ETL|Excel|Spark,10.28,2024-03-30,"['aws', 'excel', 'git', 'sql', 'spark', 'etl', 'pandas', 'azure']"
137,Zoho,BI Analyst,Delhi,Remote,Full-time,0,Docker|Machine Learning|Azure|Airflow|Python|SQL,8.09,2024-11-26,"['machine learning', 'docker', 'sql', 'airflow', 'python', 'azure']"
138,Infosys,Data Analyst,Pune,Remote,Contract,2,Git|SQL|Power BI|ETL|Tableau|Azure|Pandas|Spark,10.82,2024-11-26,"['git', 'sql', 'power bi', 'pandas', 'spark', 'etl', 'tableau', 'azure']"
139,TCS,Senior Data Analyst,Chennai,Onsite,Contract,5,Power BI|Excel|Machine Learning|Pandas|NumPy|Docker|Azure,18.08,2023-07-10,"['machine learning', 'numpy', 'excel', 'power bi', 'azure', 'pandas', 'docker']"
140,Freshworks,Analytics Engineer,Chennai,Remote,Full-time,6,Tableau|Machine Learning|Airflow|Excel|Spark|Statistics|Data Warehousing|AWS,22.6,2023-05-19,"['machine learning', 'statistics', 'aws', 'excel', 'airflow', 'spark', 'data warehousing', 'tableau']"
141,Microsoft,BI Analyst,Mumbai,Hybrid,Full-time,2,Power BI|Azure|ETL|Pandas|Spark|SQL|Machine Learning,13.05,2024-10-15,"['machine learning', 'sql', 'power bi', 'spark', 'etl', 'pandas', 'azure']"
142,Infosys,Senior Data Analyst,Remote,Hybrid,Contract,8,Tableau|NumPy|Airflow|Power BI|Data Warehousing,23.58,2024-08-09,"['numpy', 'airflow', 'power bi', 'data warehousing', 'tableau']"
143,Deloitte,BI Analyst,Delhi,Hybrid,Internship,8,Power BI|Data Warehousing|Excel|NumPy|Spark,23.73,2024-02-24,"['numpy', 'excel', 'power bi', 'spark', 'data warehousing']"
144,Paytm,Data Analyst,Hyderabad,Remote,Contract,2,Power BI|Git|Statistics|Azure|Machine Learning|Pandas,13.76,2023-05-13,"['machine learning', 'statistics', 'git', 'power bi', 'pandas', 'azure']"
145,Swiggy,Analytics Engineer,Hyderabad,Hybrid,Contract,0,Data Warehousing|Excel|ETL|Power BI,3.18,2024-06-15,"['data warehousing', 'etl', 'power bi', 'excel']"
146,Deloitte,Data Analyst,Mumbai,Onsite,Internship,4,Machine Learning|Excel|Azure|ETL|AWS,17.42,2024-08-29,"['machine learning', 'aws', 'excel', 'etl', 'azure']"
147,Amazon,Business Analyst,Chennai,Remote,Internship,2,Azure|SQL|Docker|Git|Python|ETL|Airflow|AWS,11.3,2024-03-02,"['aws', 'git', 'sql', 'docker', 'airflow', 'etl', 'python', 'azure']"
148,TCS,Data Scientist,Chennai,Hybrid,Contract,0,AWS|Data Warehousing|Statistics|Tableau|Airflow|Azure|NumPy,8.57,2023-06-11,"['statistics', 'numpy', 'aws', 'airflow', 'data warehousing', 'tableau', 'azure']"
149,Zoho,BI Analyst,Delhi,Hybrid,Internship,7,NumPy|Azure|AWS|Power BI|Pandas|Spark|Airflow,20.39,2024-01-15,"['numpy', 'aws', 'airflow', 'power bi', 'spark', 'pandas', 'azure']"
150,Infosys,Analytics Engineer,Hyderabad,Onsite,Internship,1,Statistics|Git|SQL|Excel|Data Warehousing|Tableau,5.87,2024-01-29,"['statistics', 'excel', 'git', 'sql', 'data warehousing', 'tableau']"
151,Freshworks,BI Analyst,Pune,Remote,Contract,3,Azure|Data Warehousing|Tableau|Airflow|Power BI,13.0,2023-11-12,"['airflow', 'power bi', 'data warehousing', 'tableau', 'azure']"
152,Freshworks,Data Analyst,Bengaluru,Hybrid,Internship,1,Data Warehousing|Git|Tableau|ETL|AWS|Pandas|Python,8.79,2024-10-31,"['aws', 'git', 'pandas', 'etl', 'data warehousing', 'tableau', 'python']"
153,Zoho,BI Analyst,Chennai,Onsite,Full-time,4,Python|Tableau|NumPy|Power BI|Excel|Spark|Pandas|Git,12.65,2024-07-29,"['numpy', 'excel', 'git', 'power bi', 'spark', 'pandas', 'tableau', 'python']"
154,Paytm,Senior Data Analyst,Chennai,Remote,Full-time,8,Power BI|Airflow|Machine Learning|Statistics|ETL|Git,28.83,2023-05-12,"['machine learning', 'statistics', 'git', 'airflow', 'power bi', 'etl']"
155,Infosys,BI Analyst,Mumbai,Onsite,Contract,5,Spark|Excel|Tableau|AWS|Machine Learning|NumPy,18.12,2023-12-08,"['machine learning', 'numpy', 'aws', 'excel', 'spark', 'tableau']"
156,Cognizant,Analytics Engineer,Hyderabad,Hybrid,Internship,7,Data Warehousing|Excel|Pandas|AWS|Git,22.22,2023-11-03,"['aws', 'excel', 'git', 'data warehousing', 'pandas']"
157,Microsoft,Senior Data Analyst,Pune,Remote,Full-time,8,ETL|AWS|Statistics|Docker|Python|Pandas|Spark|SQL,26.39,2024-10-06,"['statistics', 'aws', 'sql', 'spark', 'etl', 'pandas', 'python', 'docker']"
158,Cognizant,Analytics Engineer,Delhi,Remote,Full-time,7,Statistics|SQL|AWS|Data Warehousing|Power BI|Machine Learning,26.82,2024-01-25,"['machine learning', 'statistics', 'aws', 'sql', 'power bi', 'data warehousing']"
159,Accenture,Data Scientist,Chennai,Hybrid,Contract,3,Tableau|NumPy|Python|Statistics,15.24,2023-07-28,"['numpy', 'tableau', 'python', 'statistics']"
160,Deloitte,Analytics Engineer,Delhi,Hybrid,Contract,7,Excel|NumPy|Machine Learning|Pandas,24.13,2023-06-27,"['pandas', 'machine learning', 'numpy', 'excel']"
161,Microsoft,Analytics Engineer,Chennai,Onsite,Internship,5,Spark|Machine Learning|AWS|Statistics|Tableau|Airflow|Excel|ETL,20.31,2023-08-01,"['machine learning', 'statistics', 'aws', 'excel', 'airflow', 'spark', 'etl', 'tableau']"
162,Cognizant,Data Scientist,Chennai,Onsite,Contract,7,ETL|Spark|Machine Learning|Airflow|Data Warehousing|Excel,29.03,2024-01-24,"['machine learning', 'excel', 'airflow', 'spark', 'etl', 'data warehousing']"
163,Swiggy,Senior Data Analyst,Delhi,Hybrid,Internship,2,SQL|AWS|Spark|Data Warehousing|Pandas|Statistics,8.94,2023-07-26,"['statistics', 'aws', 'sql', 'spark', 'data warehousing', 'pandas']"
164,Paytm,Senior Data Analyst,Hyderabad,Onsite,Internship,8,Excel|Tableau|AWS|Spark|Git|ETL,25.22,2023-08-20,"['aws', 'excel', 'git', 'spark', 'etl', 'tableau']"
165,Razorpay,Business Analyst,Bengaluru,Remote,Full-time,0,Docker|Azure|Spark|Statistics,6.41,2024-07-17,"['spark', 'azure', 'statistics', 'docker']"
166,Amazon,BI Analyst,Delhi,Remote,Full-time,7,NumPy|AWS|Pandas|Excel|Azure|Python|SQL,23.11,2023-02-08,"['numpy', 'aws', 'excel', 'sql', 'pandas', 'python', 'azure']"
167,Infosys,BI Analyst,Remote,Hybrid,Internship,2,Airflow|ETL|Power BI|Spark,7.53,2024-08-04,"['spark', 'etl', 'airflow', 'power bi']"
168,Razorpay,Data Analyst,Chennai,Onsite,Internship,5,Git|ETL|Data Warehousing|Power BI|Machine Learning|Statistics,18.34,2023-06-16,"['machine learning', 'statistics', 'git', 'power bi', 'etl', 'data warehousing']"
169,Accenture,BI Analyst,Delhi,Onsite,Contract,4,Python|Azure|Airflow|Excel|AWS,14.33,2024-10-16,"['aws', 'excel', 'airflow', 'python', 'azure']"
170,Amazon,BI Analyst,Pune,Hybrid,Full-time,8,Power BI|Airflow|Azure|SQL|Data Warehousing|ETL,22.52,2024-01-28,"['sql', 'airflow', 'power bi', 'etl', 'data warehousing', 'azure']"
171,Paytm,BI Analyst,Hyderabad,Onsite,Full-time,4,AWS|Python|Excel|Azure|Pandas|Spark,12.85,2023-11-11,"['aws', 'excel', 'spark', 'pandas', 'python', 'azure']"
172,Accenture,BI Analyst,Hyderabad,Hybrid,Contract,8,Tableau|AWS|Pandas|ETL|Data Warehousing|Airflow,23.86,2024-09-12,"['aws', 'airflow', 'pandas', 'etl', 'data warehousing', 'tableau']"
173,Swiggy,BI Analyst,Pune,Remote,Full-time,8,NumPy|Statistics|Azure|Airflow|AWS|SQL|Machine Learning,28.09,2024-07-31,"['machine learning', 'numpy', 'statistics', 'aws', 'sql', 'airflow', 'azure']"
174,Freshworks,Data Analyst,Delhi,Remote,Contract,8,NumPy|Excel|Power BI|Pandas|Machine Learning|Statistics|SQL|Tableau,27.27,2024-06-06,"['machine learning', 'numpy', 'statistics', 'excel', 'sql', 'power bi', 'tableau', 'pandas']"
175,Paytm,Data Analyst,Mumbai,Hybrid,Contract,7,Data Warehousing|Docker|Statistics|AWS|Python,22.42,2023-01-23,"['statistics', 'aws', 'data warehousing', 'python', 'docker']"
176,Infosys,Senior Data Analyst,Bengaluru,Remote,Contract,0,Power BI|SQL|NumPy|Pandas|Spark,8.8,2023-03-12,"['numpy', 'sql', 'power bi', 'spark', 'pandas']"
177,Freshworks,Data Analyst,Chennai,Hybrid,Contract,4,Pandas|Excel|Airflow|Azure|Spark|Docker|NumPy,15.11,2024-01-22,"['numpy', 'excel', 'docker', 'airflow', 'spark', 'pandas', 'azure']"
178,Swiggy,Data Analyst,Mumbai,Onsite,Full-time,8,Spark|Tableau|Power BI|Machine Learning|NumPy,28.44,2023-01-04,"['machine learning', 'numpy', 'power bi', 'spark', 'tableau']"
179,Swiggy,Senior Data Analyst,Chennai,Onsite,Internship,7,Docker|Airflow|Data Warehousing|Tableau|Git|Statistics|Pandas|Power BI,22.3,2023-02-02,"['statistics', 'git', 'airflow', 'pandas', 'power bi', 'data warehousing', 'tableau', 'docker']"
180,Paytm,BI Analyst,Pune,Remote,Full-time,0,NumPy|Power BI|SQL|AWS|Python,6.11,2023-02-19,"['numpy', 'aws', 'sql', 'power bi', 'python']"
181,Amazon,Data Scientist,Mumbai,Hybrid,Contract,0,Git|Statistics|Machine Learning|Tableau|Airflow|Python|Power BI,11.95,2024-08-12,"['machine learning', 'statistics', 'git', 'airflow', 'power bi', 'tableau', 'python']"
182,Microsoft,Analytics Engineer,Pune,Hybrid,Internship,5,AWS|Excel|Azure|Machine Learning|Tableau,18.18,2024-08-28,"['machine learning', 'aws', 'excel', 'tableau', 'azure']"
183,Zoho,Business Analyst,Delhi,Hybrid,Full-time,6,ETL|SQL|Pandas|Azure|Docker|NumPy|Machine Learning|Git,20.95,2024-01-21,"['machine learning', 'numpy', 'git', 'sql', 'docker', 'etl', 'pandas', 'azure']"
184,Infosys,Analytics Engineer,Remote,Hybrid,Internship,7,Statistics|AWS|Docker|Spark|Power BI,21.69,2024-03-02,"['statistics', 'aws', 'power bi', 'spark', 'docker']"
185,TCS,Analytics Engineer,Remote,Hybrid,Full-time,2,Statistics|Machine Learning|Tableau|Pandas|Azure|SQL|Data Warehousing,12.11,2023-07-15,"['machine learning', 'statistics', 'sql', 'pandas', 'data warehousing', 'tableau', 'azure']"
186,Amazon,Senior Data Analyst,Hyderabad,Hybrid,Contract,6,SQL|Power BI|Tableau|Airflow|Docker|AWS|Azure|Machine Learning,23.11,2023-12-07,"['machine learning', 'aws', 'sql', 'airflow', 'power bi', 'azure', 'tableau', 'docker']"
187,Amazon,Data Analyst,Mumbai,Remote,Internship,3,Tableau|ETL|Git|Data Warehousing|Spark,12.69,2023-09-03,"['git', 'spark', 'etl', 'data warehousing', 'tableau']"
188,Razorpay,Senior Data Analyst,Pune,Onsite,Contract,4,Git|Spark|Excel|Data Warehousing|Pandas|Machine Learning|Statistics,18.44,2024-04-25,"['machine learning', 'statistics', 'excel', 'git', 'spark', 'data warehousing', 'pandas']"
189,Microsoft,Business Analyst,Hyderabad,Onsite,Internship,5,Docker|SQL|AWS|Data Warehousing|Tableau|Spark,16.66,2024-08-21,"['aws', 'sql', 'spark', 'data warehousing', 'tableau', 'docker']"
190,Freshworks,Data Scientist,Remote,Onsite,Contract,6,Excel|NumPy|Pandas|Tableau|ETL|AWS,23.15,2023-12-12,"['numpy', 'aws', 'excel', 'etl', 'tableau', 'pandas']"
191,Paytm,BI Analyst,Hyderabad,Remote,Full-time,7,Pandas|Spark|Power BI|Git|ETL|Machine Learning|Statistics,27.37,2024-06-20,"['machine learning', 'statistics', 'git', 'power bi', 'spark', 'etl', 'pandas']"
192,Swiggy,Data Analyst,Hyderabad,Onsite,Internship,0,Docker|Excel|Data Warehousing|Azure,2.95,2023-08-12,"['data warehousing', 'azure', 'docker', 'excel']"
193,Zoho,BI Analyst,Mumbai,Remote,Internship,5,ETL|Data Warehousing|Python|Git,16.54,2024-06-26,"['data warehousing', 'git', 'python', 'etl']"
194,Amazon,Senior Data Analyst,Mumbai,Onsite,Contract,8,Python|Docker|Airflow|Power BI|SQL|Git,23.08,2024-06-23,"['git', 'sql', 'airflow', 'power bi', 'python', 'docker']"
195,Walmart,Senior Data Analyst,Chennai,Remote,Internship,4,Power BI|Spark|NumPy|Statistics|AWS|Tableau|ETL,16.54,2024-10-31,"['numpy', 'statistics', 'aws', 'power bi', 'spark', 'etl', 'tableau']"
196,TCS,Data Analyst,Delhi,Onsite,Internship,1,Airflow|Data Warehousing|Machine Learning|Statistics|Python|Azure|ETL,9.5,2024-03-20,"['machine learning', 'statistics', 'airflow', 'etl', 'data warehousing', 'python', 'azure']"
197,Paytm,Senior Data Analyst,Bengaluru,Onsite,Internship,1,SQL|Statistics|Tableau|Docker|Spark|AWS|ETL|Excel,9.78,2024-07-10,"['statistics', 'aws', 'excel', 'sql', 'spark', 'etl', 'tableau', 'docker']"
198,Walmart,Data Scientist,Remote,Remote,Contract,0,Azure|Python|Tableau|AWS|Power BI,9.19,2023-03-20,"['aws', 'power bi', 'tableau', 'python', 'azure']"
199,Infosys,Business Analyst,Delhi,Hybrid,Full-time,3,Airflow|Azure|NumPy|Data Warehousing|Spark|Power BI|SQL|Machine Learning,13.29,2023-08-26,"['machine learning', 'numpy', 'sql', 'airflow', 'power bi', 'spark', 'data warehousing', 'azure']"
200,Zoho,Senior Data Analyst,Chennai,Remote,Internship,6,Python|Machine Learning|Airflow|Statistics|Docker|Tableau,23.3,2024-11-27,"['machine learning', 'statistics', 'airflow', 'tableau', 'python', 'docker']"
201,Accenture,Data Scientist,Bengaluru,Hybrid,Full-time,6,AWS|Statistics|Spark|SQL,24.64,2024-10-11,"['spark', 'statistics', 'sql', 'aws']"
202,TCS,Data Scientist,Chennai,Hybrid,Contract,6,Spark|Tableau|SQL|Python|Excel|Statistics,21.9,2023-07-11,"['statistics', 'excel', 'sql', 'spark', 'tableau', 'python']"
203,Razorpay,BI Analyst,Mumbai,Remote,Full-time,8,Data Warehousing|Docker|SQL|Python|Git|Pandas|Machine Learning|Airflow,27.97,2024-01-30,"['machine learning', 'git', 'sql', 'airflow', 'data warehousing', 'pandas', 'python', 'docker']"
204,Microsoft,Senior Data Analyst,Hyderabad,Onsite,Full-time,6,Power BI|Statistics|AWS|Machine Learning|Data Warehousing|Azure|NumPy,21.4,2024-05-19,"['machine learning', 'statistics', 'numpy', 'aws', 'power bi', 'data warehousing', 'azure']"
205,Swiggy,Data Analyst,Chennai,Onsite,Internship,2,Machine Learning|Docker|Excel|Statistics|Airflow|SQL|Pandas,12.38,2024-08-31,"['machine learning', 'statistics', 'excel', 'sql', 'airflow', 'pandas', 'docker']"
206,Zoho,Business Analyst,Chennai,Remote,Contract,7,Excel|AWS|Python|NumPy,23.91,2023-12-04,"['numpy', 'python', 'aws', 'excel']"
207,Flipkart,Senior Data Analyst,Hyderabad,Hybrid,Contract,6,Excel|AWS|Pandas|ETL|Spark|Tableau|Statistics|Git,18.37,2024-10-10,"['statistics', 'aws', 'excel', 'git', 'spark', 'etl', 'tableau', 'pandas']"
208,Amazon,Analytics Engineer,Bengaluru,Remote,Full-time,3,Airflow|Machine Learning|Docker|Data Warehousing|NumPy|Pandas,18.28,2024-07-12,"['machine learning', 'numpy', 'airflow', 'data warehousing', 'pandas', 'docker']"
209,TCS,Data Scientist,Chennai,Remote,Internship,8,Git|NumPy|Statistics|Airflow,30.46,2024-02-23,"['git', 'numpy', 'statistics', 'airflow']"
210,TCS,BI Analyst,Remote,Hybrid,Contract,2,Statistics|Machine Learning|Azure|Power BI|Spark|NumPy,11.85,2024-09-04,"['machine learning', 'statistics', 'numpy', 'power bi', 'spark', 'azure']"
211,TCS,Analytics Engineer,Delhi,Onsite,Internship,6,Data Warehousing|Docker|Machine Learning|Python|Airflow|Pandas|Git|AWS,22.81,2024-11-04,"['machine learning', 'aws', 'git', 'airflow', 'data warehousing', 'pandas', 'python', 'docker']"
212,Amazon,Senior Data Analyst,Bengaluru,Hybrid,Internship,2,SQL|Airflow|ETL|Pandas|Git|NumPy|Data Warehousing|Python,11.03,2024-06-15,"['numpy', 'git', 'sql', 'airflow', 'etl', 'data warehousing', 'pandas', 'python']"
213,Infosys,Analytics Engineer,Hyderabad,Hybrid,Contract,3,Spark|Airflow|Statistics|ETL|Azure|AWS|Machine Learning,14.45,2023-10-30,"['machine learning', 'statistics', 'aws', 'airflow', 'spark', 'etl', 'azure']"
214,Freshworks,Data Analyst,Hyderabad,Remote,Contract,1,Spark|AWS|Pandas|Statistics|Airflow,7.54,2023-04-10,"['statistics', 'aws', 'airflow', 'spark', 'pandas']"
215,Paytm,Data Scientist,Bengaluru,Hybrid,Internship,7,Power BI|AWS|Python|Airflow|Spark|SQL,26.33,2023-06-18,"['aws', 'sql', 'airflow', 'power bi', 'spark', 'python']"
216,Paytm,Business Analyst,Hyderabad,Hybrid,Internship,8,Pandas|Azure|Machine Learning|NumPy|Statistics,26.05,2024-10-17,"['machine learning', 'statistics', 'numpy', 'pandas', 'azure']"
217,Swiggy,BI Analyst,Pune,Onsite,Internship,6,NumPy|Git|AWS|Data Warehousing,18.14,2023-10-13,"['data warehousing', 'git', 'numpy', 'aws']"
218,Flipkart,Data Analyst,Mumbai,Remote,Contract,1,Pandas|Spark|Data Warehousing|Tableau|Statistics|SQL|Excel|Airflow,8.29,2024-09-17,"['statistics', 'excel', 'sql', 'airflow', 'spark', 'data warehousing', 'tableau', 'pandas']"
219,Cognizant,Analytics Engineer,Remote,Hybrid,Full-time,1,Spark|Git|AWS|Power BI|Azure|Data Warehousing,6.77,2024-11-19,"['aws', 'git', 'power bi', 'spark', 'data warehousing', 'azure']"
220,Zoho,Senior Data Analyst,Hyderabad,Remote,Internship,1,AWS|Tableau|Power BI|Pandas|Spark,7.75,2023-05-22,"['aws', 'power bi', 'spark', 'tableau', 'pandas']"
221,Accenture,BI Analyst,Chennai,Onsite,Internship,6,ETL|Pandas|Machine Learning|Power BI|Statistics,21.44,2024-04-06,"['machine learning', 'statistics', 'power bi', 'etl', 'pandas']"
222,Deloitte,Data Analyst,Pune,Remote,Internship,5,ETL|Excel|Tableau|Docker,18.46,2024-02-23,"['tableau', 'etl', 'docker', 'excel']"
223,Amazon,BI Analyst,Bengaluru,Hybrid,Contract,6,ETL|Pandas|SQL|AWS|Python|Tableau|Excel,21.11,2023-06-22,"['aws', 'excel', 'sql', 'etl', 'tableau', 'pandas', 'python']"
224,Razorpay,Analytics Engineer,Remote,Onsite,Full-time,7,Data Warehousing|Tableau|AWS|SQL|Excel|Machine Learning|Pandas|Spark,25.16,2024-07-13,"['machine learning', 'aws', 'excel', 'sql', 'pandas', 'spark', 'data warehousing', 'tableau']"
225,Freshworks,BI Analyst,Remote,Onsite,Full-time,1,AWS|SQL|Statistics|Excel|Pandas,7.6,2023-05-01,"['statistics', 'aws', 'excel', 'sql', 'pandas']"
226,Deloitte,Business Analyst,Mumbai,Hybrid,Full-time,5,Docker|Pandas|AWS|Power BI|Airflow|Tableau|Spark|Python,15.84,2024-07-05,"['aws', 'airflow', 'power bi', 'spark', 'tableau', 'pandas', 'python', 'docker']"
227,Walmart,Senior Data Analyst,Bengaluru,Hybrid,Full-time,4,Machine Learning|Tableau|Power BI|Airflow|Docker|NumPy,19.47,2023-05-16,"['machine learning', 'numpy', 'airflow', 'power bi', 'tableau', 'docker']"
228,Zoho,Business Analyst,Chennai,Remote,Internship,5,Airflow|ETL|Power BI|AWS|Azure,17.63,2023-03-19,"['aws', 'airflow', 'power bi', 'etl', 'azure']"
229,Paytm,Data Analyst,Delhi,Hybrid,Full-time,6,Machine Learning|Spark|Statistics|Git|Pandas|AWS|Python|SQL,22.49,2024-01-02,"['machine learning', 'statistics', 'aws', 'git', 'sql', 'spark', 'pandas', 'python']"
230,Flipkart,Analytics Engineer,Remote,Hybrid,Internship,6,Docker|NumPy|Statistics|Excel|Pandas,19.14,2023-05-14,"['numpy', 'statistics', 'excel', 'pandas', 'docker']"
231,Infosys,BI Analyst,Remote,Hybrid,Contract,5,SQL|Tableau|Azure|Airflow,15.37,2023-06-11,"['airflow', 'tableau', 'sql', 'azure']"
232,Flipkart,BI Analyst,Bengaluru,Remote,Internship,0,NumPy|Excel|Git|Azure|ETL|Power BI|Airflow,6.75,2024-01-16,"['numpy', 'excel', 'git', 'airflow', 'power bi', 'etl', 'azure']"
233,Zoho,Data Scientist,Remote,Onsite,Full-time,2,Airflow|AWS|Spark|Git,13.47,2023-04-08,"['aws', 'spark', 'airflow', 'git']"
234,Infosys,Business Analyst,Pune,Onsite,Contract,7,Excel|Statistics|Machine Learning|Azure,25.09,2023-05-04,"['machine learning', 'statistics', 'azure', 'excel']"
235,Microsoft,Data Scientist,Chennai,Hybrid,Internship,2,Power BI|Statistics|NumPy|SQL|Spark|Docker|Airflow,11.91,2023-05-17,"['numpy', 'statistics', 'sql', 'airflow', 'power bi', 'spark', 'docker']"
236,Flipkart,Data Scientist,Hyderabad,Hybrid,Internship,2,Data Warehousing|Python|AWS|Azure,13.67,2024-10-05,"['data warehousing', 'azure', 'python', 'aws']"
237,Flipkart,Business Analyst,Chennai,Hybrid,Contract,6,Git|NumPy|SQL|Data Warehousing|Power BI|Docker|AWS|ETL,19.87,2023-09-11,"['numpy', 'aws', 'git', 'sql', 'power bi', 'etl', 'data warehousing', 'docker']"
238,Deloitte,Data Scientist,Chennai,Onsite,Internship,1,AWS|Python|Docker|Git|Azure,10.82,2023-07-13,"['aws', 'git', 'docker', 'python', 'azure']"
239,Paytm,BI Analyst,Hyderabad,Hybrid,Full-time,4,Statistics|ETL|NumPy|SQL,14.28,2024-06-24,"['numpy', 'statistics', 'sql', 'etl']"
240,Razorpay,Senior Data Analyst,Hyderabad,Hybrid,Full-time,5,Airflow|Docker|Pandas|Machine Learning|Azure,18.22,2024-08-24,"['machine learning', 'airflow', 'azure', 'pandas', 'docker']"
241,Swiggy,Data Analyst,Chennai,Remote,Contract,4,SQL|Data Warehousing|Airflow|NumPy|Machine Learning,18.5,2024-03-01,"['machine learning', 'numpy', 'sql', 'airflow', 'data warehousing']"
242,Amazon,Data Scientist,Bengaluru,Remote,Internship,6,Excel|Machine Learning|SQL|Data Warehousing,30.92,2023-06-09,"['data warehousing', 'machine learning', 'sql', 'excel']"
243,TCS,Senior Data Analyst,Bengaluru,Hybrid,Full-time,6,Power BI|AWS|Spark|NumPy|Git|Tableau|Python|Airflow,20.86,2024-09-15,"['numpy', 'aws', 'git', 'airflow', 'power bi', 'spark', 'tableau', 'python']"
244,Flipkart,Senior Data Analyst,Hyderabad,Hybrid,Full-time,2,Python|Excel|Spark|Data Warehousing,9.07,2023-09-23,"['spark', 'data warehousing', 'python', 'excel']"
245,Microsoft,Senior Data Analyst,Mumbai,Onsite,Internship,2,Tableau|Python|Pandas|Airflow|NumPy|Excel,9.64,2024-08-13,"['numpy', 'excel', 'airflow', 'pandas', 'tableau', 'python']"
246,Razorpay,Data Analyst,Hyderabad,Hybrid,Internship,7,Data Warehousing|Spark|Python|Statistics|AWS|Power BI|Pandas,20.31,2024-08-10,"['statistics', 'aws', 'power bi', 'spark', 'data warehousing', 'pandas', 'python']"
247,Freshworks,Data Scientist,Hyderabad,Onsite,Full-time,1,Data Warehousing|Python|ETL|Docker|Git,10.09,2023-06-03,"['git', 'etl', 'data warehousing', 'python', 'docker']"
248,Cognizant,Data Analyst,Remote,Onsite,Internship,8,Statistics|Azure|Tableau|NumPy|Spark|Pandas|Excel,23.62,2024-05-29,"['numpy', 'statistics', 'excel', 'pandas', 'spark', 'tableau', 'azure']"
249,Razorpay,Data Analyst,Remote,Hybrid,Full-time,2,Data Warehousing|SQL|NumPy|ETL|Statistics,10.03,2023-12-02,"['numpy', 'statistics', 'sql', 'etl', 'data warehousing']"
250,Swiggy,Analytics Engineer,Remote,Hybrid,Contract,7,Spark|NumPy|Excel|AWS,21.87,2024-04-20,"['spark', 'numpy', 'aws', 'excel']"
251,Flipkart,Analytics Engineer,Hyderabad,Remote,Contract,7,Statistics|Excel|Python|NumPy|Git,23.41,2023-01-10,"['numpy', 'statistics', 'excel', 'git', 'python']"
252,Swiggy,Data Analyst,Bengaluru,Onsite,Full-time,6,Tableau|NumPy|Machine Learning|Data Warehousing|ETL|Statistics,23.34,2023-02-14,"['machine learning', 'numpy', 'statistics', 'etl', 'data warehousing', 'tableau']"
253,TCS,Analytics Engineer,Delhi,Hybrid,Contract,6,Git|Power BI|AWS|SQL|Machine Learning|ETL,22.28,2023-03-05,"['machine learning', 'aws', 'git', 'sql', 'power bi', 'etl']"
254,Walmart,Data Scientist,Pune,Remote,Contract,2,AWS|Machine Learning|Docker|Pandas|Airflow,18.21,2023-11-22,"['machine learning', 'aws', 'airflow', 'pandas', 'docker']"
255,Accenture,Senior Data Analyst,Mumbai,Onsite,Contract,3,NumPy|Excel|Airflow|Git,10.32,2024-04-05,"['git', 'numpy', 'airflow', 'excel']"
256,Walmart,Senior Data Analyst,Pune,Hybrid,Internship,6,Spark|NumPy|Statistics|Excel,17.86,2023-06-11,"['spark', 'numpy', 'statistics', 'excel']"
257,Deloitte,Senior Data Analyst,Chennai,Hybrid,Contract,0,Azure|Excel|SQL|Spark|Tableau,2.65,2023-11-03,"['excel', 'sql', 'spark', 'tableau', 'azure']"
258,Walmart,Business Analyst,Bengaluru,Onsite,Full-time,0,Git|Statistics|SQL|ETL|Data Warehousing|Power BI|Airflow,6.84,2023-08-16,"['statistics', 'git', 'sql', 'airflow', 'power bi', 'etl', 'data warehousing']"
259,Paytm,Business Analyst,Bengaluru,Onsite,Full-time,6,Power BI|Machine Learning|Git|Docker|SQL|Python,23.83,2023-05-12,"['machine learning', 'git', 'sql', 'power bi', 'python', 'docker']"
260,Zoho,Senior Data Analyst,Pune,Remote,Internship,1,Git|SQL|Power BI|AWS,7.99,2024-01-27,"['git', 'sql', 'aws', 'power bi']"
261,Cognizant,BI Analyst,Bengaluru,Remote,Contract,2,NumPy|Pandas|Excel|Git|Statistics|Power BI,12.85,2024-10-24,"['numpy', 'statistics', 'excel', 'git', 'power bi', 'pandas']"
262,Amazon,BI Analyst,Delhi,Remote,Full-time,6,ETL|SQL|Data Warehousing|Excel|NumPy|Power BI|Airflow|Tableau,20.89,2024-07-10,"['numpy', 'excel', 'sql', 'airflow', 'power bi', 'etl', 'data warehousing', 'tableau']"
263,Infosys,BI Analyst,Chennai,Onsite,Full-time,5,ETL|Spark|Git|AWS|Machine Learning|Pandas|NumPy,18.96,2023-08-13,"['machine learning', 'numpy', 'aws', 'git', 'spark', 'etl', 'pandas']"
264,Amazon,Senior Data Analyst,Hyderabad,Remote,Full-time,0,Data Warehousing|Spark|Airflow|AWS|Tableau|Power BI|SQL,4.8,2023-02-27,"['aws', 'sql', 'airflow', 'power bi', 'spark', 'data warehousing', 'tableau']"
265,Cognizant,Analytics Engineer,Delhi,Hybrid,Internship,6,Pandas|Data Warehousing|Tableau|AWS|ETL|Spark,17.58,2023-12-27,"['tableau', 'aws', 'spark', 'etl', 'data warehousing', 'pandas']"
266,Cognizant,Analytics Engineer,Bengaluru,Onsite,Contract,2,NumPy|ETL|Machine Learning|Excel|Power BI|Statistics|Python|SQL,13.16,2024-06-23,"['machine learning', 'numpy', 'statistics', 'excel', 'sql', 'power bi', 'etl', 'python']"
267,Swiggy,Data Analyst,Hyderabad,Remote,Internship,5,NumPy|Excel|Pandas|Spark|Power BI|Git|Python|Azure,19.25,2023-04-24,"['numpy', 'excel', 'git', 'power bi', 'spark', 'pandas', 'python', 'azure']"
268,Zoho,Senior Data Analyst,Hyderabad,Remote,Internship,1,Airflow|Tableau|Pandas|Excel|Git|Power BI,8.88,2024-05-13,"['excel', 'git', 'airflow', 'pandas', 'power bi', 'tableau']"
269,Swiggy,Senior Data Analyst,Hyderabad,Onsite,Contract,2,Spark|Statistics|Azure|AWS|Power BI|NumPy|Excel|Git,7.51,2024-08-09,"['statistics', 'numpy', 'aws', 'excel', 'git', 'power bi', 'spark', 'azure']"
270,Flipkart,Analytics Engineer,Pune,Onsite,Contract,0,Azure|Statistics|Data Warehousing|AWS|SQL,4.74,2023-09-01,"['statistics', 'aws', 'sql', 'data warehousing', 'azure']"
271,Swiggy,Senior Data Analyst,Hyderabad,Onsite,Full-time,2,Azure|Git|Python|Excel,7.7,2023-09-20,"['git', 'python', 'azure', 'excel']"
272,Freshworks,Data Scientist,Hyderabad,Hybrid,Internship,0,Airflow|Git|Spark|NumPy,9.15,2023-12-26,"['spark', 'git', 'numpy', 'airflow']"
273,Microsoft,BI Analyst,Bengaluru,Hybrid,Contract,1,Statistics|Pandas|Data Warehousing|SQL|Airflow|Python|Excel,9.85,2023-03-17,"['statistics', 'excel', 'sql', 'airflow', 'data warehousing', 'pandas', 'python']"
274,Infosys,Business Analyst,Pune,Remote,Full-time,6,Power BI|Data Warehousing|Pandas|AWS|Docker,20.29,2024-10-31,"['aws', 'power bi', 'data warehousing', 'pandas', 'docker']"
275,Deloitte,Analytics Engineer,Pune,Remote,Contract,6,SQL|Tableau|Pandas|ETL|Docker,21.17,2024-07-07,"['sql', 'pandas', 'etl', 'tableau', 'docker']"
276,Accenture,Data Scientist,Remote,Hybrid,Contract,4,Statistics|Tableau|Python|NumPy|AWS|Machine Learning,19.66,2023-01-04,"['machine learning', 'numpy', 'statistics', 'aws', 'tableau', 'python']"
277,Walmart,Data Analyst,Bengaluru,Hybrid,Contract,4,ETL|NumPy|SQL|Python|Tableau|Power BI|Azure|Excel,14.85,2024-02-12,"['numpy', 'excel', 'sql', 'power bi', 'etl', 'tableau', 'python', 'azure']"
278,Freshworks,BI Analyst,Chennai,Onsite,Contract,4,Airflow|Pandas|ETL|NumPy,12.63,2024-03-26,"['numpy', 'pandas', 'etl', 'airflow']"
279,Flipkart,Senior Data Analyst,Bengaluru,Remote,Internship,3,SQL|Excel|Airflow|Spark|Azure|Data Warehousing,15.92,2024-02-28,"['excel', 'sql', 'airflow', 'spark', 'data warehousing', 'azure']"
280,Cognizant,Business Analyst,Remote,Hybrid,Contract,8,Airflow|Docker|Machine Learning|Azure,28.14,2024-05-02,"['machine learning', 'azure', 'docker', 'airflow']"
281,Accenture,Data Analyst,Pune,Onsite,Full-time,6,Data Warehousing|Excel|SQL|Airflow,20.42,2023-07-17,"['data warehousing', 'sql', 'airflow', 'excel']"
282,Microsoft,Data Analyst,Hyderabad,Remote,Full-time,6,Docker|NumPy|Data Warehousing|Azure,19.96,2023-03-10,"['data warehousing', 'numpy', 'azure', 'docker']"
283,Razorpay,BI Analyst,Mumbai,Remote,Full-time,8,Azure|Machine Learning|ETL|Statistics|Python|Spark|AWS,28.26,2024-02-29,"['machine learning', 'statistics', 'aws', 'spark', 'etl', 'python', 'azure']"
284,Microsoft,Business Analyst,Chennai,Hybrid,Internship,1,Tableau|AWS|Docker|Machine Learning,9.15,2024-05-12,"['machine learning', 'tableau', 'docker', 'aws']"
285,Paytm,Analytics Engineer,Mumbai,Remote,Contract,7,Pandas|Machine Learning|NumPy|Power BI,26.58,2023-02-09,"['machine learning', 'pandas', 'numpy', 'power bi']"
286,Walmart,Senior Data Analyst,Bengaluru,Hybrid,Contract,3,ETL|Machine Learning|Git|Pandas,17.38,2023-11-15,"['git', 'machine learning', 'pandas', 'etl']"
287,Microsoft,BI Analyst,Remote,Hybrid,Internship,1,Excel|AWS|Spark|Statistics|Airflow,7.19,2024-09-11,"['statistics', 'aws', 'excel', 'airflow', 'spark']"
288,Deloitte,Data Analyst,Remote,Onsite,Contract,3,NumPy|Docker|Spark|Statistics|Airflow|Machine Learning|Pandas,15.37,2023-03-09,"['machine learning', 'numpy', 'statistics', 'airflow', 'spark', 'pandas', 'docker']"
289,Infosys,Data Scientist,Bengaluru,Hybrid,Contract,8,Excel|Python|Power BI|Tableau|Docker|ETL|Airflow,31.25,2023-07-23,"['excel', 'airflow', 'power bi', 'etl', 'tableau', 'python', 'docker']"
290,Walmart,Senior Data Analyst,Pune,Onsite,Contract,7,Airflow|Tableau|Azure|Python|ETL|Pandas|Statistics|AWS,21.42,2024-07-18,"['statistics', 'aws', 'airflow', 'pandas', 'etl', 'tableau', 'python', 'azure']"
291,Razorpay,Senior Data Analyst,Remote,Remote,Internship,2,Power BI|AWS|Python|NumPy|Git|Data Warehousing,11.89,2023-08-15,"['numpy', 'aws', 'git', 'power bi', 'data warehousing', 'python']"
292,Accenture,Business Analyst,Bengaluru,Hybrid,Full-time,3,Docker|Python|Data Warehousing|Airflow|Git|Azure,13.94,2024-09-07,"['git', 'airflow', 'azure', 'data warehousing', 'python', 'docker']"
293,Paytm,Business Analyst,Pune,Hybrid,Contract,4,AWS|Machine Learning|NumPy|Git|Pandas|Statistics|Excel|Tableau,17.06,2024-09-30,"['machine learning', 'numpy', 'statistics', 'aws', 'excel', 'git', 'tableau', 'pandas']"
294,Microsoft,Analytics Engineer,Mumbai,Remote,Contract,1,Data Warehousing|Spark|Machine Learning|Azure,10.4,2023-04-21,"['data warehousing', 'spark', 'azure', 'machine learning']"
295,Accenture,Data Analyst,Chennai,Onsite,Full-time,5,Azure|Machine Learning|Excel|Data Warehousing|Spark|Docker,19.55,2023-09-04,"['machine learning', 'excel', 'docker', 'spark', 'data warehousing', 'azure']"
296,Zoho,Analytics Engineer,Pune,Hybrid,Internship,6,Excel|Python|Azure|Statistics|Data Warehousing|Airflow,19.71,2024-08-20,"['statistics', 'excel', 'airflow', 'data warehousing', 'python', 'azure']"
297,Walmart,Analytics Engineer,Chennai,Onsite,Full-time,3,Statistics|ETL|Git|Azure|Pandas|Machine Learning,14.97,2024-07-25,"['machine learning', 'statistics', 'git', 'etl', 'pandas', 'azure']"
298,TCS,Senior Data Analyst,Chennai,Remote,Internship,1,Excel|Machine Learning|Spark|Airflow|ETL|Power BI|Azure,10.17,2023-08-17,"['machine learning', 'excel', 'airflow', 'power bi', 'spark', 'etl', 'azure']"
299,Walmart,Senior Data Analyst,Pune,Onsite,Internship,6,Spark|Machine Learning|AWS|Excel|Statistics|SQL,22.4,2024-08-17,"['machine learning', 'statistics', 'aws', 'excel', 'sql', 'spark']"
300,Zoho,Data Analyst,Mumbai,Hybrid,Full-time,7,Data Warehousing|Tableau|Docker|Azure|NumPy,20.16,2023-06-04,"['numpy', 'docker', 'data warehousing', 'tableau', 'azure']"
301,Paytm,Business Analyst,Pune,Hybrid,Internship,5,Git|Excel|Pandas|Docker|Spark|Power BI|SQL,17.96,2023-11-17,"['excel', 'git', 'sql', 'power bi', 'spark', 'pandas', 'docker']"
302,Accenture,Data Analyst,Pune,Onsite,Contract,0,Machine Learning|NumPy|Airflow|Git|Power BI|AWS|Docker,7.34,2024-10-10,"['machine learning', 'numpy', 'aws', 'git', 'airflow', 'power bi', 'docker']"
303,Razorpay,BI Analyst,Bengaluru,Hybrid,Full-time,6,Airflow|Python|ETL|Machine Learning|Tableau|Spark|Pandas,25.0,2023-07-15,"['machine learning', 'airflow', 'pandas', 'spark', 'etl', 'tableau', 'python']"
304,Cognizant,Data Scientist,Pune,Remote,Full-time,0,Statistics|Spark|Excel|Power BI|SQL,8.92,2023-03-08,"['statistics', 'excel', 'sql', 'power bi', 'spark']"
305,Accenture,Senior Data Analyst,Chennai,Onsite,Full-time,4,Data Warehousing|Azure|NumPy|ETL|Power BI|Pandas|Statistics,15.34,2024-02-18,"['numpy', 'statistics', 'power bi', 'etl', 'data warehousing', 'pandas', 'azure']"
306,Swiggy,Business Analyst,Bengaluru,Hybrid,Contract,3,NumPy|Python|AWS|Machine Learning|Power BI,16.95,2023-02-08,"['machine learning', 'numpy', 'aws', 'power bi', 'python']"
307,Zoho,Data Scientist,Pune,Hybrid,Contract,4,SQL|Data Warehousing|Azure|ETL|Git|Python|Spark|Docker,16.87,2023-09-16,"['git', 'sql', 'docker', 'spark', 'etl', 'data warehousing', 'python', 'azure']"
308,Microsoft,Data Scientist,Delhi,Remote,Contract,2,Python|AWS|NumPy|Azure|SQL,14.87,2023-05-21,"['numpy', 'aws', 'sql', 'python', 'azure']"
309,Walmart,Data Analyst,Hyderabad,Hybrid,Contract,8,Tableau|AWS|SQL|Airflow|Git|Statistics|Data Warehousing|ETL,24.07,2023-07-26,"['statistics', 'aws', 'git', 'sql', 'airflow', 'etl', 'data warehousing', 'tableau']"
310,Amazon,Data Scientist,Pune,Hybrid,Full-time,6,Pandas|SQL|Machine Learning|Statistics|Tableau|Spark,24.51,2024-11-18,"['machine learning', 'statistics', 'sql', 'pandas', 'spark', 'tableau']"
311,Amazon,Data Analyst,Chennai,Remote,Contract,7,Power BI|Data Warehousing|Spark|Git|SQL,22.87,2023-10-31,"['git', 'sql', 'power bi', 'spark', 'data warehousing']"
312,Flipkart,BI Analyst,Chennai,Remote,Full-time,0,Pandas|SQL|Docker|Excel,5.28,2023-04-29,"['pandas', 'sql', 'docker', 'excel']"
313,TCS,Data Analyst,Chennai,Remote,Full-time,0,Pandas|Azure|Data Warehousing|Statistics|AWS,5.12,2023-12-17,"['statistics', 'aws', 'data warehousing', 'pandas', 'azure']"
314,TCS,Data Analyst,Delhi,Onsite,Full-time,6,Git|Machine Learning|Docker|NumPy|Spark|Statistics|Data Warehousing,20.9,2023-03-02,"['machine learning', 'numpy', 'statistics', 'git', 'spark', 'data warehousing', 'docker']"
315,Walmart,Data Analyst,Remote,Remote,Contract,6,ETL|Git|Power BI|AWS|NumPy|Pandas|Docker|Python,21.18,2023-05-14,"['numpy', 'aws', 'git', 'power bi', 'etl', 'pandas', 'python', 'docker']"
316,Deloitte,BI Analyst,Delhi,Remote,Internship,1,Git|SQL|ETL|Excel|Azure|Pandas|Python,8.8,2024-08-13,"['excel', 'git', 'sql', 'etl', 'pandas', 'python', 'azure']"
317,Paytm,Analytics Engineer,Pune,Hybrid,Full-time,3,Data Warehousing|Tableau|NumPy|Azure|Spark|ETL,12.03,2024-01-30,"['numpy', 'spark', 'etl', 'data warehousing', 'tableau', 'azure']"
318,TCS,Analytics Engineer,Remote,Onsite,Full-time,0,Pandas|ETL|Docker|Statistics,4.75,2023-11-25,"['pandas', 'etl', 'statistics', 'docker']"
319,Walmart,Senior Data Analyst,Pune,Hybrid,Contract,4,Data Warehousing|Statistics|Machine Learning|Azure,16.2,2024-04-15,"['data warehousing', 'machine learning', 'statistics', 'azure']"
320,Paytm,Analytics Engineer,Pune,Remote,Contract,7,ETL|Git|Pandas|SQL,21.55,2024-02-18,"['git', 'pandas', 'sql', 'etl']"
321,Paytm,Data Analyst,Mumbai,Onsite,Contract,8,Python|Power BI|Airflow|AWS|Docker|Azure|Excel|Machine Learning,27.51,2023-12-16,"['machine learning', 'aws', 'excel', 'airflow', 'power bi', 'azure', 'python', 'docker']"
322,Razorpay,Data Analyst,Bengaluru,Onsite,Contract,3,Azure|ETL|Spark|Data Warehousing|Pandas|Git|Statistics,13.98,2023-01-03,"['statistics', 'git', 'spark', 'etl', 'data warehousing', 'pandas', 'azure']"
323,Swiggy,Senior Data Analyst,Remote,Remote,Contract,4,Data Warehousing|Spark|ETL|SQL|Python|Power BI|Statistics|Git,16.16,2023-04-20,"['statistics', 'git', 'sql', 'power bi', 'spark', 'etl', 'data warehousing', 'python']"
324,Flipkart,Analytics Engineer,Hyderabad,Remote,Full-time,3,Tableau|Airflow|Data Warehousing|Statistics|ETL,11.82,2024-02-29,"['statistics', 'airflow', 'etl', 'data warehousing', 'tableau']"
325,Walmart,Data Scientist,Mumbai,Hybrid,Full-time,1,Git|Excel|Statistics|Python|Machine Learning|Spark|Docker,13.76,2024-06-04,"['machine learning', 'statistics', 'excel', 'git', 'spark', 'python', 'docker']"
326,Zoho,Data Scientist,Chennai,Remote,Internship,2,Tableau|Airflow|Azure|AWS|Docker,14.26,2024-09-15,"['aws', 'airflow', 'azure', 'tableau', 'docker']"
327,Swiggy,Business Analyst,Mumbai,Remote,Contract,4,Azure|AWS|Statistics|Airflow|Power BI|Docker|NumPy,15.54,2024-07-14,"['statistics', 'numpy', 'aws', 'docker', 'airflow', 'power bi', 'azure']"
328,Paytm,Data Scientist,Delhi,Hybrid,Full-time,8,NumPy|Data Warehousing|AWS|Spark|Excel,26.9,2024-10-27,"['numpy', 'aws', 'excel', 'spark', 'data warehousing']"
329,Zoho,Analytics Engineer,Delhi,Remote,Contract,8,Tableau|Spark|Machine Learning|Statistics|AWS|Airflow,29.02,2024-06-30,"['machine learning', 'statistics', 'aws', 'airflow', 'spark', 'tableau']"
330,Microsoft,BI Analyst,Chennai,Onsite,Full-time,0,Tableau|Python|NumPy|Power BI|ETL|Azure|Airflow|Data Warehousing,4.55,2023-05-30,"['numpy', 'airflow', 'power bi', 'etl', 'data warehousing', 'tableau', 'python', 'azure']"
331,Swiggy,Data Scientist,Mumbai,Remote,Internship,4,SQL|Spark|Docker|Statistics|Data Warehousing,19.69,2023-08-18,"['statistics', 'sql', 'spark', 'data warehousing', 'docker']"
332,Flipkart,Data Scientist,Pune,Remote,Full-time,8,Statistics|AWS|Spark|Azure|Python|NumPy|Git,30.9,2023-02-25,"['statistics', 'numpy', 'aws', 'git', 'spark', 'python', 'azure']"
333,Flipkart,Data Scientist,Delhi,Remote,Internship,4,Git|Statistics|Data Warehousing|Azure|Spark,20.27,2024-07-13,"['statistics', 'git', 'spark', 'data warehousing', 'azure']"
334,Swiggy,Analytics Engineer,Hyderabad,Onsite,Full-time,3,AWS|Git|Power BI|Azure|SQL,11.54,2024-01-22,"['aws', 'git', 'sql', 'power bi', 'azure']"
335,Infosys,BI Analyst,Delhi,Onsite,Internship,4,Machine Learning|Excel|Power BI|AWS|ETL|Python|Pandas|Statistics,15.96,2023-11-27,"['machine learning', 'statistics', 'aws', 'excel', 'power bi', 'etl', 'pandas', 'python']"
336,TCS,Data Analyst,Hyderabad,Remote,Contract,4,Spark|Power BI|Airflow|Data Warehousing|Pandas|Machine Learning|Tableau,19.36,2023-06-13,"['machine learning', 'tableau', 'airflow', 'power bi', 'spark', 'data warehousing', 'pandas']"
337,Amazon,Analytics Engineer,Chennai,Hybrid,Internship,8,Power BI|Spark|Tableau|Git|Azure|Pandas|ETL,25.35,2024-09-25,"['git', 'power bi', 'spark', 'pandas', 'etl', 'tableau', 'azure']"
338,Cognizant,BI Analyst,Delhi,Remote,Internship,8,Tableau|Spark|Statistics|Data Warehousing,24.73,2023-02-10,"['spark', 'tableau', 'statistics', 'data warehousing']"
339,Deloitte,Senior Data Analyst,Chennai,Onsite,Internship,6,Airflow|Machine Learning|ETL|Spark,22.97,2024-01-19,"['spark', 'machine learning', 'etl', 'airflow']"
340,Accenture,Analytics Engineer,Bengaluru,Onsite,Internship,7,SQL|AWS|Git|Azure|Tableau|Pandas|Machine Learning,27.91,2024-07-04,"['machine learning', 'aws', 'git', 'sql', 'pandas', 'tableau', 'azure']"
341,Swiggy,Data Analyst,Mumbai,Remote,Full-time,1,NumPy|Docker|ETL|SQL|Tableau,8.83,2024-10-24,"['numpy', 'sql', 'etl', 'tableau', 'docker']"
342,Accenture,Data Scientist,Bengaluru,Onsite,Full-time,2,Git|Azure|Python|SQL,15.88,2024-07-25,"['sql', 'git', 'python', 'azure']"
343,Zoho,Analytics Engineer,Chennai,Onsite,Full-time,3,Docker|Airflow|Statistics|Azure|NumPy|ETL,12.02,2024-07-01,"['numpy', 'statistics', 'docker', 'airflow', 'etl', 'azure']"
344,Microsoft,Data Scientist,Mumbai,Onsite,Contract,1,SQL|Power BI|Pandas|Machine Learning|Data Warehousing|Excel|Azure|Spark,14.3,2024-03-24,"['machine learning', 'excel', 'sql', 'power bi', 'spark', 'data warehousing', 'pandas', 'azure']"
345,Microsoft,BI Analyst,Delhi,Onsite,Contract,0,Pandas|Statistics|Power BI|Spark|NumPy|Machine Learning|Excel,7.53,2024-10-25,"['machine learning', 'numpy', 'statistics', 'excel', 'power bi', 'spark', 'pandas']"
346,Microsoft,Data Analyst,Mumbai,Onsite,Full-time,8,Excel|Tableau|Python|Git|AWS|Airflow|NumPy|Machine Learning,26.13,2023-12-19,"['machine learning', 'numpy', 'aws', 'excel', 'git', 'airflow', 'tableau', 'python']"
347,Accenture,BI Analyst,Hyderabad,Onsite,Full-time,8,Pandas|Data Warehousing|Tableau|AWS|Excel,24.51,2024-08-03,"['tableau', 'aws', 'excel', 'data warehousing', 'pandas']"
348,Flipkart,Analytics Engineer,Pune,Hybrid,Full-time,7,Power BI|AWS|Azure|SQL|Excel|Docker|Tableau|ETL,20.38,2024-11-02,"['aws', 'excel', 'sql', 'docker', 'power bi', 'etl', 'tableau', 'azure']"
349,Accenture,Data Analyst,Delhi,Remote,Contract,4,Power BI|NumPy|Pandas|Statistics|Docker|Git|AWS|Excel,15.7,2024-01-09,"['numpy', 'statistics', 'aws', 'excel', 'git', 'power bi', 'pandas', 'docker']"
350,Paytm,BI Analyst,Delhi,Remote,Full-time,2,Azure|Statistics|Airflow|Tableau,10.31,2024-01-04,"['airflow', 'statistics', 'tableau', 'azure']"
351,Paytm,Data Scientist,Bengaluru,Onsite,Full-time,5,Git|Data Warehousing|Pandas|Airflow|Excel|Statistics|Machine Learning,25.82,2023-10-15,"['machine learning', 'statistics', 'excel', 'git', 'airflow', 'data warehousing', 'pandas']"
352,Cognizant,Analytics Engineer,Bengaluru,Remote,Full-time,3,Power BI|Data Warehousing|Git|Python|Machine Learning|Azure,17.72,2024-08-27,"['machine learning', 'git', 'power bi', 'data warehousing', 'python', 'azure']"
353,Accenture,Data Analyst,Delhi,Hybrid,Full-time,8,ETL|Excel|Pandas|NumPy|Tableau|AWS,23.89,2024-06-06,"['numpy', 'aws', 'excel', 'pandas', 'etl', 'tableau']"
354,Accenture,BI Analyst,Hyderabad,Hybrid,Internship,5,Python|Statistics|Docker|Airflow|AWS|Azure|Power BI|Machine Learning,18.54,2024-08-02,"['machine learning', 'statistics', 'aws', 'airflow', 'power bi', 'azure', 'python', 'docker']"
355,Amazon,Business Analyst,Chennai,Hybrid,Internship,7,SQL|Statistics|Airflow|ETL|Tableau|Data Warehousing,20.13,2023-07-31,"['statistics', 'sql', 'airflow', 'etl', 'data warehousing', 'tableau']"
356,Walmart,Senior Data Analyst,Delhi,Hybrid,Internship,6,Git|SQL|Python|Azure|Pandas|ETL|Machine Learning,22.73,2024-08-15,"['machine learning', 'git', 'sql', 'etl', 'pandas', 'python', 'azure']"
357,Deloitte,Analytics Engineer,Pune,Onsite,Contract,2,Airflow|Spark|AWS|Azure|SQL|Machine Learning|Excel,11.72,2023-12-20,"['machine learning', 'aws', 'excel', 'sql', 'airflow', 'spark', 'azure']"
358,Accenture,BI Analyst,Hyderabad,Onsite,Internship,0,Excel|Git|Power BI|Tableau|SQL|Machine Learning|Azure|Data Warehousing,5.97,2024-09-08,"['machine learning', 'excel', 'git', 'sql', 'power bi', 'data warehousing', 'tableau', 'azure']"
359,Paytm,Data Analyst,Mumbai,Onsite,Full-time,3,Azure|Tableau|Statistics|Data Warehousing|Git|Airflow|ETL,12.5,2023-01-23,"['statistics', 'git', 'airflow', 'etl', 'data warehousing', 'tableau', 'azure']"
360,Accenture,Data Analyst,Hyderabad,Hybrid,Internship,2,Pandas|Excel|Azure|Machine Learning|Python|AWS|Power BI|Airflow,12.05,2024-02-20,"['machine learning', 'aws', 'excel', 'airflow', 'power bi', 'pandas', 'python', 'azure']"
361,Walmart,Analytics Engineer,Hyderabad,Onsite,Internship,0,Power BI|NumPy|Statistics|AWS|Git|Airflow,3.73,2023-05-27,"['numpy', 'statistics', 'aws', 'git', 'airflow', 'power bi']"
362,Zoho,Business Analyst,Bengaluru,Onsite,Full-time,8,Pandas|Azure|Git|Statistics|AWS|Airflow,25.66,2023-04-22,"['statistics', 'aws', 'git', 'airflow', 'pandas', 'azure']"
363,Deloitte,Business Analyst,Bengaluru,Remote,Contract,8,Docker|Excel|AWS|SQL|Power BI|Statistics|Git|Azure,28.26,2023-04-06,"['statistics', 'aws', 'excel', 'git', 'sql', 'power bi', 'azure', 'docker']"
364,Razorpay,Data Scientist,Hyderabad,Hybrid,Internship,2,Python|Docker|Machine Learning|NumPy|Pandas|Data Warehousing|Git|ETL,16.81,2023-12-25,"['machine learning', 'numpy', 'git', 'etl', 'data warehousing', 'pandas', 'python', 'docker']"
365,Zoho,Data Scientist,Mumbai,Remote,Internship,1,Excel|Machine Learning|Statistics|Airflow|Tableau|SQL|Data Warehousing,14.27,2023-01-06,"['machine learning', 'statistics', 'excel', 'sql', 'airflow', 'data warehousing', 'tableau']"
366,TCS,Data Scientist,Pune,Hybrid,Internship,0,Data Warehousing|Tableau|Machine Learning|Python|NumPy|Azure|ETL|Pandas,9.96,2024-10-29,"['machine learning', 'numpy', 'pandas', 'etl', 'data warehousing', 'tableau', 'python', 'azure']"
367,Freshworks,Senior Data Analyst,Mumbai,Remote,Internship,4,Docker|Spark|AWS|Excel|Azure|NumPy|Tableau|ETL,14.54,2024-07-26,"['numpy', 'aws', 'excel', 'docker', 'spark', 'etl', 'tableau', 'azure']"
368,Freshworks,BI Analyst,Delhi,Onsite,Full-time,4,Spark|Airflow|Data Warehousing|Power BI|Azure|SQL,14.85,2023-06-15,"['sql', 'airflow', 'power bi', 'spark', 'data warehousing', 'azure']"
369,Freshworks,Business Analyst,Remote,Onsite,Full-time,8,Azure|SQL|Power BI|NumPy|Data Warehousing|Python|ETL,25.28,2024-03-21,"['numpy', 'sql', 'power bi', 'etl', 'data warehousing', 'python', 'azure']"
370,Cognizant,Data Analyst,Pune,Hybrid,Internship,4,Spark|Power BI|AWS|Python|Data Warehousing,14.47,2023-10-21,"['aws', 'power bi', 'spark', 'data warehousing', 'python']"
371,Microsoft,Analytics Engineer,Remote,Remote,Internship,0,ETL|Git|Python|Tableau|Azure,4.58,2024-09-05,"['git', 'etl', 'tableau', 'python', 'azure']"
372,Flipkart,Analytics Engineer,Chennai,Hybrid,Internship,3,Pandas|SQL|Data Warehousing|Tableau|Azure|Python|Power BI|ETL,12.01,2024-02-20,"['tableau', 'sql', 'power bi', 'etl', 'data warehousing', 'pandas', 'python', 'azure']"
373,Cognizant,Business Analyst,Delhi,Remote,Full-time,8,Power BI|Data Warehousing|Machine Learning|Excel,28.04,2023-10-11,"['data warehousing', 'machine learning', 'excel', 'power bi']"
374,Deloitte,Analytics Engineer,Mumbai,Onsite,Internship,3,Airflow|Python|Excel|Power BI|NumPy|Machine Learning|SQL,13.88,2023-04-30,"['machine learning', 'numpy', 'excel', 'sql', 'airflow', 'power bi', 'python']"
375,Cognizant,Senior Data Analyst,Delhi,Hybrid,Full-time,8,Machine Learning|Git|NumPy|AWS|Statistics|Tableau|Pandas|Airflow,28.09,2024-05-08,"['machine learning', 'numpy', 'statistics', 'aws', 'git', 'airflow', 'pandas', 'tableau']"
376,Swiggy,Senior Data Analyst,Mumbai,Onsite,Contract,1,Statistics|Data Warehousing|Airflow|Pandas|NumPy|Docker|Machine Learning,10.5,2023-09-12,"['machine learning', 'numpy', 'statistics', 'airflow', 'data warehousing', 'pandas', 'docker']"
377,Accenture,Data Analyst,Mumbai,Hybrid,Full-time,6,Power BI|Pandas|Statistics|ETL|Docker|Tableau,20.34,2024-11-30,"['statistics', 'power bi', 'etl', 'tableau', 'pandas', 'docker']"
378,Walmart,BI Analyst,Remote,Onsite,Full-time,3,Statistics|Machine Learning|Tableau|Git|Docker,14.86,2023-06-09,"['machine learning', 'statistics', 'git', 'tableau', 'docker']"
379,Walmart,Data Analyst,Pune,Remote,Internship,1,Python|SQL|Docker|Statistics|Pandas|AWS|Airflow,7.32,2023-07-07,"['statistics', 'aws', 'sql', 'airflow', 'pandas', 'python', 'docker']"
380,Infosys,Senior Data Analyst,Pune,Remote,Internship,6,Excel|SQL|Machine Learning|Airflow|NumPy,23.51,2024-02-08,"['machine learning', 'numpy', 'excel', 'sql', 'airflow']"
381,Paytm,Business Analyst,Bengaluru,Onsite,Full-time,7,Data Warehousing|Git|Pandas|Spark,22.63,2024-08-17,"['data warehousing', 'git', 'pandas', 'spark']"
382,Accenture,Senior Data Analyst,Chennai,Hybrid,Contract,5,Machine Learning|Pandas|Data Warehousing|Excel|Tableau|Docker|Statistics|AWS,19.5,2023-08-04,"['machine learning', 'statistics', 'tableau', 'aws', 'excel', 'data warehousing', 'pandas', 'docker']"
383,Amazon,Data Scientist,Mumbai,Remote,Full-time,5,Airflow|Machine Learning|Statistics|Power BI|AWS|Docker,25.94,2023-10-04,"['machine learning', 'statistics', 'aws', 'airflow', 'power bi', 'docker']"
384,Freshworks,Analytics Engineer,Hyderabad,Hybrid,Internship,6,NumPy|Excel|Airflow|Spark|Power BI|Statistics|Python,17.9,2024-10-07,"['numpy', 'statistics', 'excel', 'airflow', 'power bi', 'spark', 'python']"
385,Accenture,Analytics Engineer,Bengaluru,Remote,Contract,5,AWS|Machine Learning|ETL|Docker|Data Warehousing|Python|NumPy,21.68,2023-09-18,"['machine learning', 'numpy', 'aws', 'etl', 'data warehousing', 'python', 'docker']"
386,Zoho,Data Scientist,Chennai,Onsite,Internship,1,Azure|Machine Learning|Pandas|Git|ETL|Airflow|Excel,12.36,2024-11-26,"['machine learning', 'excel', 'git', 'airflow', 'etl', 'pandas', 'azure']"
387,Freshworks,Business Analyst,Pune,Remote,Internship,8,AWS|Spark|Pandas|Azure|Machine Learning,29.67,2024-01-26,"['machine learning', 'aws', 'spark', 'pandas', 'azure']"
388,Walmart,Senior Data Analyst,Mumbai,Hybrid,Full-time,7,Pandas|Azure|NumPy|ETL|AWS,22.72,2023-03-23,"['numpy', 'aws', 'etl', 'pandas', 'azure']"
389,Freshworks,Senior Data Analyst,Pune,Hybrid,Internship,3,Azure|AWS|Spark|Excel|ETL|Data Warehousing,12.34,2024-01-07,"['aws', 'excel', 'spark', 'etl', 'data warehousing', 'azure']"
390,Swiggy,Analytics Engineer,Delhi,Hybrid,Full-time,8,Docker|Pandas|Power BI|Data Warehousing|Python|Git|Tableau,24.6,2023-03-23,"['tableau', 'git', 'power bi', 'data warehousing', 'pandas', 'python', 'docker']"
391,Infosys,Business Analyst,Mumbai,Onsite,Full-time,6,Tableau|Power BI|Git|Statistics,19.81,2024-06-20,"['git', 'tableau', 'statistics', 'power bi']"
392,Accenture,Data Analyst,Pune,Remote,Full-time,4,Excel|Power BI|Azure|NumPy|Data Warehousing|Tableau|Spark|Airflow,14.39,2023-06-24,"['numpy', 'excel', 'airflow', 'power bi', 'spark', 'data warehousing', 'tableau', 'azure']"
393,Swiggy,Data Analyst,Pune,Onsite,Internship,5,ETL|Git|Docker|Machine Learning|Excel|Data Warehousing,19.62,2024-08-28,"['machine learning', 'excel', 'git', 'etl', 'data warehousing', 'docker']"
394,Microsoft,BI Analyst,Chennai,Hybrid,Full-time,6,AWS|Spark|Statistics|Machine Learning|Tableau|SQL|Git|Excel,20.97,2023-01-11,"['machine learning', 'statistics', 'aws', 'excel', 'git', 'sql', 'spark', 'tableau']"
395,Microsoft,Analytics Engineer,Remote,Hybrid,Contract,2,AWS|ETL|Machine Learning|Python|Spark|Statistics,10.53,2024-03-16,"['machine learning', 'statistics', 'aws', 'spark', 'etl', 'python']"
396,Amazon,Analytics Engineer,Pune,Hybrid,Contract,3,Spark|NumPy|ETL|Machine Learning,13.49,2024-10-23,"['spark', 'machine learning', 'numpy', 'etl']"
397,Paytm,BI Analyst,Remote,Remote,Internship,3,Power BI|Docker|Azure|Tableau|Machine Learning|AWS,15.32,2024-10-26,"['machine learning', 'aws', 'docker', 'power bi', 'tableau', 'azure']"
398,Freshworks,Analytics Engineer,Pune,Remote,Contract,4,NumPy|Power BI|ETL|Git|Excel|SQL|Azure,14.82,2024-09-29,"['numpy', 'excel', 'git', 'sql', 'power bi', 'etl', 'azure']"
399,Microsoft,Business Analyst,Hyderabad,Onsite,Internship,5,Excel|SQL|Machine Learning|Python,18.81,2024-03-24,"['machine learning', 'python', 'sql', 'excel']"
400,Microsoft,Data Analyst,Chennai,Hybrid,Contract,3,Excel|Python|Statistics|Tableau,12.36,2024-05-25,"['tableau', 'statistics', 'python', 'excel']"
401,Freshworks,BI Analyst,Bengaluru,Remote,Contract,0,Power BI|Excel|Python|ETL|Airflow|NumPy,6.54,2023-09-14,"['numpy', 'excel', 'airflow', 'power bi', 'etl', 'python']"
402,Swiggy,Data Analyst,Hyderabad,Hybrid,Internship,1,Airflow|Git|Tableau|Spark|Python,7.31,2024-06-17,"['git', 'airflow', 'spark', 'tableau', 'python']"
403,Microsoft,Business Analyst,Mumbai,Onsite,Full-time,7,AWS|Azure|Power BI|ETL|Spark|Python|Machine Learning,24.44,2023-11-02,"['machine learning', 'aws', 'power bi', 'spark', 'etl', 'python', 'azure']"
404,Razorpay,Senior Data Analyst,Bengaluru,Onsite,Contract,0,Tableau|Statistics|Azure|NumPy|Pandas,5.33,2023-05-03,"['numpy', 'statistics', 'pandas', 'tableau', 'azure']"
405,Accenture,Business Analyst,Bengaluru,Onsite,Contract,0,ETL|Excel|Pandas|Airflow,6.0,2024-09-25,"['pandas', 'etl', 'airflow', 'excel']"
406,Accenture,Data Scientist,Remote,Onsite,Internship,0,Spark|Excel|Data Warehousing|Machine Learning,10.96,2023-11-21,"['spark', 'machine learning', 'data warehousing', 'excel']"
407,Freshworks,Data Scientist,Chennai,Onsite,Contract,5,NumPy|Python|Spark|Data Warehousing|Pandas|Git|Power BI,21.12,2024-07-26,"['numpy', 'git', 'power bi', 'spark', 'data warehousing', 'pandas', 'python']"
408,Walmart,Analytics Engineer,Chennai,Remote,Internship,7,Pandas|Spark|Data Warehousing|ETL|Statistics,23.16,2023-03-12,"['statistics', 'spark', 'etl', 'data warehousing', 'pandas']"
409,Swiggy,Business Analyst,Mumbai,Hybrid,Internship,7,Machine Learning|Spark|Statistics|Python|Airflow|Azure,23.56,2023-01-20,"['machine learning', 'statistics', 'airflow', 'spark', 'python', 'azure']"
410,Accenture,Senior Data Analyst,Remote,Remote,Contract,3,Power BI|Airflow|Tableau|Machine Learning|Azure|Statistics,16.34,2023-11-27,"['machine learning', 'statistics', 'airflow', 'power bi', 'tableau', 'azure']"
411,Walmart,Data Scientist,Hyderabad,Onsite,Contract,5,Tableau|Power BI|Python|Docker,19.09,2023-04-20,"['tableau', 'python', 'docker', 'power bi']"
412,Microsoft,Business Analyst,Delhi,Remote,Internship,1,Airflow|ETL|Machine Learning|AWS,9.65,2023-08-15,"['aws', 'machine learning', 'etl', 'airflow']"
413,Razorpay,Data Scientist,Bengaluru,Hybrid,Internship,1,NumPy|ETL|Git|Docker,12.92,2024-01-05,"['git', 'numpy', 'etl', 'docker']"
414,TCS,Data Scientist,Remote,Hybrid,Full-time,6,SQL|Machine Learning|ETL|Python|Spark|Data Warehousing,27.33,2024-06-15,"['machine learning', 'sql', 'spark', 'etl', 'data warehousing', 'python']"
415,Deloitte,Data Analyst,Mumbai,Remote,Internship,3,Airflow|NumPy|Tableau|Machine Learning|Azure|Git|AWS|Power BI,15.75,2023-04-19,"['machine learning', 'numpy', 'aws', 'git', 'airflow', 'power bi', 'tableau', 'azure']"
416,Paytm,Analytics Engineer,Mumbai,Hybrid,Contract,5,Docker|Tableau|Power BI|Airflow|Git|Machine Learning|NumPy,18.47,2024-09-06,"['machine learning', 'numpy', 'git', 'airflow', 'power bi', 'tableau', 'docker']"
417,Deloitte,Senior Data Analyst,Hyderabad,Remote,Internship,5,Azure|Spark|NumPy|Airflow|Data Warehousing|Git|Pandas|AWS,17.14,2024-07-17,"['numpy', 'aws', 'git', 'airflow', 'spark', 'data warehousing', 'pandas', 'azure']"
418,Accenture,Senior Data Analyst,Bengaluru,Remote,Full-time,5,Git|Airflow|Python|Spark|Data Warehousing|Excel|AWS,21.48,2023-11-06,"['aws', 'excel', 'git', 'airflow', 'spark', 'data warehousing', 'python']"
419,Deloitte,Senior Data Analyst,Remote,Hybrid,Internship,3,Azure|Python|Airflow|Docker|Spark,11.53,2024-08-07,"['docker', 'airflow', 'spark', 'python', 'azure']"
420,Cognizant,Business Analyst,Chennai,Hybrid,Contract,1,Git|Spark|Power BI|Data Warehousing,5.75,2023-09-20,"['spark', 'git', 'data warehousing', 'power bi']"
421,Swiggy,Data Analyst,Remote,Remote,Internship,6,NumPy|Power BI|Spark|Pandas|Airflow|Statistics|ETL|Git,20.73,2023-04-08,"['numpy', 'statistics', 'git', 'airflow', 'power bi', 'spark', 'etl', 'pandas']"
422,Flipkart,Data Scientist,Remote,Hybrid,Contract,4,Airflow|Power BI|Data Warehousing|Python,19.14,2024-03-20,"['data warehousing', 'python', 'airflow', 'power bi']"
423,Flipkart,Data Analyst,Mumbai,Onsite,Full-time,3,Python|Airflow|Data Warehousing|Excel|Machine Learning|Git|Pandas|ETL,14.51,2023-08-15,"['machine learning', 'excel', 'git', 'airflow', 'etl', 'data warehousing', 'pandas', 'python']"
424,TCS,Data Analyst,Hyderabad,Hybrid,Internship,6,Data Warehousing|Power BI|Tableau|NumPy|Excel|Docker|ETL,18.93,2023-02-20,"['numpy', 'excel', 'power bi', 'etl', 'data warehousing', 'tableau', 'docker']"
425,Freshworks,BI Analyst,Hyderabad,Onsite,Contract,4,Airflow|Docker|Data Warehousing|Spark,14.18,2024-05-14,"['data warehousing', 'spark', 'docker', 'airflow']"
426,Paytm,Data Scientist,Bengaluru,Onsite,Contract,3,Data Warehousing|Statistics|Tableau|SQL|Excel|NumPy|Pandas|AWS,17.24,2024-01-10,"['statistics', 'numpy', 'aws', 'excel', 'sql', 'pandas', 'data warehousing', 'tableau']"
427,Freshworks,Business Analyst,Mumbai,Onsite,Full-time,5,Python|AWS|Power BI|Pandas|ETL|Statistics,15.13,2023-08-28,"['statistics', 'aws', 'power bi', 'etl', 'pandas', 'python']"
428,Walmart,Data Scientist,Mumbai,Onsite,Full-time,5,Power BI|Tableau|Spark|Python|ETL,21.5,2023-10-22,"['power bi', 'spark', 'etl', 'tableau', 'python']"
429,Amazon,Senior Data Analyst,Mumbai,Onsite,Internship,1,Git|ETL|Python|Pandas|Tableau|Spark,6.64,2023-09-22,"['git', 'pandas', 'spark', 'etl', 'tableau', 'python']"
430,Amazon,BI Analyst,Bengaluru,Hybrid,Contract,2,Airflow|SQL|Excel|Power BI,11.87,2024-09-24,"['sql', 'power bi', 'airflow', 'excel']"
431,Flipkart,Data Analyst,Delhi,Remote,Contract,7,Power BI|Airflow|Azure|Excel,24.09,2023-01-20,"['azure', 'excel', 'airflow', 'power bi']"
432,Deloitte,Data Scientist,Remote,Remote,Internship,6,Airflow|Tableau|Git|Pandas|Statistics,23.26,2023-07-23,"['statistics', 'git', 'airflow', 'pandas', 'tableau']"
433,Freshworks,BI Analyst,Chennai,Hybrid,Full-time,8,SQL|Statistics|Git|Machine Learning,26.68,2023-06-10,"['git', 'statistics', 'sql', 'machine learning']"
434,Zoho,Senior Data Analyst,Delhi,Hybrid,Internship,5,AWS|Statistics|Machine Learning|Excel|Airflow|Python,20.67,2023-01-31,"['machine learning', 'statistics', 'aws', 'excel', 'airflow', 'python']"
435,Deloitte,Senior Data Analyst,Delhi,Hybrid,Internship,3,Azure|Airflow|Data Warehousing|Power BI|SQL,12.88,2024-09-19,"['sql', 'airflow', 'power bi', 'data warehousing', 'azure']"
436,Amazon,Data Scientist,Mumbai,Onsite,Internship,3,Statistics|Excel|NumPy|ETL|AWS|Pandas|Data Warehousing,15.96,2024-08-17,"['numpy', 'statistics', 'aws', 'excel', 'etl', 'data warehousing', 'pandas']"
437,Accenture,Data Scientist,Delhi,Remote,Internship,3,AWS|Excel|NumPy|Airflow|Power BI,16.45,2024-07-24,"['numpy', 'aws', 'excel', 'airflow', 'power bi']"
438,Zoho,Data Scientist,Chennai,Hybrid,Internship,1,Azure|Excel|Spark|Python|Airflow,9.91,2024-10-14,"['excel', 'airflow', 'spark', 'python', 'azure']"
439,Microsoft,Senior Data Analyst,Mumbai,Remote,Full-time,2,Tableau|Excel|Power BI|Python|Airflow,10.82,2024-09-19,"['excel', 'airflow', 'power bi', 'tableau', 'python']"
440,Deloitte,Analytics Engineer,Pune,Onsite,Internship,3,Python|Spark|SQL|ETL|Airflow,12.54,2024-04-25,"['sql', 'airflow', 'spark', 'etl', 'python']"
441,Infosys,Data Scientist,Hyderabad,Onsite,Contract,5,Airflow|ETL|Statistics|Power BI|Docker,20.23,2023-01-16,"['statistics', 'airflow', 'power bi', 'etl', 'docker']"
442,Flipkart,BI Analyst,Pune,Remote,Contract,3,NumPy|Power BI|ETL|Statistics|AWS,14.1,2023-09-10,"['numpy', 'statistics', 'aws', 'power bi', 'etl']"
443,Swiggy,BI Analyst,Mumbai,Remote,Full-time,0,Airflow|Azure|NumPy|AWS|Spark|Docker|Data Warehousing|Machine Learning,9.36,2024-06-17,"['machine learning', 'numpy', 'aws', 'docker', 'airflow', 'spark', 'data warehousing', 'azure']"
444,Deloitte,BI Analyst,Mumbai,Hybrid,Full-time,7,Statistics|Airflow|Spark|Python,22.3,2023-02-20,"['spark', 'statistics', 'python', 'airflow']"
445,Deloitte,Senior Data Analyst,Bengaluru,Remote,Internship,7,AWS|Data Warehousing|Statistics|Power BI|NumPy|Excel|ETL,26.21,2024-04-19,"['numpy', 'statistics', 'aws', 'excel', 'power bi', 'etl', 'data warehousing']"
446,Freshworks,BI Analyst,Pune,Hybrid,Internship,1,Tableau|Pandas|Airflow|AWS|Spark|Machine Learning|Power BI|NumPy,8.07,2024-04-09,"['machine learning', 'numpy', 'aws', 'airflow', 'pandas', 'spark', 'power bi', 'tableau']"
447,TCS,Data Scientist,Delhi,Remote,Internship,3,Power BI|Machine Learning|Pandas|Spark|Azure|Docker|Data Warehousing,18.77,2024-04-05,"['machine learning', 'docker', 'power bi', 'spark', 'data warehousing', 'pandas', 'azure']"
448,Walmart,Senior Data Analyst,Mumbai,Remote,Full-time,1,Airflow|Pandas|NumPy|Machine Learning|Git|Python|Power BI|ETL,9.95,2023-05-29,"['machine learning', 'numpy', 'git', 'airflow', 'power bi', 'etl', 'pandas', 'python']"
449,Accenture,Data Scientist,Hyderabad,Onsite,Internship,0,AWS|Data Warehousing|Spark|Airflow|Statistics|Excel|Azure,9.38,2023-01-04,"['statistics', 'aws', 'excel', 'airflow', 'spark', 'data warehousing', 'azure']"
450,Cognizant,Senior Data Analyst,Hyderabad,Onsite,Contract,0,ETL|Data Warehousing|Machine Learning|Airflow|Python|AWS|Statistics,7.48,2024-04-09,"['machine learning', 'statistics', 'aws', 'airflow', 'etl', 'data warehousing', 'python']"
451,Infosys,BI Analyst,Remote,Onsite,Internship,1,Python|Statistics|Git|Machine Learning|Excel|AWS|Azure|Docker,8.55,2023-02-26,"['machine learning', 'statistics', 'aws', 'excel', 'git', 'docker', 'python', 'azure']"
452,Accenture,Senior Data Analyst,Bengaluru,Hybrid,Internship,0,SQL|AWS|Pandas|Data Warehousing|Python,4.98,2023-10-19,"['aws', 'sql', 'data warehousing', 'pandas', 'python']"
453,Flipkart,Data Scientist,Remote,Hybrid,Full-time,8,Git|Spark|Data Warehousing|Python|SQL,27.61,2024-01-24,"['git', 'sql', 'spark', 'data warehousing', 'python']"
454,Flipkart,BI Analyst,Delhi,Hybrid,Full-time,8,AWS|ETL|Power BI|SQL,24.08,2024-06-21,"['sql', 'etl', 'aws', 'power bi']"
455,Cognizant,Data Scientist,Delhi,Remote,Contract,3,SQL|Tableau|AWS|Spark|Azure|Machine Learning|Data Warehousing|Statistics,21.3,2023-10-22,"['machine learning', 'statistics', 'aws', 'sql', 'spark', 'data warehousing', 'tableau', 'azure']"
456,Swiggy,Analytics Engineer,Pune,Remote,Full-time,5,Data Warehousing|Spark|Git|Power BI|AWS|Airflow,18.4,2024-05-19,"['aws', 'git', 'airflow', 'power bi', 'spark', 'data warehousing']"
457,Swiggy,Analytics Engineer,Remote,Onsite,Contract,3,NumPy|Python|SQL|ETL|Statistics|Azure,12.54,2024-09-22,"['numpy', 'statistics', 'sql', 'etl', 'python', 'azure']"
458,Razorpay,BI Analyst,Chennai,Hybrid,Internship,0,Spark|NumPy|Python|Azure|Tableau|Data Warehousing,2.7,2023-11-04,"['numpy', 'spark', 'data warehousing', 'tableau', 'python', 'azure']"
459,Cognizant,Analytics Engineer,Delhi,Remote,Full-time,5,Tableau|Azure|Pandas|NumPy,19.38,2023-06-29,"['numpy', 'tableau', 'azure', 'pandas']"
460,Flipkart,Senior Data Analyst,Pune,Remote,Internship,5,ETL|SQL|Azure|Power BI|Statistics|Docker|Git,17.89,2024-02-28,"['statistics', 'git', 'sql', 'docker', 'power bi', 'etl', 'azure']"
461,TCS,Data Analyst,Remote,Hybrid,Full-time,8,Azure|Python|Tableau|AWS|Data Warehousing|Pandas,25.41,2023-10-15,"['aws', 'pandas', 'data warehousing', 'tableau', 'python', 'azure']"
462,TCS,Senior Data Analyst,Chennai,Hybrid,Contract,6,Pandas|Airflow|Power BI|AWS|SQL|Excel|Data Warehousing|Python,18.99,2023-09-01,"['aws', 'excel', 'sql', 'airflow', 'power bi', 'data warehousing', 'pandas', 'python']"
463,Razorpay,BI Analyst,Remote,Onsite,Contract,4,Data Warehousing|AWS|Power BI|SQL|Pandas,13.11,2023-04-05,"['aws', 'sql', 'power bi', 'data warehousing', 'pandas']"
464,Accenture,Analytics Engineer,Chennai,Hybrid,Internship,0,Data Warehousing|Excel|Tableau|Pandas|Statistics|Spark|Machine Learning,7.81,2023-04-11,"['machine learning', 'statistics', 'excel', 'pandas', 'spark', 'data warehousing', 'tableau']"
465,Microsoft,Data Scientist,Bengaluru,Onsite,Full-time,2,SQL|Git|NumPy|Spark|Machine Learning,19.3,2024-08-31,"['machine learning', 'numpy', 'git', 'sql', 'spark']"
466,Paytm,Senior Data Analyst,Remote,Hybrid,Full-time,7,Tableau|AWS|Python|ETL,22.68,2023-11-25,"['tableau', 'python', 'etl', 'aws']"
467,TCS,Business Analyst,Hyderabad,Hybrid,Internship,4,Azure|Git|Data Warehousing|SQL|Excel|Power BI,12.55,2024-09-29,"['excel', 'git', 'sql', 'power bi', 'data warehousing', 'azure']"
468,Cognizant,Analytics Engineer,Remote,Hybrid,Contract,1,Spark|Azure|Excel|Power BI|Data Warehousing,5.73,2023-03-14,"['excel', 'power bi', 'spark', 'data warehousing', 'azure']"
469,TCS,Analytics Engineer,Pune,Onsite,Internship,5,Git|SQL|Power BI|Python|Statistics|Azure|Docker|ETL,16.28,2023-07-03,"['statistics', 'git', 'sql', 'docker', 'power bi', 'etl', 'python', 'azure']"
470,Cognizant,Analytics Engineer,Bengaluru,Hybrid,Full-time,7,Spark|AWS|Pandas|Docker|Tableau|Data Warehousing|Azure|Machine Learning,25.4,2024-04-24,"['machine learning', 'aws', 'spark', 'data warehousing', 'azure', 'tableau', 'pandas', 'docker']"
471,Swiggy,BI Analyst,Pune,Onsite,Contract,4,ETL|Statistics|Tableau|Power BI|AWS|Excel|Pandas,15.25,2023-12-05,"['statistics', 'aws', 'excel', 'power bi', 'pandas', 'etl', 'tableau']"
472,Walmart,BI Analyst,Pune,Hybrid,Internship,7,Power BI|ETL|SQL|Pandas,20.51,2023-12-23,"['pandas', 'sql', 'etl', 'power bi']"
473,Razorpay,Analytics Engineer,Delhi,Onsite,Contract,2,Tableau|Airflow|Docker|Spark|ETL|SQL|Pandas|Machine Learning,11.41,2024-04-17,"['machine learning', 'sql', 'airflow', 'pandas', 'spark', 'etl', 'tableau', 'docker']"
474,Walmart,Analytics Engineer,Chennai,Onsite,Contract,6,Statistics|Pandas|Data Warehousing|NumPy|SQL,19.58,2024-03-17,"['numpy', 'statistics', 'sql', 'data warehousing', 'pandas']"
475,Cognizant,Analytics Engineer,Bengaluru,Remote,Full-time,5,Statistics|Pandas|Azure|Git|SQL|Spark|AWS|Data Warehousing,19.89,2024-07-22,"['statistics', 'aws', 'git', 'sql', 'spark', 'data warehousing', 'pandas', 'azure']"
476,Flipkart,BI Analyst,Remote,Hybrid,Full-time,2,Airflow|Power BI|AWS|SQL|Azure|Git,8.98,2024-11-07,"['aws', 'git', 'sql', 'airflow', 'power bi', 'azure']"
477,Zoho,Data Analyst,Mumbai,Hybrid,Full-time,3,Python|Excel|Azure|Power BI|Statistics,11.85,2024-04-02,"['statistics', 'excel', 'power bi', 'python', 'azure']"
478,Deloitte,Business Analyst,Bengaluru,Remote,Contract,5,AWS|Docker|Spark|Pandas|SQL|Data Warehousing,19.71,2023-05-11,"['aws', 'sql', 'spark', 'data warehousing', 'pandas', 'docker']"
479,Swiggy,Data Analyst,Hyderabad,Hybrid,Contract,5,SQL|Python|Spark|Machine Learning|Pandas|Data Warehousing|Excel|ETL,19.77,2024-10-02,"['machine learning', 'excel', 'sql', 'spark', 'etl', 'data warehousing', 'pandas', 'python']"
480,Deloitte,Data Scientist,Hyderabad,Onsite,Contract,6,Airflow|Docker|Machine Learning|Tableau|Azure|Power BI|Statistics,25.65,2024-01-04,"['machine learning', 'statistics', 'airflow', 'power bi', 'azure', 'tableau', 'docker']"
481,Freshworks,Business Analyst,Hyderabad,Remote,Full-time,4,Excel|Python|SQL|Azure|ETL,15.97,2023-05-20,"['excel', 'sql', 'etl', 'python', 'azure']"
482,Amazon,Business Analyst,Pune,Hybrid,Full-time,6,Docker|Pandas|Statistics|Machine Learning|NumPy|Data Warehousing|Git,21.06,2024-09-11,"['machine learning', 'numpy', 'statistics', 'git', 'data warehousing', 'pandas', 'docker']"
483,Infosys,Analytics Engineer,Chennai,Onsite,Full-time,7,Data Warehousing|Machine Learning|NumPy|ETL|AWS,24.7,2024-01-13,"['machine learning', 'numpy', 'aws', 'etl', 'data warehousing']"
484,Cognizant,Analytics Engineer,Bengaluru,Remote,Internship,7,Excel|Machine Learning|Statistics|ETL,26.77,2024-04-28,"['machine learning', 'statistics', 'etl', 'excel']"
485,Cognizant,Data Scientist,Mumbai,Hybrid,Contract,1,AWS|SQL|Git|Pandas|Machine Learning|Python|Statistics|Azure,14.2,2024-03-07,"['machine learning', 'statistics', 'aws', 'git', 'sql', 'pandas', 'python', 'azure']"
486,Paytm,Senior Data Analyst,Chennai,Onsite,Internship,4,SQL|AWS|Spark|Airflow|ETL,13.92,2023-06-23,"['aws', 'sql', 'airflow', 'spark', 'etl']"
487,Cognizant,Data Analyst,Chennai,Onsite,Full-time,4,Python|AWS|Statistics|SQL|Power BI|Machine Learning|Docker|Excel,16.34,2023-09-21,"['machine learning', 'statistics', 'aws', 'excel', 'sql', 'power bi', 'python', 'docker']"
488,Razorpay,Data Scientist,Pune,Onsite,Contract,1,Pandas|Excel|Azure|Statistics|Data Warehousing|Power BI|ETL|Tableau,10.58,2023-02-03,"['statistics', 'tableau', 'excel', 'power bi', 'etl', 'data warehousing', 'pandas', 'azure']"
489,Accenture,Data Analyst,Delhi,Remote,Full-time,2,Excel|ETL|Airflow|NumPy|Git|Docker|Tableau|Statistics,9.63,2023-12-20,"['numpy', 'statistics', 'excel', 'git', 'airflow', 'etl', 'tableau', 'docker']"
490,Freshworks,Data Scientist,Pune,Hybrid,Full-time,4,SQL|Pandas|Statistics|NumPy,18.74,2024-06-29,"['numpy', 'pandas', 'sql', 'statistics']"
491,Zoho,BI Analyst,Remote,Hybrid,Internship,6,Machine Learning|Excel|Data Warehousing|Docker|NumPy|Python|ETL,22.54,2024-06-26,"['machine learning', 'numpy', 'excel', 'etl', 'data warehousing', 'python', 'docker']"
492,Microsoft,Data Analyst,Remote,Onsite,Contract,1,Spark|Docker|AWS|Azure|Excel|Pandas|Airflow|ETL,6.96,2024-02-05,"['aws', 'excel', 'docker', 'airflow', 'spark', 'etl', 'pandas', 'azure']"
493,Walmart,Data Scientist,Delhi,Onsite,Full-time,3,NumPy|Azure|ETL|Spark|Power BI|Pandas|Machine Learning|Python,17.2,2024-02-26,"['machine learning', 'numpy', 'power bi', 'spark', 'etl', 'pandas', 'python', 'azure']"
494,TCS,Analytics Engineer,Bengaluru,Remote,Internship,1,Spark|Statistics|Data Warehousing|Excel|Docker|Tableau|Python,8.67,2024-08-31,"['statistics', 'excel', 'spark', 'data warehousing', 'tableau', 'python', 'docker']"
495,Cognizant,Business Analyst,Remote,Remote,Full-time,1,Power BI|Excel|NumPy|Azure,8.91,2023-07-09,"['numpy', 'excel', 'azure', 'power bi']"
496,Swiggy,Data Scientist,Chennai,Hybrid,Contract,2,AWS|Git|Azure|SQL|ETL|Statistics,14.21,2023-11-28,"['statistics', 'aws', 'git', 'sql', 'etl', 'azure']"
497,Accenture,Business Analyst,Remote,Hybrid,Full-time,1,SQL|Airflow|NumPy|Pandas|Python|Excel,6.32,2024-05-18,"['numpy', 'excel', 'sql', 'airflow', 'pandas', 'python']"
498,Cognizant,Analytics Engineer,Pune,Onsite,Internship,6,ETL|Tableau|Power BI|Machine Learning|Airflow,22.43,2024-03-28,"['machine learning', 'airflow', 'power bi', 'etl', 'tableau']"
499,Infosys,Senior Data Analyst,Chennai,Hybrid,Internship,1,Power BI|Data Warehousing|AWS|Spark,7.69,2023-06-02,"['data warehousing', 'spark', 'aws', 'power bi']"
500,Cognizant,Data Scientist,Chennai,Hybrid,Contract,0,Airflow|Machine Learning|Power BI|Spark,9.51,2024-05-17,"['spark', 'machine learning', 'airflow', 'power bi']"
501,TCS,BI Analyst,Remote,Hybrid,Contract,6,Statistics|Python|NumPy|Spark,19.2,2024-01-03,"['spark', 'numpy', 'statistics', 'python']"
502,Paytm,Data Scientist,Remote,Hybrid,Full-time,4,SQL|Power BI|Pandas|Machine Learning|Git|Data Warehousing|Statistics,20.11,2024-07-21,"['machine learning', 'statistics', 'git', 'sql', 'power bi', 'data warehousing', 'pandas']"
503,Freshworks,BI Analyst,Bengaluru,Remote,Full-time,3,Airflow|Tableau|Azure|Spark|Pandas|Statistics,15.71,2023-05-24,"['statistics', 'airflow', 'pandas', 'spark', 'tableau', 'azure']"
504,Walmart,Business Analyst,Pune,Remote,Full-time,0,Statistics|ETL|NumPy|SQL|Airflow|Machine Learning|Azure|Excel,9.44,2023-01-17,"['machine learning', 'numpy', 'statistics', 'excel', 'sql', 'airflow', 'etl', 'azure']"
505,Freshworks,Senior Data Analyst,Delhi,Remote,Full-time,0,SQL|Airflow|Data Warehousing|Tableau|ETL|Azure,6.82,2024-07-03,"['sql', 'airflow', 'etl', 'data warehousing', 'tableau', 'azure']"
506,Cognizant,Data Scientist,Bengaluru,Hybrid,Full-time,3,SQL|Excel|Statistics|Azure,16.14,2024-10-26,"['statistics', 'sql', 'azure', 'excel']"
507,TCS,Data Analyst,Hyderabad,Remote,Full-time,2,AWS|Tableau|Statistics|Data Warehousing,11.45,2023-04-19,"['data warehousing', 'tableau', 'statistics', 'aws']"
508,Paytm,BI Analyst,Remote,Remote,Internship,3,NumPy|Docker|Pandas|Airflow,12.71,2023-05-04,"['airflow', 'numpy', 'docker', 'pandas']"
509,TCS,Analytics Engineer,Hyderabad,Hybrid,Contract,8,Azure|NumPy|Airflow|Python|AWS,22.86,2023-05-25,"['numpy', 'aws', 'airflow', 'python', 'azure']"
510,Infosys,Business Analyst,Pune,Onsite,Full-time,5,Pandas|Git|Tableau|AWS|Python|Power BI|SQL|Docker,17.64,2023-03-24,"['aws', 'git', 'sql', 'pandas', 'power bi', 'tableau', 'python', 'docker']"
511,Swiggy,Data Analyst,Remote,Hybrid,Internship,2,AWS|Docker|Spark|Airflow,7.88,2023-05-27,"['spark', 'docker', 'aws', 'airflow']"
512,Freshworks,Senior Data Analyst,Hyderabad,Remote,Internship,8,Docker|Statistics|Power BI|AWS|Spark|Python|Data Warehousing,25.84,2023-04-01,"['statistics', 'aws', 'power bi', 'spark', 'data warehousing', 'python', 'docker']"
513,Deloitte,Senior Data Analyst,Chennai,Remote,Internship,5,Python|Statistics|Tableau|SQL|Machine Learning|Docker|AWS,20.16,2024-10-03,"['machine learning', 'statistics', 'aws', 'sql', 'tableau', 'python', 'docker']"
514,Freshworks,Business Analyst,Delhi,Hybrid,Full-time,4,NumPy|Tableau|Airflow|Power BI,13.03,2024-11-17,"['tableau', 'numpy', 'airflow', 'power bi']"
515,Swiggy,Data Analyst,Bengaluru,Onsite,Full-time,5,NumPy|Docker|Excel|Pandas|AWS|Statistics,17.16,2024-07-04,"['numpy', 'statistics', 'aws', 'excel', 'pandas', 'docker']"
516,Zoho,Business Analyst,Mumbai,Hybrid,Contract,0,Data Warehousing|Tableau|SQL|ETL|Spark|Statistics|AWS,3.1,2024-11-24,"['statistics', 'aws', 'sql', 'spark', 'etl', 'data warehousing', 'tableau']"
517,TCS,Business Analyst,Pune,Onsite,Full-time,1,Statistics|Tableau|ETL|Spark|NumPy|Git,6.41,2024-05-11,"['statistics', 'numpy', 'git', 'spark', 'etl', 'tableau']"
518,Amazon,BI Analyst,Pune,Remote,Full-time,2,Git|Pandas|NumPy|ETL|Power BI,10.9,2023-10-04,"['numpy', 'git', 'power bi', 'etl', 'pandas']"
519,Freshworks,Senior Data Analyst,Remote,Hybrid,Full-time,2,SQL|Machine Learning|Power BI|Data Warehousing,11.75,2023-12-18,"['data warehousing', 'machine learning', 'sql', 'power bi']"
520,Microsoft,Senior Data Analyst,Pune,Hybrid,Internship,2,Pandas|Statistics|SQL|NumPy|Machine Learning|ETL|Tableau|AWS,10.54,2024-03-14,"['machine learning', 'numpy', 'statistics', 'aws', 'sql', 'etl', 'tableau', 'pandas']"
521,Infosys,Business Analyst,Bengaluru,Hybrid,Internship,3,Docker|Statistics|Git|AWS|Power BI|Data Warehousing,12.12,2024-04-26,"['statistics', 'aws', 'git', 'power bi', 'data warehousing', 'docker']"
522,Amazon,Analytics Engineer,Pune,Hybrid,Internship,0,Data Warehousing|Airflow|Statistics|ETL|Docker|Spark|SQL,2.75,2023-01-13,"['statistics', 'sql', 'airflow', 'spark', 'etl', 'data warehousing', 'docker']"
523,Freshworks,Data Scientist,Bengaluru,Onsite,Internship,6,Excel|Spark|Data Warehousing|Tableau|Azure,25.51,2023-06-15,"['excel', 'spark', 'data warehousing', 'tableau', 'azure']"
524,Swiggy,BI Analyst,Delhi,Hybrid,Full-time,0,Git|Excel|Docker|Spark|NumPy|Power BI|Pandas,4.4,2024-10-04,"['numpy', 'excel', 'git', 'power bi', 'spark', 'pandas', 'docker']"
525,Razorpay,BI Analyst,Mumbai,Onsite,Contract,5,SQL|AWS|NumPy|Airflow|Excel|Spark|ETL|Machine Learning,20.05,2024-09-27,"['machine learning', 'numpy', 'aws', 'excel', 'sql', 'airflow', 'spark', 'etl']"
526,Accenture,Data Scientist,Chennai,Hybrid,Internship,0,Spark|SQL|ETL|NumPy|Pandas|Statistics|AWS|Python,8.44,2023-03-10,"['numpy', 'statistics', 'aws', 'sql', 'spark', 'etl', 'pandas', 'python']"
527,Razorpay,Data Scientist,Pune,Remote,Internship,3,Azure|Statistics|Machine Learning|SQL|Data Warehousing,20.24,2023-08-03,"['machine learning', 'statistics', 'sql', 'data warehousing', 'azure']"
528,Freshworks,Business Analyst,Chennai,Hybrid,Contract,5,Machine Learning|Docker|Excel|Python|SQL|Pandas,19.5,2023-05-06,"['machine learning', 'excel', 'sql', 'pandas', 'python', 'docker']"
529,TCS,Data Scientist,Pune,Onsite,Contract,8,AWS|Git|Data Warehousing|Pandas|Airflow|Azure|SQL|Tableau,27.67,2023-07-03,"['tableau', 'aws', 'git', 'sql', 'airflow', 'data warehousing', 'pandas', 'azure']"
530,Deloitte,Data Analyst,Hyderabad,Onsite,Contract,1,Machine Learning|Tableau|Spark|Power BI|Statistics,10.86,2023-01-24,"['machine learning', 'statistics', 'power bi', 'spark', 'tableau']"
531,Microsoft,BI Analyst,Delhi,Onsite,Full-time,8,ETL|Spark|NumPy|Statistics|Data Warehousing,23.07,2023-01-23,"['numpy', 'statistics', 'spark', 'etl', 'data warehousing']"
532,Freshworks,Analytics Engineer,Remote,Remote,Full-time,5,Azure|Data Warehousing|Statistics|AWS|ETL|Spark|Machine Learning,20.87,2024-08-03,"['machine learning', 'statistics', 'aws', 'spark', 'etl', 'data warehousing', 'azure']"
533,Microsoft,Senior Data Analyst,Hyderabad,Hybrid,Internship,2,Statistics|ETL|Pandas|Excel|Airflow|Python,8.87,2023-06-20,"['statistics', 'excel', 'airflow', 'etl', 'pandas', 'python']"
534,Accenture,Business Analyst,Remote,Onsite,Contract,8,Pandas|Data Warehousing|Docker|Spark|Git|Azure,23.21,2023-02-12,"['git', 'spark', 'azure', 'data warehousing', 'pandas', 'docker']"
535,Flipkart,Analytics Engineer,Delhi,Hybrid,Internship,2,Machine Learning|Spark|Power BI|Tableau|Data Warehousing|ETL|Python,10.94,2024-04-04,"['machine learning', 'power bi', 'spark', 'etl', 'data warehousing', 'tableau', 'python']"
536,Accenture,Business Analyst,Pune,Hybrid,Internship,8,Tableau|Python|NumPy|Statistics|Airflow|Power BI,22.51,2024-07-13,"['numpy', 'statistics', 'airflow', 'power bi', 'tableau', 'python']"
537,Swiggy,Senior Data Analyst,Delhi,Onsite,Full-time,4,AWS|Excel|Airflow|Data Warehousing|Spark|Statistics|Pandas,13.94,2023-02-11,"['statistics', 'aws', 'excel', 'airflow', 'spark', 'data warehousing', 'pandas']"
538,Freshworks,Data Scientist,Remote,Onsite,Full-time,8,AWS|Python|NumPy|Data Warehousing,27.57,2023-12-01,"['data warehousing', 'numpy', 'python', 'aws']"
539,Paytm,Analytics Engineer,Mumbai,Hybrid,Internship,3,Data Warehousing|Statistics|Airflow|Git|Excel|Tableau|Python|SQL,12.01,2023-03-31,"['statistics', 'excel', 'git', 'sql', 'airflow', 'data warehousing', 'tableau', 'python']"
540,Flipkart,BI Analyst,Delhi,Hybrid,Contract,3,Azure|SQL|Git|Data Warehousing|Pandas|NumPy|Power BI,11.16,2023-01-13,"['numpy', 'git', 'sql', 'power bi', 'data warehousing', 'pandas', 'azure']"
541,Microsoft,Senior Data Analyst,Pune,Hybrid,Internship,5,Git|Power BI|Tableau|Spark|Statistics|Docker,15.49,2024-03-10,"['statistics', 'git', 'power bi', 'spark', 'tableau', 'docker']"
542,TCS,BI Analyst,Mumbai,Hybrid,Contract,2,Power BI|Excel|Tableau|ETL|Statistics|Machine Learning|Pandas|SQL,10.52,2024-10-16,"['machine learning', 'statistics', 'excel', 'sql', 'power bi', 'pandas', 'etl', 'tableau']"
543,Walmart,BI Analyst,Bengaluru,Hybrid,Internship,2,Git|Excel|Tableau|Power BI|NumPy|ETL|Machine Learning|Statistics,14.26,2024-05-20,"['machine learning', 'numpy', 'statistics', 'excel', 'git', 'power bi', 'etl', 'tableau']"
544,Freshworks,Data Scientist,Delhi,Remote,Contract,7,Python|Data Warehousing|Power BI|Excel|Docker,25.87,2024-11-12,"['excel', 'power bi', 'data warehousing', 'python', 'docker']"
545,Flipkart,BI Analyst,Mumbai,Remote,Contract,2,Statistics|Python|SQL|Airflow|Excel|Data Warehousing|Git,10.74,2024-08-02,"['statistics', 'excel', 'git', 'sql', 'airflow', 'data warehousing', 'python']"
546,Infosys,Senior Data Analyst,Hyderabad,Remote,Internship,7,Spark|Python|Docker|Excel,21.94,2024-04-17,"['spark', 'python', 'docker', 'excel']"
547,Microsoft,Business Analyst,Chennai,Onsite,Full-time,5,SQL|Machine Learning|Pandas|NumPy|Azure,18.87,2024-10-16,"['machine learning', 'numpy', 'sql', 'pandas', 'azure']"
548,Razorpay,Analytics Engineer,Remote,Remote,Full-time,3,Tableau|Pandas|Machine Learning|ETL|Docker,15.4,2024-01-07,"['machine learning', 'pandas', 'etl', 'tableau', 'docker']"
549,Zoho,Analytics Engineer,Remote,Hybrid,Full-time,5,Python|Excel|Machine Learning|ETL|Pandas,19.02,2023-06-16,"['machine learning', 'excel', 'etl', 'pandas', 'python']"
550,Swiggy,Business Analyst,Delhi,Remote,Contract,2,Statistics|NumPy|Airflow|Machine Learning|AWS|Spark|Docker|Azure,14.27,2023-04-27,"['machine learning', 'numpy', 'statistics', 'aws', 'airflow', 'spark', 'azure', 'docker']"
551,Flipkart,BI Analyst,Chennai,Remote,Internship,1,Excel|Python|Statistics|Pandas,6.92,2024-03-28,"['pandas', 'statistics', 'python', 'excel']"
552,Walmart,Analytics Engineer,Hyderabad,Onsite,Contract,5,AWS|Python|Spark|Docker|SQL,17.08,2023-08-21,"['aws', 'sql', 'spark', 'python', 'docker']"
553,Infosys,Business Analyst,Bengaluru,Onsite,Full-time,3,Power BI|Docker|Spark|Airflow|ETL,14.32,2024-03-17,"['airflow', 'power bi', 'spark', 'etl', 'docker']"
554,TCS,Business Analyst,Chennai,Onsite,Full-time,1,Data Warehousing|SQL|Statistics|ETL,5.9,2023-01-11,"['data warehousing', 'statistics', 'sql', 'etl']"
555,Flipkart,Data Analyst,Mumbai,Hybrid,Internship,3,NumPy|Pandas|Azure|ETL|Python|SQL|Power BI|Excel,10.48,2024-05-27,"['numpy', 'excel', 'sql', 'power bi', 'etl', 'pandas', 'python', 'azure']"
556,Microsoft,Analytics Engineer,Delhi,Onsite,Full-time,3,Power BI|Tableau|Docker|AWS|Airflow|Python|Machine Learning|ETL,13.52,2024-07-04,"['machine learning', 'aws', 'airflow', 'power bi', 'etl', 'tableau', 'python', 'docker']"
557,Paytm,Data Scientist,Hyderabad,Hybrid,Contract,1,Data Warehousing|ETL|Pandas|Spark|AWS,11.87,2023-07-05,"['aws', 'spark', 'etl', 'data warehousing', 'pandas']"
558,Freshworks,BI Analyst,Chennai,Onsite,Contract,6,Data Warehousing|Statistics|NumPy|SQL|Airflow,17.83,2023-05-20,"['numpy', 'statistics', 'sql', 'airflow', 'data warehousing']"
559,Microsoft,Senior Data Analyst,Mumbai,Remote,Full-time,4,SQL|Power BI|Pandas|Statistics|Data Warehousing|NumPy|Excel|Docker,16.06,2024-03-30,"['statistics', 'numpy', 'excel', 'sql', 'power bi', 'data warehousing', 'pandas', 'docker']"
560,Accenture,Analytics Engineer,Delhi,Hybrid,Contract,6,Docker|NumPy|Data Warehousing|SQL|Airflow|Statistics,17.54,2024-11-21,"['numpy', 'statistics', 'sql', 'airflow', 'data warehousing', 'docker']"
561,Accenture,Data Scientist,Bengaluru,Remote,Contract,1,Git|Power BI|SQL|ETL|NumPy|Airflow|AWS,12.69,2023-07-23,"['numpy', 'aws', 'git', 'sql', 'airflow', 'power bi', 'etl']"
562,Razorpay,Business Analyst,Chennai,Remote,Internship,6,Statistics|Docker|Spark|Data Warehousing,20.75,2023-10-07,"['spark', 'statistics', 'docker', 'data warehousing']"
563,Freshworks,BI Analyst,Bengaluru,Hybrid,Full-time,5,Airflow|ETL|Machine Learning|Excel|Power BI|Statistics|SQL,21.49,2024-10-05,"['machine learning', 'statistics', 'excel', 'sql', 'airflow', 'power bi', 'etl']"
564,Cognizant,Data Analyst,Hyderabad,Hybrid,Contract,1,Power BI|ETL|Azure|Python,7.04,2023-06-06,"['python', 'etl', 'azure', 'power bi']"
565,Paytm,Analytics Engineer,Hyderabad,Hybrid,Contract,1,Data Warehousing|ETL|Airflow|Statistics,6.49,2024-05-31,"['data warehousing', 'statistics', 'etl', 'airflow']"
566,Infosys,Analytics Engineer,Pune,Hybrid,Internship,5,Python|SQL|NumPy|ETL|Git|Statistics|Pandas|Airflow,15.1,2024-07-24,"['numpy', 'statistics', 'git', 'sql', 'airflow', 'etl', 'pandas', 'python']"
567,Freshworks,Senior Data Analyst,Mumbai,Remote,Internship,2,Docker|Excel|ETL|Spark|NumPy|Statistics|SQL,10.98,2024-07-06,"['numpy', 'statistics', 'excel', 'sql', 'spark', 'etl', 'docker']"
568,Razorpay,BI Analyst,Delhi,Hybrid,Full-time,7,Pandas|SQL|NumPy|Excel|Statistics|AWS|Git|Spark,22.93,2023-11-25,"['numpy', 'statistics', 'aws', 'excel', 'git', 'sql', 'spark', 'pandas']"
569,Flipkart,Data Analyst,Bengaluru,Remote,Contract,0,Spark|Data Warehousing|Airflow|ETL|AWS,7.14,2024-03-14,"['aws', 'airflow', 'spark', 'etl', 'data warehousing']"
570,Swiggy,Senior Data Analyst,Mumbai,Onsite,Full-time,6,SQL|Statistics|Tableau|Git|Azure|Excel,17.7,2023-11-09,"['statistics', 'excel', 'git', 'sql', 'tableau', 'azure']"
571,Cognizant,Senior Data Analyst,Remote,Hybrid,Contract,2,Azure|SQL|Statistics|Data Warehousing,9.04,2024-03-07,"['data warehousing', 'statistics', 'sql', 'azure']"
572,TCS,Data Analyst,Remote,Hybrid,Contract,7,Python|Azure|NumPy|AWS|Git|Pandas|Docker|SQL,22.07,2023-07-30,"['numpy', 'aws', 'git', 'docker', 'sql', 'pandas', 'python', 'azure']"
573,Walmart,BI Analyst,Delhi,Onsite,Contract,8,Pandas|AWS|Data Warehousing|NumPy|Tableau|Statistics,25.05,2023-08-08,"['numpy', 'statistics', 'tableau', 'aws', 'data warehousing', 'pandas']"
574,TCS,Senior Data Analyst,Remote,Remote,Full-time,0,Airflow|Statistics|AWS|Spark|SQL|Docker,5.78,2023-10-07,"['statistics', 'aws', 'sql', 'airflow', 'spark', 'docker']"
575,Zoho,Analytics Engineer,Mumbai,Hybrid,Full-time,8,Docker|NumPy|Pandas|Airflow|SQL|Azure|Excel,24.49,2023-11-17,"['numpy', 'excel', 'sql', 'airflow', 'azure', 'pandas', 'docker']"
576,Swiggy,BI Analyst,Bengaluru,Remote,Internship,6,Data Warehousing|Git|Azure|Airflow|Machine Learning|Power BI,25.55,2023-07-11,"['machine learning', 'git', 'airflow', 'power bi', 'data warehousing', 'azure']"
577,Flipkart,BI Analyst,Mumbai,Onsite,Full-time,3,Machine Learning|Docker|Git|AWS|Spark|Azure|Python,14.39,2023-09-04,"['machine learning', 'aws', 'git', 'spark', 'azure', 'python', 'docker']"
578,Microsoft,Data Scientist,Remote,Hybrid,Full-time,4,Docker|Azure|Data Warehousing|Git|SQL|ETL|Tableau,18.97,2024-10-23,"['git', 'sql', 'docker', 'etl', 'data warehousing', 'tableau', 'azure']"
579,Deloitte,Senior Data Analyst,Pune,Hybrid,Internship,3,Statistics|Tableau|Power BI|ETL|Python|Docker|Excel,12.97,2024-03-08,"['statistics', 'excel', 'power bi', 'etl', 'tableau', 'python', 'docker']"
580,Paytm,Data Analyst,Remote,Hybrid,Full-time,3,Machine Learning|Excel|Python|ETL|Airflow,14.65,2024-10-21,"['machine learning', 'excel', 'airflow', 'etl', 'python']"
581,Zoho,Data Scientist,Chennai,Onsite,Internship,7,SQL|Power BI|Pandas|AWS,26.69,2024-11-18,"['pandas', 'sql', 'aws', 'power bi']"
582,Paytm,Data Analyst,Bengaluru,Remote,Contract,6,Statistics|Tableau|AWS|Spark|Machine Learning,26.49,2024-06-21,"['machine learning', 'statistics', 'aws', 'spark', 'tableau']"
583,Razorpay,BI Analyst,Delhi,Hybrid,Contract,1,Tableau|Azure|Pandas|Docker|AWS,7.25,2023-08-30,"['aws', 'pandas', 'azure', 'tableau', 'docker']"
584,Walmart,Business Analyst,Pune,Hybrid,Internship,2,Pandas|NumPy|Excel|Statistics,9.27,2024-05-17,"['numpy', 'pandas', 'statistics', 'excel']"
585,Swiggy,Senior Data Analyst,Chennai,Hybrid,Full-time,1,Docker|ETL|Azure|Tableau|Excel|Power BI,6.1,2023-11-12,"['excel', 'docker', 'power bi', 'etl', 'tableau', 'azure']"
586,Swiggy,Data Scientist,Chennai,Remote,Internship,0,Statistics|Machine Learning|ETL|NumPy,12.09,2023-05-05,"['machine learning', 'statistics', 'etl', 'numpy']"
587,Walmart,Business Analyst,Chennai,Onsite,Internship,7,Python|Airflow|Git|Excel|Docker|SQL|Tableau,22.67,2024-03-25,"['excel', 'git', 'sql', 'airflow', 'tableau', 'python', 'docker']"
588,Swiggy,Senior Data Analyst,Pune,Hybrid,Internship,6,Machine Learning|Power BI|Docker|Airflow,21.74,2023-12-07,"['airflow', 'machine learning', 'docker', 'power bi']"
589,Swiggy,BI Analyst,Delhi,Remote,Full-time,1,Machine Learning|Power BI|Pandas|NumPy|AWS,10.48,2023-01-29,"['machine learning', 'numpy', 'aws', 'power bi', 'pandas']"
590,TCS,Data Scientist,Mumbai,Onsite,Internship,2,Excel|Python|NumPy|Tableau|Azure|Data Warehousing|Pandas,11.97,2024-06-12,"['numpy', 'excel', 'pandas', 'data warehousing', 'tableau', 'python', 'azure']"
591,Walmart,Data Scientist,Delhi,Remote,Full-time,2,Docker|Azure|Statistics|Git|Spark|Power BI|Excel|Airflow,13.98,2023-10-16,"['statistics', 'excel', 'git', 'docker', 'airflow', 'power bi', 'spark', 'azure']"
592,Deloitte,Data Analyst,Bengaluru,Onsite,Full-time,6,Pandas|Airflow|Git|NumPy|AWS|Tableau,21.44,2024-10-03,"['numpy', 'aws', 'git', 'airflow', 'tableau', 'pandas']"
593,Microsoft,Data Analyst,Pune,Remote,Full-time,7,Machine Learning|Pandas|Python|NumPy|AWS,24.95,2024-01-12,"['machine learning', 'numpy', 'aws', 'pandas', 'python']"
594,Freshworks,Analytics Engineer,Remote,Remote,Full-time,1,Data Warehousing|Docker|Airflow|Statistics,6.86,2023-07-28,"['data warehousing', 'statistics', 'airflow', 'docker']"
595,Swiggy,Senior Data Analyst,Remote,Hybrid,Full-time,4,Airflow|Excel|NumPy|Docker|Tableau|AWS|Data Warehousing,14.53,2024-03-04,"['numpy', 'aws', 'excel', 'airflow', 'data warehousing', 'tableau', 'docker']"
596,Flipkart,BI Analyst,Pune,Onsite,Contract,2,AWS|Machine Learning|Tableau|Data Warehousing,12.25,2024-10-24,"['data warehousing', 'machine learning', 'tableau', 'aws']"
597,Swiggy,Data Analyst,Delhi,Hybrid,Full-time,0,Excel|Azure|Spark|NumPy|ETL|Tableau|Docker,4.29,2023-03-16,"['numpy', 'excel', 'docker', 'spark', 'etl', 'tableau', 'azure']"
598,Razorpay,Analytics Engineer,Mumbai,Remote,Full-time,0,Azure|Statistics|ETL|Pandas,5.79,2023-02-16,"['statistics', 'etl', 'azure', 'pandas']"
599,Microsoft,Senior Data Analyst,Mumbai,Onsite,Contract,8,Airflow|AWS|NumPy|Azure|Pandas|Power BI|Machine Learning|Python,26.01,2024-05-19,"['machine learning', 'numpy', 'aws', 'airflow', 'power bi', 'pandas', 'python', 'azure']"
600,Infosys,BI Analyst,Bengaluru,Hybrid,Contract,2,Azure|Docker|Power BI|Excel,12.44,2024-05-26,"['docker', 'excel', 'azure', 'power bi']"
601,Accenture,Data Scientist,Chennai,Hybrid,Full-time,5,AWS|Machine Learning|Data Warehousing|Docker|Airflow|Excel|ETL,22.95,2024-05-18,"['machine learning', 'aws', 'excel', 'airflow', 'etl', 'data warehousing', 'docker']"
602,Freshworks,Analytics Engineer,Hyderabad,Onsite,Contract,7,NumPy|Excel|Python|Tableau,20.78,2024-04-23,"['tableau', 'numpy', 'python', 'excel']"
603,Freshworks,Data Analyst,Pune,Hybrid,Full-time,7,Git|Spark|ETL|Machine Learning,23.34,2023-06-01,"['spark', 'git', 'etl', 'machine learning']"
604,Cognizant,Senior Data Analyst,Mumbai,Hybrid,Full-time,1,AWS|Pandas|Docker|Power BI|Spark,7.67,2024-08-22,"['aws', 'power bi', 'spark', 'pandas', 'docker']"
605,Microsoft,Analytics Engineer,Chennai,Onsite,Full-time,0,Pandas|Docker|Git|SQL|Tableau|Statistics|Azure|ETL,4.54,2024-11-27,"['statistics', 'git', 'sql', 'pandas', 'azure', 'etl', 'tableau', 'docker']"
606,Microsoft,BI Analyst,Pune,Remote,Contract,5,Tableau|Azure|Power BI|Python|SQL|Statistics|ETL|Spark,18.28,2023-01-06,"['statistics', 'sql', 'power bi', 'spark', 'etl', 'tableau', 'python', 'azure']"
607,Razorpay,Data Analyst,Chennai,Hybrid,Internship,7,Excel|NumPy|Docker|Python|Airflow|Azure,20.17,2023-03-14,"['numpy', 'excel', 'airflow', 'azure', 'python', 'docker']"
608,TCS,Analytics Engineer,Remote,Hybrid,Full-time,6,Airflow|Machine Learning|Power BI|Tableau,20.56,2023-08-02,"['machine learning', 'tableau', 'airflow', 'power bi']"
609,Paytm,BI Analyst,Delhi,Hybrid,Internship,6,Excel|Tableau|Data Warehousing|Statistics|Airflow|NumPy,19.31,2024-01-03,"['statistics', 'numpy', 'excel', 'airflow', 'data warehousing', 'tableau']"
610,Razorpay,Data Analyst,Pune,Onsite,Internship,5,NumPy|ETL|Statistics|Data Warehousing|Git|Excel|AWS|Azure,16.27,2024-01-13,"['numpy', 'statistics', 'aws', 'excel', 'git', 'etl', 'data warehousing', 'azure']"
611,Swiggy,Business Analyst,Delhi,Remote,Internship,6,Power BI|SQL|Machine Learning|Pandas|Statistics|Azure|Tableau,22.47,2024-05-22,"['machine learning', 'statistics', 'sql', 'power bi', 'tableau', 'pandas', 'azure']"
612,Microsoft,Data Scientist,Remote,Hybrid,Internship,8,AWS|Git|NumPy|SQL,26.95,2023-05-11,"['git', 'numpy', 'sql', 'aws']"
613,Zoho,Senior Data Analyst,Bengaluru,Remote,Internship,3,Docker|AWS|ETL|Python|Machine Learning|SQL|Data Warehousing|Airflow,17.74,2024-04-20,"['machine learning', 'aws', 'sql', 'airflow', 'etl', 'data warehousing', 'python', 'docker']"
614,Freshworks,Data Scientist,Delhi,Remote,Contract,4,Machine Learning|Power BI|Airflow|Data Warehousing|Python|SQL,21.54,2023-07-06,"['machine learning', 'sql', 'airflow', 'power bi', 'data warehousing', 'python']"
615,Flipkart,Data Analyst,Mumbai,Hybrid,Full-time,1,AWS|Azure|Data Warehousing|Spark|Statistics|ETL|Airflow,7.9,2023-07-11,"['statistics', 'aws', 'airflow', 'spark', 'etl', 'data warehousing', 'azure']"
616,Paytm,Business Analyst,Bengaluru,Onsite,Internship,1,Machine Learning|Tableau|NumPy|Data Warehousing|Python|Airflow|Git|SQL,11.43,2024-02-19,"['machine learning', 'numpy', 'git', 'sql', 'airflow', 'data warehousing', 'tableau', 'python']"
617,Amazon,Data Scientist,Hyderabad,Onsite,Internship,7,Spark|Airflow|ETL|Excel|SQL|Power BI,24.34,2023-01-17,"['excel', 'sql', 'airflow', 'power bi', 'spark', 'etl']"
618,Walmart,Business Analyst,Remote,Remote,Full-time,0,ETL|Excel|Azure|Tableau|NumPy,6.37,2023-07-15,"['numpy', 'excel', 'etl', 'tableau', 'azure']"
619,Swiggy,Senior Data Analyst,Hyderabad,Remote,Contract,7,ETL|Docker|Python|SQL|Power BI,22.84,2024-05-11,"['sql', 'power bi', 'etl', 'python', 'docker']"
620,Walmart,Data Analyst,Bengaluru,Remote,Contract,7,Statistics|NumPy|Excel|AWS|ETL|Python|Pandas|Spark,25.64,2024-03-01,"['numpy', 'statistics', 'aws', 'excel', 'spark', 'etl', 'pandas', 'python']"
621,Paytm,Data Scientist,Delhi,Remote,Full-time,8,SQL|ETL|NumPy|Statistics|Machine Learning|AWS,33.72,2024-05-14,"['machine learning', 'numpy', 'statistics', 'aws', 'sql', 'etl']"
622,Freshworks,Data Scientist,Pune,Onsite,Contract,0,Python|Docker|AWS|Pandas|Machine Learning|SQL|Excel|NumPy,11.37,2024-10-23,"['machine learning', 'numpy', 'aws', 'excel', 'sql', 'pandas', 'python', 'docker']"
623,Freshworks,BI Analyst,Pune,Hybrid,Internship,6,Pandas|AWS|Spark|Tableau,18.2,2023-08-13,"['spark', 'pandas', 'tableau', 'aws']"
624,Paytm,Data Scientist,Remote,Remote,Full-time,5,Git|Excel|Data Warehousing|ETL|Spark|Airflow|NumPy|Azure,22.7,2024-04-28,"['numpy', 'excel', 'git', 'airflow', 'spark', 'etl', 'data warehousing', 'azure']"
625,TCS,Analytics Engineer,Mumbai,Hybrid,Contract,3,Power BI|ETL|Data Warehousing|Git|Tableau|Docker,12.38,2024-05-20,"['git', 'power bi', 'etl', 'data warehousing', 'tableau', 'docker']"
626,Infosys,Business Analyst,Remote,Remote,Contract,3,SQL|Python|Pandas|Excel|Git|Azure|Power BI|Spark,13.92,2023-12-12,"['excel', 'git', 'sql', 'power bi', 'spark', 'pandas', 'python', 'azure']"
627,Razorpay,Data Analyst,Remote,Hybrid,Contract,3,Statistics|ETL|Excel|Pandas,10.14,2024-07-24,"['pandas', 'statistics', 'etl', 'excel']"
628,Cognizant,Business Analyst,Remote,Remote,Internship,8,Tableau|SQL|Git|Statistics|Airflow|Docker|ETL|Azure,26.35,2023-04-15,"['statistics', 'git', 'sql', 'airflow', 'azure', 'etl', 'tableau', 'docker']"
629,Swiggy,Data Analyst,Chennai,Onsite,Internship,8,Pandas|Tableau|Docker|ETL,23.38,2024-03-28,"['tableau', 'pandas', 'etl', 'docker']"
630,Freshworks,BI Analyst,Remote,Onsite,Full-time,1,Spark|Azure|Docker|Power BI|SQL,7.91,2023-01-07,"['sql', 'power bi', 'spark', 'azure', 'docker']"
631,Flipkart,BI Analyst,Remote,Hybrid,Full-time,5,Data Warehousing|Pandas|SQL|Excel|ETL|Spark,16.89,2023-09-09,"['excel', 'sql', 'spark', 'etl', 'data warehousing', 'pandas']"
632,Razorpay,Analytics Engineer,Remote,Remote,Contract,6,Excel|Docker|NumPy|Git|Statistics,21.05,2023-01-31,"['numpy', 'statistics', 'excel', 'git', 'docker']"
633,Paytm,Business Analyst,Pune,Onsite,Internship,0,Power BI|Data Warehousing|Pandas|Git|NumPy|ETL|Airflow|Python,5.27,2023-06-04,"['numpy', 'git', 'airflow', 'power bi', 'etl', 'data warehousing', 'pandas', 'python']"
634,Swiggy,Data Analyst,Remote,Hybrid,Full-time,8,Docker|Airflow|Git|Azure|Spark|Machine Learning,27.73,2023-12-19,"['machine learning', 'git', 'docker', 'airflow', 'spark', 'azure']"
635,Swiggy,Senior Data Analyst,Delhi,Hybrid,Contract,8,Excel|Airflow|Statistics|Azure|Tableau|Machine Learning|AWS|Docker,26.54,2024-10-26,"['machine learning', 'statistics', 'aws', 'excel', 'docker', 'airflow', 'tableau', 'azure']"
636,Accenture,Business Analyst,Delhi,Remote,Contract,4,SQL|Azure|NumPy|Spark,15.56,2024-07-07,"['spark', 'numpy', 'sql', 'azure']"
637,Amazon,Business Analyst,Mumbai,Hybrid,Internship,1,AWS|Azure|Airflow|ETL|Power BI|Python|Spark|Machine Learning,10.5,2023-11-08,"['machine learning', 'aws', 'airflow', 'power bi', 'spark', 'etl', 'python', 'azure']"
638,TCS,BI Analyst,Mumbai,Hybrid,Full-time,8,SQL|Spark|Excel|Azure,22.64,2024-10-28,"['spark', 'sql', 'azure', 'excel']"
639,Paytm,BI Analyst,Delhi,Remote,Full-time,4,Python|Git|Pandas|Tableau|Airflow|Spark|AWS|Azure,15.6,2024-09-01,"['aws', 'git', 'airflow', 'pandas', 'spark', 'tableau', 'python', 'azure']"
640,Cognizant,Senior Data Analyst,Chennai,Remote,Contract,4,Excel|Airflow|Machine Learning|Spark|Tableau|SQL,17.58,2024-01-05,"['machine learning', 'excel', 'sql', 'airflow', 'spark', 'tableau']"
641,TCS,Data Analyst,Hyderabad,Hybrid,Contract,2,Docker|Power BI|SQL|Python|NumPy|ETL|Statistics,8.61,2024-06-22,"['numpy', 'statistics', 'sql', 'power bi', 'etl', 'python', 'docker']"
642,Walmart,Analytics Engineer,Delhi,Hybrid,Full-time,8,Airflow|Machine Learning|AWS|Statistics|Azure|NumPy|Docker|Data Warehousing,25.99,2024-06-01,"['machine learning', 'statistics', 'numpy', 'aws', 'docker', 'airflow', 'data warehousing', 'azure']"
643,Swiggy,BI Analyst,Pune,Onsite,Contract,7,Data Warehousing|Tableau|Spark|ETL|Statistics,20.47,2024-07-26,"['statistics', 'spark', 'etl', 'data warehousing', 'tableau']"
644,Accenture,Data Analyst,Bengaluru,Remote,Contract,6,Tableau|Spark|AWS|Excel,21.35,2023-11-09,"['spark', 'tableau', 'aws', 'excel']"
645,Amazon,Senior Data Analyst,Chennai,Hybrid,Full-time,4,Python|Excel|Power BI|Airflow|AWS|NumPy|Data Warehousing,13.05,2024-05-15,"['numpy', 'aws', 'excel', 'airflow', 'power bi', 'data warehousing', 'python']"
646,Flipkart,Data Analyst,Mumbai,Hybrid,Internship,8,Power BI|SQL|NumPy|Statistics|AWS|Excel,24.84,2024-05-01,"['numpy', 'statistics', 'aws', 'excel', 'sql', 'power bi']"
647,Walmart,Analytics Engineer,Pune,Onsite,Internship,2,Data Warehousing|Git|Airflow|Statistics|Azure,9.68,2023-04-02,"['statistics', 'git', 'airflow', 'data warehousing', 'azure']"
648,Paytm,Data Scientist,Delhi,Hybrid,Internship,6,Statistics|Airflow|Pandas|Machine Learning|Python|Azure|Data Warehousing,24.77,2023-06-19,"['machine learning', 'statistics', 'airflow', 'data warehousing', 'pandas', 'python', 'azure']"
649,Razorpay,Data Analyst,Mumbai,Onsite,Full-time,4,Tableau|Power BI|Data Warehousing|AWS|Machine Learning|Docker|Python|Spark,16.93,2023-01-20,"['machine learning', 'aws', 'power bi', 'spark', 'data warehousing', 'tableau', 'python', 'docker']"
650,Walmart,Data Scientist,Remote,Remote,Full-time,8,Python|Machine Learning|Airflow|Tableau|Docker,33.66,2024-03-30,"['machine learning', 'airflow', 'tableau', 'python', 'docker']"
651,Walmart,Analytics Engineer,Pune,Onsite,Contract,5,SQL|ETL|Docker|Python|Pandas|NumPy|Power BI,16.58,2024-01-27,"['numpy', 'sql', 'power bi', 'etl', 'pandas', 'python', 'docker']"
652,Accenture,Data Analyst,Chennai,Onsite,Internship,1,Pandas|AWS|Power BI|Git,5.92,2024-02-22,"['git', 'pandas', 'aws', 'power bi']"
653,Zoho,Business Analyst,Chennai,Onsite,Contract,0,Azure|Pandas|Python|Spark|Git|Excel|NumPy|SQL,5.18,2023-09-22,"['numpy', 'excel', 'git', 'sql', 'spark', 'pandas', 'python', 'azure']"
654,TCS,Data Analyst,Mumbai,Hybrid,Contract,0,Statistics|Data Warehousing|ETL|Machine Learning|Airflow,6.31,2023-11-22,"['machine learning', 'statistics', 'airflow', 'etl', 'data warehousing']"
655,Microsoft,Analytics Engineer,Hyderabad,Onsite,Internship,6,ETL|Python|NumPy|Azure,19.16,2024-08-23,"['numpy', 'python', 'etl', 'azure']"
656,Flipkart,Data Analyst,Hyderabad,Onsite,Full-time,3,Excel|AWS|ETL|NumPy|Statistics|SQL|Azure|Machine Learning,14.62,2023-06-22,"['machine learning', 'numpy', 'statistics', 'aws', 'excel', 'sql', 'etl', 'azure']"
657,Freshworks,Analytics Engineer,Bengaluru,Onsite,Internship,6,Git|SQL|Python|Docker|Statistics|AWS|Excel|Power BI,20.32,2023-09-14,"['statistics', 'aws', 'excel', 'git', 'sql', 'power bi', 'python', 'docker']"
658,TCS,BI Analyst,Mumbai,Remote,Internship,5,Data Warehousing|AWS|Python|Power BI|Spark,17.4,2024-02-09,"['aws', 'power bi', 'spark', 'data warehousing', 'python']"
659,Razorpay,Data Analyst,Delhi,Hybrid,Full-time,2,Machine Learning|Docker|Tableau|AWS|Data Warehousing|Pandas|Azure|Spark,12.62,2023-10-07,"['machine learning', 'aws', 'pandas', 'spark', 'azure', 'data warehousing', 'tableau', 'docker']"
660,Infosys,Data Scientist,Hyderabad,Remote,Full-time,5,NumPy|Git|AWS|Pandas|Python|Spark,22.33,2023-01-05,"['numpy', 'aws', 'git', 'spark', 'pandas', 'python']"
661,Infosys,Data Scientist,Bengaluru,Remote,Contract,2,ETL|Airflow|Machine Learning|SQL|Data Warehousing|Azure|Spark,20.68,2024-11-18,"['machine learning', 'sql', 'airflow', 'spark', 'etl', 'data warehousing', 'azure']"
662,Freshworks,Data Scientist,Bengaluru,Onsite,Contract,1,Airflow|Spark|NumPy|Power BI|Data Warehousing|ETL,12.11,2023-07-17,"['numpy', 'airflow', 'power bi', 'spark', 'etl', 'data warehousing']"
663,Paytm,Data Analyst,Remote,Remote,Full-time,3,Machine Learning|Spark|Tableau|SQL,15.41,2023-08-15,"['spark', 'machine learning', 'tableau', 'sql']"
664,Amazon,BI Analyst,Delhi,Remote,Contract,5,Machine Learning|ETL|Git|Spark,19.52,2024-10-15,"['git', 'machine learning', 'etl', 'spark']"
665,TCS,Data Analyst,Mumbai,Onsite,Full-time,4,Data Warehousing|ETL|Power BI|Machine Learning|Tableau|Azure|AWS|Spark,17.26,2023-03-08,"['machine learning', 'aws', 'power bi', 'spark', 'etl', 'data warehousing', 'tableau', 'azure']"
666,Paytm,Senior Data Analyst,Mumbai,Hybrid,Full-time,3,Machine Learning|NumPy|Docker|Azure|Python|Spark|Git|Data Warehousing,14.68,2024-04-09,"['machine learning', 'numpy', 'git', 'docker', 'spark', 'data warehousing', 'python', 'azure']"
667,Flipkart,BI Analyst,Pune,Hybrid,Internship,0,Docker|Data Warehousing|Excel|SQL|Azure|Machine Learning,7.05,2023-02-14,"['machine learning', 'excel', 'sql', 'docker', 'data warehousing', 'azure']"
668,Cognizant,Business Analyst,Chennai,Onsite,Internship,0,Docker|Git|Pandas|Python|NumPy|Tableau,4.92,2023-08-20,"['numpy', 'git', 'tableau', 'pandas', 'python', 'docker']"
669,TCS,BI Analyst,Delhi,Remote,Full-time,1,NumPy|Pandas|ETL|Excel|SQL,6.58,2024-03-18,"['numpy', 'excel', 'sql', 'etl', 'pandas']"
670,Deloitte,Analytics Engineer,Remote,Hybrid,Internship,5,Statistics|Tableau|Data Warehousing|ETL|Pandas|Python,17.38,2023-03-16,"['statistics', 'pandas', 'etl', 'data warehousing', 'tableau', 'python']"
671,Flipkart,Analytics Engineer,Bengaluru,Hybrid,Full-time,7,Git|Tableau|SQL|Python,24.67,2023-03-08,"['git', 'tableau', 'sql', 'python']"
672,Deloitte,Data Analyst,Delhi,Onsite,Contract,7,AWS|Docker|SQL|Git,20.16,2024-01-26,"['sql', 'git', 'docker', 'aws']"
673,Cognizant,Data Analyst,Pune,Remote,Internship,6,Python|Git|NumPy|Statistics|Airflow,19.3,2024-10-28,"['numpy', 'statistics', 'git', 'airflow', 'python']"
674,Cognizant,Data Analyst,Remote,Onsite,Contract,7,Azure|NumPy|SQL|Git|Python|AWS|Docker|Spark,20.38,2024-06-05,"['numpy', 'aws', 'git', 'sql', 'docker', 'spark', 'python', 'azure']"
675,Cognizant,Senior Data Analyst,Hyderabad,Hybrid,Contract,6,Git|Pandas|Tableau|Power BI|Airflow|Python|Spark,18.81,2024-10-29,"['git', 'airflow', 'pandas', 'power bi', 'spark', 'tableau', 'python']"
676,Infosys,Senior Data Analyst,Chennai,Hybrid,Internship,8,Excel|ETL|Data Warehousing|AWS|Pandas,24.05,2024-11-04,"['aws', 'excel', 'etl', 'data warehousing', 'pandas']"
677,Amazon,Business Analyst,Hyderabad,Remote,Full-time,0,Data Warehousing|SQL|NumPy|Pandas|Tableau,6.36,2023-12-16,"['numpy', 'sql', 'pandas', 'data warehousing', 'tableau']"
678,Razorpay,Data Scientist,Bengaluru,Hybrid,Full-time,7,Azure|Data Warehousing|AWS|Excel|NumPy|Pandas|Power BI,28.73,2024-05-22,"['numpy', 'aws', 'excel', 'power bi', 'data warehousing', 'pandas', 'azure']"
679,Razorpay,Data Analyst,Remote,Hybrid,Contract,3,Git|NumPy|Tableau|Statistics|Spark,12.22,2023-07-30,"['numpy', 'statistics', 'git', 'spark', 'tableau']"
680,Freshworks,Business Analyst,Hyderabad,Hybrid,Contract,0,Python|Power BI|Pandas|Data Warehousing|Machine Learning|SQL,6.08,2024-08-22,"['machine learning', 'sql', 'power bi', 'data warehousing', 'pandas', 'python']"
681,Flipkart,Data Analyst,Delhi,Onsite,Full-time,0,NumPy|AWS|Power BI|Tableau|Excel,5.04,2023-09-09,"['numpy', 'aws', 'excel', 'power bi', 'tableau']"
682,Paytm,Business Analyst,Hyderabad,Hybrid,Contract,0,Machine Learning|Tableau|Python|Docker|Azure,7.86,2023-04-24,"['machine learning', 'docker', 'tableau', 'python', 'azure']"
683,Zoho,Business Analyst,Remote,Remote,Full-time,4,Statistics|Spark|Airflow|Pandas|Azure|Power BI|Machine Learning,19.64,2023-03-08,"['machine learning', 'statistics', 'airflow', 'power bi', 'spark', 'pandas', 'azure']"
684,Paytm,Business Analyst,Mumbai,Hybrid,Internship,2,NumPy|Airflow|Spark|Pandas|Docker,8.23,2023-02-17,"['numpy', 'airflow', 'spark', 'pandas', 'docker']"
685,Cognizant,Analytics Engineer,Remote,Remote,Internship,3,AWS|Excel|Pandas|Tableau|Python|Azure|ETL|Power BI,14.16,2023-08-03,"['aws', 'excel', 'pandas', 'power bi', 'etl', 'tableau', 'python', 'azure']"
686,Freshworks,Data Analyst,Pune,Remote,Internship,7,Power BI|Pandas|Machine Learning|NumPy|Airflow|Azure|Git|ETL,25.04,2024-01-18,"['machine learning', 'numpy', 'git', 'airflow', 'power bi', 'etl', 'pandas', 'azure']"
687,Amazon,Data Scientist,Bengaluru,Onsite,Full-time,7,ETL|Machine Learning|AWS|NumPy|Azure|Git|Airflow,31.68,2024-04-07,"['machine learning', 'numpy', 'aws', 'git', 'airflow', 'etl', 'azure']"
688,Accenture,BI Analyst,Mumbai,Onsite,Contract,3,Docker|Airflow|AWS|Power BI|Pandas|Excel,12.25,2023-10-30,"['aws', 'excel', 'airflow', 'power bi', 'pandas', 'docker']"
689,Freshworks,Analytics Engineer,Pune,Hybrid,Contract,5,SQL|Git|Machine Learning|AWS|Pandas,19.3,2024-01-12,"['machine learning', 'aws', 'git', 'sql', 'pandas']"
690,Microsoft,Senior Data Analyst,Chennai,Onsite,Internship,4,Python|Pandas|Statistics|Tableau|Excel|Azure|SQL,15.03,2024-06-09,"['statistics', 'excel', 'sql', 'pandas', 'tableau', 'python', 'azure']"
691,Flipkart,Data Scientist,Mumbai,Onsite,Contract,1,Statistics|Tableau|SQL|Git|Pandas|Python,9.59,2023-12-04,"['statistics', 'git', 'sql', 'pandas', 'tableau', 'python']"
692,Razorpay,Senior Data Analyst,Chennai,Hybrid,Internship,4,Excel|Machine Learning|Python|Airflow|Data Warehousing,18.49,2024-02-20,"['machine learning', 'excel', 'airflow', 'data warehousing', 'python']"
693,Deloitte,Data Scientist,Pune,Onsite,Contract,0,Data Warehousing|Excel|Docker|NumPy|Tableau|Airflow|Spark,8.26,2024-07-19,"['numpy', 'excel', 'airflow', 'spark', 'data warehousing', 'tableau', 'docker']"
694,Freshworks,Data Scientist,Pune,Onsite,Full-time,7,Power BI|Azure|Docker|Tableau|NumPy|Spark,25.35,2024-07-25,"['numpy', 'power bi', 'spark', 'azure', 'tableau', 'docker']"
695,Zoho,Senior Data Analyst,Hyderabad,Hybrid,Internship,2,Excel|AWS|Spark|Python|Statistics|Azure|Pandas|Git,9.56,2024-02-18,"['statistics', 'aws', 'excel', 'git', 'spark', 'pandas', 'python', 'azure']"
696,Razorpay,Analytics Engineer,Mumbai,Remote,Internship,4,Python|SQL|Git|Power BI|Docker|Pandas,15.81,2024-09-14,"['git', 'sql', 'power bi', 'pandas', 'python', 'docker']"
697,Flipkart,BI Analyst,Pune,Onsite,Internship,6,Airflow|Power BI|Machine Learning|NumPy|Tableau,22.21,2024-04-07,"['machine learning', 'numpy', 'airflow', 'power bi', 'tableau']"
698,Infosys,Senior Data Analyst,Mumbai,Hybrid,Contract,1,Tableau|Pandas|Python|Docker|Spark,5.56,2023-03-13,"['pandas', 'spark', 'tableau', 'python', 'docker']"
699,Accenture,Senior Data Analyst,Mumbai,Onsite,Contract,3,AWS|Power BI|Statistics|Python|Pandas,10.98,2024-02-25,"['statistics', 'aws', 'power bi', 'pandas', 'python']"
700,Accenture,Business Analyst,Remote,Onsite,Contract,1,Docker|ETL|Spark|SQL|NumPy,7.61,2023-11-14,"['numpy', 'sql', 'spark', 'etl', 'docker']"
701,Amazon,Data Scientist,Pune,Hybrid,Contract,7,AWS|NumPy|Machine Learning|Spark|Azure,27.02,2023-05-27,"['machine learning', 'numpy', 'aws', 'spark', 'azure']"
702,TCS,Data Analyst,Bengaluru,Remote,Contract,6,Statistics|Azure|Git|AWS|Data Warehousing|Airflow|Spark|Docker,21.86,2024-04-12,"['statistics', 'aws', 'git', 'docker', 'airflow', 'spark', 'data warehousing', 'azure']"
703,Paytm,Data Scientist,Pune,Hybrid,Full-time,4,Pandas|Docker|Tableau|Power BI|AWS|Spark|NumPy,17.05,2024-08-05,"['numpy', 'aws', 'pandas', 'power bi', 'spark', 'tableau', 'docker']"
704,TCS,BI Analyst,Chennai,Remote,Contract,0,Pandas|Machine Learning|Git|Azure|ETL,9.09,2023-08-11,"['machine learning', 'git', 'etl', 'pandas', 'azure']"
705,Zoho,BI Analyst,Mumbai,Hybrid,Full-time,8,Spark|Power BI|Airflow|SQL,23.85,2023-09-16,"['spark', 'sql', 'airflow', 'power bi']"
706,Swiggy,Analytics Engineer,Pune,Hybrid,Contract,0,Python|Power BI|Azure|Spark|Git|Docker|Statistics,3.7,2023-07-19,"['statistics', 'git', 'docker', 'power bi', 'spark', 'python', 'azure']"
707,TCS,Data Analyst,Pune,Hybrid,Full-time,0,Tableau|Excel|Pandas|Azure|Spark|Statistics,2.75,2024-11-03,"['statistics', 'excel', 'spark', 'tableau', 'pandas', 'azure']"
708,Cognizant,Data Scientist,Remote,Onsite,Full-time,7,ETL|Machine Learning|Docker|Power BI|Git,27.3,2023-10-29,"['machine learning', 'git', 'power bi', 'etl', 'docker']"
709,Accenture,Analytics Engineer,Pune,Hybrid,Internship,6,Power BI|Python|Azure|Excel|Data Warehousing,18.15,2023-02-05,"['excel', 'power bi', 'data warehousing', 'python', 'azure']"
710,Infosys,Analytics Engineer,Mumbai,Onsite,Full-time,3,SQL|Tableau|NumPy|Spark|Excel|Statistics|Python,12.32,2023-07-26,"['numpy', 'statistics', 'excel', 'sql', 'spark', 'tableau', 'python']"
711,Paytm,Senior Data Analyst,Chennai,Onsite,Full-time,3,Power BI|Python|NumPy|ETL|Docker,12.01,2023-08-14,"['numpy', 'power bi', 'etl', 'python', 'docker']"
712,Paytm,Data Scientist,Chennai,Remote,Internship,2,SQL|Docker|Machine Learning|Data Warehousing|Pandas,16.57,2023-08-01,"['machine learning', 'sql', 'data warehousing', 'pandas', 'docker']"
713,Infosys,BI Analyst,Chennai,Onsite,Full-time,6,Statistics|NumPy|SQL|Pandas,18.71,2023-11-20,"['numpy', 'statistics', 'sql', 'pandas']"
714,TCS,BI Analyst,Chennai,Onsite,Contract,3,Statistics|Power BI|Azure|Docker|Excel|Git|AWS,12.66,2024-02-25,"['statistics', 'aws', 'excel', 'git', 'power bi', 'azure', 'docker']"
715,Swiggy,Analytics Engineer,Chennai,Remote,Contract,7,Pandas|Machine Learning|SQL|AWS,25.67,2023-05-17,"['machine learning', 'pandas', 'sql', 'aws']"
716,Swiggy,Business Analyst,Mumbai,Remote,Internship,5,Power BI|Azure|Python|AWS|Docker|Statistics|NumPy,17.2,2024-08-24,"['statistics', 'numpy', 'aws', 'power bi', 'azure', 'python', 'docker']"
717,Cognizant,Data Analyst,Pune,Onsite,Contract,3,Tableau|AWS|Data Warehousing|Spark,10.24,2023-05-21,"['data warehousing', 'spark', 'tableau', 'aws']"
718,Cognizant,BI Analyst,Hyderabad,Remote,Internship,4,Excel|Airflow|Tableau|Azure|Python,16.97,2024-03-30,"['excel', 'airflow', 'tableau', 'python', 'azure']"
719,Razorpay,Senior Data Analyst,Remote,Hybrid,Contract,2,Azure|SQL|Machine Learning|Airflow|NumPy|Data Warehousing,10.57,2023-12-06,"['machine learning', 'numpy', 'sql', 'airflow', 'data warehousing', 'azure']"
720,Deloitte,Business Analyst,Remote,Hybrid,Internship,3,SQL|Statistics|Airflow|Azure|Spark|Git|Tableau|AWS,10.96,2024-03-28,"['statistics', 'aws', 'git', 'sql', 'airflow', 'spark', 'tableau', 'azure']"
721,Cognizant,Data Analyst,Bengaluru,Onsite,Full-time,1,Power BI|NumPy|Python|Azure|Data Warehousing|Tableau|Airflow,8.65,2023-07-29,"['numpy', 'airflow', 'power bi', 'data warehousing', 'tableau', 'python', 'azure']"
722,Amazon,Analytics Engineer,Hyderabad,Remote,Contract,1,Git|AWS|Power BI|Spark|Tableau|Airflow|NumPy,7.41,2024-08-13,"['numpy', 'aws', 'git', 'airflow', 'power bi', 'spark', 'tableau']"
723,Zoho,Data Scientist,Pune,Hybrid,Full-time,3,ETL|Power BI|Pandas|NumPy|Docker|Data Warehousing,15.52,2024-03-19,"['numpy', 'power bi', 'etl', 'data warehousing', 'pandas', 'docker']"
724,Accenture,BI Analyst,Mumbai,Remote,Contract,0,Docker|Power BI|Airflow|Excel|AWS|Machine Learning|ETL,7.77,2024-04-19,"['machine learning', 'aws', 'excel', 'airflow', 'power bi', 'etl', 'docker']"
725,Infosys,BI Analyst,Hyderabad,Onsite,Internship,4,ETL|Power BI|Pandas|Data Warehousing|Spark|Statistics|Tableau,12.54,2024-05-27,"['statistics', 'tableau', 'power bi', 'spark', 'etl', 'data warehousing', 'pandas']"
726,Cognizant,Data Scientist,Chennai,Remote,Full-time,5,Airflow|Docker|NumPy|Spark|Pandas|Git|Statistics,20.71,2023-02-09,"['numpy', 'statistics', 'git', 'airflow', 'spark', 'pandas', 'docker']"
727,Swiggy,BI Analyst,Chennai,Remote,Internship,2,Docker|Machine Learning|Airflow|Git|Spark,13.47,2024-01-13,"['machine learning', 'git', 'airflow', 'spark', 'docker']"
728,Paytm,Data Analyst,Bengaluru,Remote,Internship,6,Statistics|Data Warehousing|ETL|Python|Pandas|Azure|Spark,22.94,2023-09-25,"['statistics', 'spark', 'etl', 'data warehousing', 'pandas', 'python', 'azure']"
729,Zoho,BI Analyst,Delhi,Remote,Full-time,2,Statistics|Pandas|Python|SQL|Airflow|Docker,10.19,2024-08-23,"['statistics', 'sql', 'airflow', 'pandas', 'python', 'docker']"
730,Cognizant,Analytics Engineer,Delhi,Hybrid,Internship,3,Pandas|Docker|Excel|Spark|Git|Machine Learning|ETL,13.92,2024-02-26,"['machine learning', 'excel', 'git', 'spark', 'etl', 'pandas', 'docker']"
731,Walmart,Data Analyst,Bengaluru,Onsite,Full-time,1,Spark|Excel|ETL|Data Warehousing|Tableau|Docker|NumPy|Git,8.48,2023-04-10,"['numpy', 'excel', 'git', 'spark', 'etl', 'data warehousing', 'tableau', 'docker']"
732,Amazon,Data Scientist,Delhi,Onsite,Full-time,6,Docker|AWS|Spark|NumPy|Power BI|Airflow|Pandas|Git,22.96,2024-05-29,"['numpy', 'aws', 'git', 'airflow', 'power bi', 'spark', 'pandas', 'docker']"
733,Microsoft,BI Analyst,Remote,Onsite,Contract,3,NumPy|SQL|Spark|Power BI|Airflow,12.95,2024-02-23,"['numpy', 'sql', 'airflow', 'power bi', 'spark']"
734,Flipkart,Data Scientist,Chennai,Onsite,Contract,1,Power BI|AWS|SQL|NumPy|Git,9.09,2023-08-29,"['numpy', 'aws', 'git', 'sql', 'power bi']"
735,Razorpay,BI Analyst,Delhi,Remote,Full-time,1,SQL|Machine Learning|Airflow|Python,12.46,2023-04-10,"['machine learning', 'sql', 'airflow', 'python']"
736,Flipkart,Analytics Engineer,Pune,Hybrid,Contract,0,Data Warehousing|Machine Learning|Git|Statistics|Docker|Pandas|AWS,7.55,2023-12-18,"['machine learning', 'statistics', 'aws', 'git', 'data warehousing', 'pandas', 'docker']"
737,Zoho,Business Analyst,Pune,Remote,Full-time,5,Airflow|SQL|Pandas|Docker|Git|ETL|Python,18.68,2023-05-23,"['git', 'sql', 'airflow', 'etl', 'pandas', 'python', 'docker']"
738,Paytm,Analytics Engineer,Mumbai,Hybrid,Contract,1,Machine Learning|Statistics|Pandas|ETL|AWS|Azure|Spark|Docker,8.56,2024-10-15,"['machine learning', 'statistics', 'aws', 'docker', 'spark', 'etl', 'pandas', 'azure']"
739,Swiggy,Data Analyst,Pune,Hybrid,Contract,5,Azure|Git|Tableau|AWS,16.84,2023-03-25,"['aws', 'git', 'tableau', 'azure']"
740,Walmart,BI Analyst,Delhi,Onsite,Internship,7,Airflow|AWS|ETL|Tableau,21.56,2024-08-08,"['aws', 'tableau', 'etl', 'airflow']"
741,Accenture,Analytics Engineer,Mumbai,Hybrid,Contract,0,ETL|Power BI|Excel|Docker|Azure,5.19,2023-04-29,"['excel', 'docker', 'power bi', 'etl', 'azure']"
742,TCS,Data Scientist,Delhi,Onsite,Full-time,8,Statistics|NumPy|Power BI|Airflow|Azure,27.8,2023-01-30,"['numpy', 'statistics', 'airflow', 'power bi', 'azure']"
743,Deloitte,Senior Data Analyst,Delhi,Onsite,Full-time,6,Statistics|Machine Learning|Azure|Data Warehousing|Git|SQL,22.4,2024-05-18,"['machine learning', 'statistics', 'git', 'sql', 'data warehousing', 'azure']"
744,Zoho,Data Scientist,Delhi,Remote,Contract,5,Power BI|Azure|NumPy|Spark|Docker,22.46,2024-07-29,"['numpy', 'power bi', 'spark', 'azure', 'docker']"
745,Amazon,Business Analyst,Delhi,Remote,Internship,3,Tableau|AWS|SQL|Git|Docker|Pandas,13.73,2023-04-29,"['aws', 'git', 'sql', 'pandas', 'tableau', 'docker']"
746,Zoho,Senior Data Analyst,Hyderabad,Hybrid,Internship,2,Airflow|Python|Excel|ETL|AWS|Machine Learning,11.46,2024-01-09,"['machine learning', 'aws', 'excel', 'airflow', 'etl', 'python']"
747,Walmart,Business Analyst,Remote,Hybrid,Contract,8,Statistics|Tableau|NumPy|Python|Machine Learning|Data Warehousing|Pandas|Power BI,26.16,2024-11-27,"['machine learning', 'numpy', 'statistics', 'pandas', 'power bi', 'data warehousing', 'tableau', 'python']"
748,Walmart,Business Analyst,Bengaluru,Hybrid,Internship,4,SQL|Azure|Excel|Machine Learning|Spark,19.62,2024-05-04,"['machine learning', 'excel', 'sql', 'spark', 'azure']"
749,Razorpay,Business Analyst,Hyderabad,Remote,Full-time,7,Airflow|SQL|Data Warehousing|Pandas|Power BI|Spark,22.18,2023-02-23,"['sql', 'airflow', 'power bi', 'spark', 'data warehousing', 'pandas']"
750,Flipkart,BI Analyst,Delhi,Hybrid,Full-time,6,Pandas|Python|Machine Learning|NumPy|Data Warehousing|Docker,22.77,2024-02-05,"['machine learning', 'numpy', 'data warehousing', 'pandas', 'python', 'docker']"
751,Walmart,Analytics Engineer,Remote,Onsite,Contract,4,NumPy|Airflow|SQL|Power BI|Pandas|AWS,15.3,2023-11-08,"['numpy', 'aws', 'sql', 'airflow', 'power bi', 'pandas']"
752,Amazon,Data Scientist,Remote,Remote,Contract,2,Excel|Git|Spark|Statistics|Data Warehousing|Power BI|Tableau|Azure,15.21,2023-01-10,"['statistics', 'excel', 'git', 'power bi', 'spark', 'data warehousing', 'tableau', 'azure']"
753,Flipkart,Data Scientist,Bengaluru,Onsite,Full-time,1,Airflow|Docker|Azure|ETL|Power BI,13.92,2023-07-03,"['docker', 'airflow', 'power bi', 'etl', 'azure']"
754,Amazon,Data Analyst,Bengaluru,Onsite,Internship,8,Docker|Excel|Azure|Spark|NumPy|Tableau,25.69,2023-11-06,"['numpy', 'excel', 'docker', 'spark', 'tableau', 'azure']"
755,Freshworks,Analytics Engineer,Delhi,Remote,Full-time,2,Power BI|Git|Docker|ETL|Azure|NumPy|Excel,10.1,2023-05-03,"['numpy', 'excel', 'git', 'docker', 'power bi', 'etl', 'azure']"
756,Swiggy,Data Analyst,Chennai,Remote,Full-time,1,Data Warehousing|Statistics|Python|AWS|Docker|Airflow|ETL,6.78,2024-08-30,"['statistics', 'aws', 'airflow', 'etl', 'data warehousing', 'python', 'docker']"
757,Walmart,BI Analyst,Hyderabad,Hybrid,Internship,7,AWS|Excel|SQL|Pandas|Git|Spark|Machine Learning,25.1,2024-02-08,"['machine learning', 'aws', 'excel', 'git', 'sql', 'spark', 'pandas']"
758,Swiggy,Analytics Engineer,Hyderabad,Remote,Contract,8,Power BI|Tableau|Airflow|Git|ETL|Azure|SQL,24.54,2024-07-22,"['git', 'sql', 'airflow', 'power bi', 'etl', 'tableau', 'azure']"
759,Microsoft,Senior Data Analyst,Bengaluru,Remote,Full-time,1,Excel|NumPy|Azure|Power BI,11.05,2023-02-05,"['numpy', 'power bi', 'azure', 'excel']"
760,Deloitte,Data Analyst,Chennai,Onsite,Internship,8,Spark|Pandas|NumPy|Azure|Python|Tableau,25.21,2023-10-28,"['numpy', 'spark', 'tableau', 'pandas', 'python', 'azure']"
761,Amazon,Analytics Engineer,Mumbai,Remote,Full-time,7,ETL|Azure|Machine Learning|Pandas|AWS,26.56,2024-11-09,"['machine learning', 'aws', 'etl', 'pandas', 'azure']"
762,Deloitte,Business Analyst,Hyderabad,Remote,Contract,0,Excel|AWS|Docker|Git|Tableau,4.65,2024-01-03,"['aws', 'excel', 'git', 'tableau', 'docker']"
763,Freshworks,Business Analyst,Hyderabad,Hybrid,Internship,6,Machine Learning|Data Warehousing|NumPy|Azure,20.75,2023-09-18,"['data warehousing', 'machine learning', 'numpy', 'azure']"
764,Cognizant,BI Analyst,Delhi,Hybrid,Internship,2,NumPy|Power BI|Azure|Spark|Excel|Git|Docker|Tableau,9.47,2024-06-07,"['numpy', 'excel', 'git', 'docker', 'power bi', 'spark', 'tableau', 'azure']"
765,Microsoft,Business Analyst,Hyderabad,Onsite,Internship,6,Azure|Docker|NumPy|Python|AWS,17.87,2023-04-23,"['numpy', 'aws', 'azure', 'python', 'docker']"
766,Accenture,Analytics Engineer,Remote,Hybrid,Contract,6,Azure|Power BI|Pandas|Git,20.11,2023-08-20,"['git', 'pandas', 'azure', 'power bi']"
767,Cognizant,Data Analyst,Delhi,Hybrid,Full-time,1,Statistics|Airflow|SQL|ETL|Git|Power BI|Machine Learning,10.46,2024-05-16,"['machine learning', 'statistics', 'git', 'sql', 'airflow', 'power bi', 'etl']"
768,Razorpay,Analytics Engineer,Hyderabad,Hybrid,Internship,5,AWS|Machine Learning|Data Warehousing|SQL|Python|Power BI|Pandas|NumPy,20.22,2024-06-28,"['machine learning', 'numpy', 'aws', 'sql', 'power bi', 'data warehousing', 'pandas', 'python']"
769,Accenture,Analytics Engineer,Delhi,Onsite,Full-time,6,Excel|Machine Learning|Python|Azure|ETL|Spark|Power BI,21.64,2023-10-01,"['machine learning', 'excel', 'power bi', 'spark', 'etl', 'python', 'azure']"
770,Deloitte,Data Scientist,Remote,Hybrid,Internship,5,Docker|Git|Power BI|Statistics|Pandas,19.86,2024-03-14,"['statistics', 'git', 'power bi', 'pandas', 'docker']"
771,TCS,Data Scientist,Delhi,Onsite,Full-time,3,Power BI|AWS|NumPy|Airflow|Pandas|SQL,16.19,2023-04-06,"['numpy', 'aws', 'sql', 'airflow', 'power bi', 'pandas']"
772,Paytm,Analytics Engineer,Bengaluru,Hybrid,Contract,0,AWS|ETL|Airflow|Docker,6.03,2023-05-20,"['airflow', 'docker', 'etl', 'aws']"
773,Swiggy,BI Analyst,Delhi,Remote,Internship,8,Tableau|Airflow|Python|AWS|Data Warehousing|Spark|Git|NumPy,25.04,2024-11-08,"['numpy', 'aws', 'git', 'airflow', 'spark', 'data warehousing', 'tableau', 'python']"
774,Deloitte,Data Scientist,Chennai,Onsite,Contract,0,Git|Pandas|Azure|Airflow|Machine Learning|Tableau|Power BI|SQL,10.56,2023-02-22,"['machine learning', 'git', 'sql', 'airflow', 'power bi', 'tableau', 'pandas', 'azure']"
775,Walmart,BI Analyst,Remote,Remote,Contract,6,Spark|Tableau|Pandas|Azure|ETL,21.3,2023-05-01,"['pandas', 'spark', 'etl', 'tableau', 'azure']"
776,Microsoft,Senior Data Analyst,Pune,Onsite,Internship,7,Machine Learning|NumPy|Python|Spark|Azure|AWS,25.79,2024-10-20,"['machine learning', 'numpy', 'aws', 'spark', 'python', 'azure']"
777,Infosys,Data Analyst,Chennai,Onsite,Contract,7,ETL|SQL|Pandas|Python|AWS|Statistics|Git|Excel,21.05,2023-07-10,"['statistics', 'aws', 'excel', 'git', 'sql', 'etl', 'pandas', 'python']"
778,Accenture,Senior Data Analyst,Mumbai,Remote,Full-time,0,Docker|ETL|Tableau|SQL,5.23,2024-05-14,"['tableau', 'sql', 'etl', 'docker']"
779,Deloitte,Business Analyst,Pune,Onsite,Contract,4,ETL|Airflow|Pandas|Excel|Git,14.93,2023-04-22,"['excel', 'git', 'airflow', 'etl', 'pandas']"
780,Amazon,Data Scientist,Chennai,Remote,Full-time,7,Excel|Spark|ETL|NumPy|Python,25.83,2023-10-19,"['numpy', 'excel', 'spark', 'etl', 'python']"
781,Zoho,Business Analyst,Chennai,Onsite,Internship,6,Azure|SQL|Power BI|Data Warehousing|Tableau|Statistics|Docker,18.97,2024-05-22,"['statistics', 'sql', 'docker', 'power bi', 'data warehousing', 'tableau', 'azure']"
782,Flipkart,Data Scientist,Hyderabad,Onsite,Full-time,2,Airflow|Data Warehousing|Power BI|SQL|Docker|Python,13.0,2024-12-01,"['sql', 'airflow', 'power bi', 'data warehousing', 'python', 'docker']"
783,Amazon,Data Analyst,Remote,Hybrid,Full-time,5,Python|Docker|Statistics|Excel|ETL|Git|SQL,16.85,2024-06-07,"['statistics', 'excel', 'git', 'sql', 'etl', 'python', 'docker']"
784,Freshworks,Business Analyst,Pune,Onsite,Internship,4,Machine Learning|Statistics|Azure|Docker,17.62,2023-04-16,"['machine learning', 'statistics', 'docker', 'azure']"
785,Zoho,Data Scientist,Bengaluru,Onsite,Full-time,8,Pandas|NumPy|Docker|AWS|Azure|Airflow|Power BI|Tableau,28.62,2023-07-16,"['numpy', 'aws', 'docker', 'airflow', 'power bi', 'tableau', 'pandas', 'azure']"
786,Amazon,BI Analyst,Delhi,Remote,Contract,0,NumPy|Power BI|Docker|Python|Data Warehousing|Airflow|Machine Learning|Excel,7.67,2024-03-12,"['machine learning', 'numpy', 'excel', 'airflow', 'power bi', 'data warehousing', 'python', 'docker']"
787,Amazon,Data Analyst,Delhi,Hybrid,Full-time,8,SQL|AWS|Data Warehousing|Excel|Pandas|Docker|Airflow,23.46,2023-02-18,"['aws', 'excel', 'sql', 'airflow', 'data warehousing', 'pandas', 'docker']"
788,TCS,Data Analyst,Chennai,Remote,Contract,0,Azure|NumPy|Excel|Statistics,5.29,2023-09-16,"['numpy', 'statistics', 'azure', 'excel']"
789,Flipkart,Senior Data Analyst,Remote,Onsite,Internship,5,Tableau|Data Warehousing|Azure|Python|Git|Machine Learning,19.08,2024-01-06,"['machine learning', 'git', 'data warehousing', 'tableau', 'python', 'azure']"
790,Paytm,Analytics Engineer,Bengaluru,Onsite,Full-time,8,Spark|Statistics|Azure|Excel|Tableau|AWS|NumPy|SQL,26.73,2023-05-04,"['statistics', 'numpy', 'aws', 'excel', 'sql', 'spark', 'tableau', 'azure']"
791,Swiggy,Analytics Engineer,Chennai,Hybrid,Internship,3,Git|Tableau|SQL|Machine Learning|AWS,14.42,2023-07-26,"['machine learning', 'aws', 'git', 'sql', 'tableau']"
792,Razorpay,Data Scientist,Delhi,Hybrid,Contract,2,Excel|NumPy|ETL|Machine Learning,17.06,2024-07-27,"['machine learning', 'numpy', 'etl', 'excel']"
793,Razorpay,Senior Data Analyst,Mumbai,Remote,Contract,7,Docker|Power BI|Statistics|NumPy,21.57,2024-09-05,"['numpy', 'statistics', 'docker', 'power bi']"
794,Freshworks,Data Scientist,Remote,Hybrid,Full-time,2,SQL|Data Warehousing|Airflow|Spark|Tableau|Docker,13.55,2024-06-09,"['sql', 'airflow', 'spark', 'data warehousing', 'tableau', 'docker']"
795,Amazon,Business Analyst,Hyderabad,Remote,Internship,7,Airflow|Data Warehousing|NumPy|AWS|Excel|Tableau|Power BI|Python,23.28,2023-01-10,"['numpy', 'aws', 'excel', 'airflow', 'power bi', 'data warehousing', 'tableau', 'python']"
796,Amazon,BI Analyst,Bengaluru,Onsite,Contract,8,Machine Learning|AWS|Docker|Tableau|Excel|Spark|Airflow|Data Warehousing,27.64,2023-09-01,"['machine learning', 'aws', 'excel', 'airflow', 'spark', 'data warehousing', 'tableau', 'docker']"
797,Deloitte,Data Analyst,Hyderabad,Onsite,Contract,2,Excel|Machine Learning|Docker|Airflow|Python|Azure,10.85,2024-10-26,"['machine learning', 'excel', 'airflow', 'azure', 'python', 'docker']"
798,Infosys,Data Scientist,Chennai,Hybrid,Contract,5,Power BI|Machine Learning|Spark|Data Warehousing|NumPy|AWS,23.88,2023-01-11,"['machine learning', 'numpy', 'aws', 'power bi', 'spark', 'data warehousing']"
799,TCS,Business Analyst,Remote,Remote,Internship,4,Machine Learning|Python|Data Warehousing|Azure|Airflow,19.17,2024-01-27,"['machine learning', 'airflow', 'data warehousing', 'python', 'azure']"
800,Razorpay,Senior Data Analyst,Mumbai,Remote,Full-time,8,Git|Statistics|Pandas|Excel|Tableau,26.57,2024-02-09,"['statistics', 'excel', 'git', 'pandas', 'tableau']"
801,Walmart,BI Analyst,Pune,Onsite,Internship,3,Spark|Excel|Git|Statistics|SQL|Docker|Power BI,12.59,2023-07-13,"['statistics', 'excel', 'git', 'sql', 'power bi', 'spark', 'docker']"
802,TCS,BI Analyst,Mumbai,Onsite,Full-time,2,Python|AWS|Power BI|Git|NumPy|Azure,7.93,2024-03-12,"['numpy', 'aws', 'git', 'power bi', 'python', 'azure']"
803,Cognizant,BI Analyst,Remote,Onsite,Full-time,6,Data Warehousing|Excel|Spark|Airflow,17.8,2024-01-29,"['data warehousing', 'spark', 'airflow', 'excel']"
804,Paytm,Data Analyst,Chennai,Onsite,Full-time,0,Excel|Statistics|Airflow|SQL,4.3,2023-01-10,"['statistics', 'sql', 'airflow', 'excel']"
805,Walmart,Analytics Engineer,Mumbai,Hybrid,Contract,5,NumPy|Excel|Statistics|Airflow,15.49,2023-12-06,"['numpy', 'statistics', 'airflow', 'excel']"
806,Deloitte,Business Analyst,Bengaluru,Onsite,Contract,3,Machine Learning|Tableau|Python|Docker,15.89,2024-06-07,"['machine learning', 'tableau', 'python', 'docker']"
807,Microsoft,Business Analyst,Chennai,Remote,Contract,0,Python|Statistics|NumPy|Git|Power BI,4.68,2024-12-01,"['numpy', 'statistics', 'git', 'power bi', 'python']"
808,TCS,Data Scientist,Mumbai,Hybrid,Full-time,1,Pandas|Tableau|ETL|SQL|Excel|Data Warehousing|Docker,10.08,2023-03-28,"['excel', 'sql', 'pandas', 'etl', 'data warehousing', 'tableau', 'docker']"
809,Paytm,Analytics Engineer,Pune,Onsite,Contract,2,Docker|Azure|AWS|Power BI|ETL,9.56,2024-10-01,"['aws', 'docker', 'power bi', 'etl', 'azure']"
810,Razorpay,Senior Data Analyst,Remote,Onsite,Internship,1,ETL|Spark|Git|Excel|Airflow|Data Warehousing,5.01,2023-06-02,"['excel', 'git', 'airflow', 'spark', 'etl', 'data warehousing']"
811,TCS,Business Analyst,Pune,Onsite,Full-time,5,Airflow|Git|Spark|Data Warehousing|Docker,16.73,2023-10-13,"['git', 'airflow', 'spark', 'data warehousing', 'docker']"
812,Swiggy,Data Analyst,Pune,Hybrid,Internship,5,Pandas|Airflow|Data Warehousing|Git|Statistics,17.92,2024-09-08,"['statistics', 'git', 'airflow', 'data warehousing', 'pandas']"
813,Deloitte,Senior Data Analyst,Mumbai,Hybrid,Contract,2,Airflow|Docker|Machine Learning|Statistics|Git,12.11,2023-08-24,"['machine learning', 'statistics', 'git', 'airflow', 'docker']"
814,Accenture,Data Analyst,Mumbai,Hybrid,Contract,6,Statistics|Power BI|Tableau|Pandas|Python|Git|Airflow|Docker,20.26,2023-03-03,"['statistics', 'git', 'airflow', 'pandas', 'power bi', 'tableau', 'python', 'docker']"
815,Walmart,Senior Data Analyst,Hyderabad,Onsite,Full-time,2,Git|Excel|Docker|Data Warehousing|Machine Learning|NumPy,11.17,2023-05-22,"['machine learning', 'numpy', 'excel', 'git', 'data warehousing', 'docker']"
816,Freshworks,Data Scientist,Mumbai,Onsite,Full-time,2,Python|Docker|Pandas|Data Warehousing|Spark|SQL|Azure,14.01,2023-06-11,"['sql', 'spark', 'azure', 'data warehousing', 'pandas', 'python', 'docker']"
817,Accenture,Business Analyst,Remote,Hybrid,Internship,5,Power BI|Statistics|SQL|Python|AWS,17.3,2024-04-26,"['statistics', 'aws', 'sql', 'power bi', 'python']"
818,Microsoft,Business Analyst,Delhi,Onsite,Internship,8,ETL|Docker|Spark|Pandas|Statistics|Azure,22.83,2023-03-03,"['statistics', 'spark', 'azure', 'etl', 'pandas', 'docker']"
819,Cognizant,Data Analyst,Delhi,Hybrid,Contract,2,Pandas|Python|NumPy|Docker|Git|Azure|Statistics|Machine Learning,12.01,2023-08-21,"['machine learning', 'numpy', 'statistics', 'git', 'azure', 'pandas', 'python', 'docker']"
820,Cognizant,Business Analyst,Hyderabad,Hybrid,Full-time,4,Data Warehousing|Airflow|Power BI|Spark,12.67,2024-02-06,"['data warehousing', 'spark', 'airflow', 'power bi']"
821,Razorpay,Data Scientist,Hyderabad,Onsite,Full-time,8,Power BI|Git|Statistics|Pandas|Azure|Airflow|NumPy|Spark,27.61,2024-03-10,"['statistics', 'numpy', 'git', 'airflow', 'power bi', 'spark', 'pandas', 'azure']"
822,Infosys,Senior Data Analyst,Remote,Hybrid,Internship,1,Power BI|Spark|AWS|Airflow,5.72,2023-06-16,"['spark', 'airflow', 'aws', 'power bi']"
823,Amazon,Data Analyst,Delhi,Onsite,Internship,1,Python|AWS|Tableau|Machine Learning|Git,8.81,2024-08-06,"['machine learning', 'aws', 'git', 'tableau', 'python']"
824,Razorpay,Data Analyst,Bengaluru,Hybrid,Internship,7,SQL|Azure|Data Warehousing|Excel,22.85,2024-02-12,"['data warehousing', 'sql', 'azure', 'excel']"
825,TCS,Business Analyst,Delhi,Remote,Full-time,5,Spark|Excel|Data Warehousing|Azure|SQL|Pandas|NumPy,18.01,2023-06-03,"['numpy', 'excel', 'sql', 'spark', 'data warehousing', 'pandas', 'azure']"
826,Swiggy,Analytics Engineer,Delhi,Onsite,Internship,6,SQL|AWS|Power BI|Git|Azure|Statistics|Data Warehousing,18.19,2023-08-09,"['statistics', 'aws', 'git', 'sql', 'power bi', 'data warehousing', 'azure']"
827,Flipkart,Data Scientist,Chennai,Hybrid,Full-time,2,Data Warehousing|Azure|Statistics|Airflow|Power BI,13.37,2024-03-17,"['statistics', 'airflow', 'power bi', 'data warehousing', 'azure']"
828,Razorpay,Data Scientist,Pune,Onsite,Internship,6,NumPy|Power BI|ETL|AWS|Azure,21.54,2023-11-13,"['numpy', 'aws', 'power bi', 'etl', 'azure']"
829,Microsoft,Data Analyst,Hyderabad,Onsite,Full-time,7,Git|Azure|Power BI|Excel,21.73,2023-12-28,"['git', 'excel', 'azure', 'power bi']"
830,Freshworks,Data Analyst,Bengaluru,Remote,Contract,2,Machine Learning|ETL|Excel|Airflow|Statistics|Azure|Power BI,14.12,2023-10-21,"['machine learning', 'statistics', 'excel', 'airflow', 'power bi', 'etl', 'azure']"
831,Paytm,BI Analyst,Pune,Hybrid,Full-time,2,Spark|Azure|Pandas|SQL|ETL|NumPy|Machine Learning,10.63,2024-10-21,"['machine learning', 'numpy', 'sql', 'spark', 'etl', 'pandas', 'azure']"
832,Amazon,Data Scientist,Pune,Onsite,Internship,3,Python|Excel|Docker|SQL|ETL|NumPy|Power BI|AWS,15.16,2024-04-18,"['numpy', 'aws', 'excel', 'sql', 'power bi', 'etl', 'python', 'docker']"
833,Amazon,Data Analyst,Pune,Hybrid,Contract,5,Git|Data Warehousing|SQL|ETL|Power BI|Spark|Docker,16.2,2023-03-08,"['git', 'sql', 'power bi', 'spark', 'etl', 'data warehousing', 'docker']"
834,Freshworks,Senior Data Analyst,Mumbai,Onsite,Contract,7,ETL|Tableau|Excel|Statistics|Python,20.44,2023-08-07,"['statistics', 'excel', 'etl', 'tableau', 'python']"
835,Walmart,Analytics Engineer,Bengaluru,Onsite,Contract,0,Airflow|SQL|Git|Data Warehousing|Pandas|NumPy|Statistics|Tableau,4.57,2024-12-01,"['numpy', 'statistics', 'tableau', 'git', 'sql', 'airflow', 'data warehousing', 'pandas']"
836,Walmart,Senior Data Analyst,Bengaluru,Hybrid,Internship,4,Power BI|Excel|SQL|ETL|NumPy,16.64,2024-03-05,"['numpy', 'excel', 'sql', 'power bi', 'etl']"
837,Accenture,Business Analyst,Remote,Hybrid,Contract,4,SQL|Power BI|Git|NumPy|Pandas,13.1,2024-03-05,"['numpy', 'git', 'sql', 'power bi', 'pandas']"
838,Deloitte,BI Analyst,Pune,Onsite,Full-time,8,Docker|Spark|Git|ETL|AWS,24.85,2024-09-03,"['aws', 'git', 'spark', 'etl', 'docker']"
839,TCS,Data Analyst,Remote,Hybrid,Contract,2,Azure|Python|Power BI|Statistics|Git|Docker,9.88,2024-11-21,"['statistics', 'git', 'docker', 'power bi', 'python', 'azure']"
840,TCS,Senior Data Analyst,Delhi,Remote,Contract,8,Git|Excel|Azure|Statistics,24.11,2023-07-12,"['git', 'statistics', 'azure', 'excel']"
841,Infosys,Data Scientist,Delhi,Remote,Full-time,8,Airflow|NumPy|Pandas|Tableau|Docker,29.11,2024-01-08,"['numpy', 'airflow', 'pandas', 'tableau', 'docker']"
842,Zoho,Senior Data Analyst,Remote,Remote,Full-time,4,Tableau|ETL|Azure|Statistics|NumPy|Airflow|Pandas|Git,15.57,2023-12-10,"['numpy', 'statistics', 'git', 'airflow', 'pandas', 'etl', 'tableau', 'azure']"
843,Walmart,Business Analyst,Pune,Hybrid,Contract,7,Spark|Pandas|Machine Learning|AWS|Power BI|Git|NumPy,24.98,2024-11-27,"['machine learning', 'numpy', 'aws', 'git', 'power bi', 'spark', 'pandas']"
844,TCS,Data Scientist,Mumbai,Hybrid,Internship,4,Tableau|Power BI|Airflow|Docker|SQL|Git|Azure|Python,17.99,2024-09-30,"['git', 'sql', 'airflow', 'power bi', 'azure', 'tableau', 'python', 'docker']"
845,Amazon,Data Analyst,Pune,Onsite,Contract,7,SQL|AWS|Docker|NumPy|Tableau|Airflow|Statistics|Machine Learning,25.57,2023-05-08,"['machine learning', 'numpy', 'statistics', 'aws', 'sql', 'airflow', 'tableau', 'docker']"
846,Microsoft,BI Analyst,Delhi,Hybrid,Internship,6,Python|Spark|Airflow|Tableau|Machine Learning|Excel|ETL,23.02,2024-02-29,"['machine learning', 'excel', 'airflow', 'spark', 'etl', 'tableau', 'python']"
847,Cognizant,Business Analyst,Remote,Remote,Internship,0,SQL|Python|ETL|Power BI|Airflow|Pandas|Machine Learning,7.95,2023-06-24,"['machine learning', 'sql', 'airflow', 'power bi', 'etl', 'pandas', 'python']"
848,Zoho,BI Analyst,Hyderabad,Remote,Contract,3,Airflow|NumPy|AWS|Azure|ETL|Python|Git|Data Warehousing,14.43,2023-06-27,"['numpy', 'aws', 'git', 'airflow', 'etl', 'data warehousing', 'python', 'azure']"
849,TCS,Senior Data Analyst,Hyderabad,Remote,Internship,8,Docker|Statistics|SQL|Spark|Airflow,25.89,2024-02-06,"['statistics', 'sql', 'airflow', 'spark', 'docker']"
850,Paytm,Senior Data Analyst,Pune,Onsite,Full-time,8,Azure|NumPy|SQL|Git|Python,24.81,2023-06-06,"['numpy', 'git', 'sql', 'python', 'azure']"
851,Paytm,Analytics Engineer,Hyderabad,Hybrid,Full-time,8,Airflow|Python|Spark|Git,24.39,2024-01-02,"['spark', 'git', 'python', 'airflow']"
852,Paytm,Business Analyst,Remote,Hybrid,Full-time,3,NumPy|Statistics|Spark|Airflow|Docker|Data Warehousing,10.16,2023-03-26,"['numpy', 'statistics', 'airflow', 'spark', 'data warehousing', 'docker']"
853,TCS,Data Scientist,Chennai,Onsite,Full-time,0,Tableau|Data Warehousing|Statistics|AWS|SQL|Airflow|Power BI|Excel,6.73,2024-01-06,"['statistics', 'aws', 'excel', 'sql', 'airflow', 'power bi', 'data warehousing', 'tableau']"
854,Zoho,BI Analyst,Delhi,Hybrid,Contract,1,Python|Docker|SQL|Statistics|Azure|Git|Tableau,7.67,2024-10-10,"['statistics', 'git', 'sql', 'docker', 'tableau', 'python', 'azure']"
855,TCS,Business Analyst,Remote,Onsite,Contract,2,Python|Pandas|Azure|AWS|Git|Docker,10.43,2023-12-22,"['aws', 'git', 'docker', 'pandas', 'python', 'azure']"
856,Infosys,Analytics Engineer,Hyderabad,Remote,Internship,8,Pandas|Machine Learning|Git|SQL,28.61,2024-06-14,"['git', 'machine learning', 'pandas', 'sql']"
857,Swiggy,Business Analyst,Bengaluru,Remote,Contract,3,Tableau|NumPy|Python|Pandas|Power BI|Data Warehousing,16.32,2023-10-02,"['numpy', 'power bi', 'pandas', 'data warehousing', 'tableau', 'python']"
858,Zoho,BI Analyst,Remote,Hybrid,Full-time,3,Spark|AWS|Statistics|Data Warehousing,11.54,2024-02-14,"['spark', 'statistics', 'aws', 'data warehousing']"
859,Microsoft,Senior Data Analyst,Remote,Remote,Internship,2,Machine Learning|Airflow|SQL|AWS|ETL,12.5,2023-07-30,"['machine learning', 'aws', 'sql', 'airflow', 'etl']"
860,Amazon,BI Analyst,Pune,Hybrid,Internship,6,Docker|Machine Learning|Data Warehousing|Pandas|AWS|SQL|Airflow,22.2,2024-01-18,"['machine learning', 'aws', 'sql', 'airflow', 'data warehousing', 'pandas', 'docker']"
861,Deloitte,Data Analyst,Mumbai,Remote,Full-time,7,SQL|Machine Learning|AWS|NumPy|Excel,25.56,2023-01-31,"['machine learning', 'numpy', 'aws', 'excel', 'sql']"
862,Razorpay,Business Analyst,Chennai,Onsite,Contract,5,Pandas|Spark|Tableau|SQL|Git|Azure|Data Warehousing,15.94,2023-01-10,"['git', 'sql', 'spark', 'data warehousing', 'tableau', 'pandas', 'azure']"
863,Zoho,Data Scientist,Mumbai,Onsite,Internship,0,NumPy|Git|AWS|Airflow|Pandas|Tableau,7.35,2023-08-06,"['numpy', 'aws', 'git', 'airflow', 'tableau', 'pandas']"
864,Amazon,Business Analyst,Remote,Hybrid,Contract,1,Machine Learning|Power BI|AWS|Azure|NumPy|Docker|Airflow|Pandas,8.59,2024-05-20,"['machine learning', 'numpy', 'aws', 'docker', 'airflow', 'power bi', 'pandas', 'azure']"
865,Cognizant,Data Analyst,Pune,Onsite,Internship,4,Tableau|Data Warehousing|Statistics|Power BI|AWS|Pandas|Airflow,12.56,2023-01-19,"['statistics', 'aws', 'airflow', 'power bi', 'pandas', 'data warehousing', 'tableau']"
866,Paytm,Analytics Engineer,Bengaluru,Hybrid,Full-time,0,AWS|Excel|Docker|NumPy|Python|Machine Learning|Spark,7.55,2024-04-26,"['machine learning', 'numpy', 'aws', 'excel', 'spark', 'python', 'docker']"
867,Infosys,BI Analyst,Pune,Remote,Contract,4,Azure|Spark|NumPy|SQL|Machine Learning|Pandas,18.18,2024-04-10,"['machine learning', 'numpy', 'sql', 'spark', 'pandas', 'azure']"
868,Walmart,Data Scientist,Bengaluru,Hybrid,Full-time,1,Tableau|Python|Data Warehousing|ETL|Docker|Power BI,13.06,2024-03-22,"['power bi', 'etl', 'data warehousing', 'tableau', 'python', 'docker']"
869,TCS,Business Analyst,Chennai,Onsite,Full-time,1,Spark|Python|Git|Data Warehousing|ETL,5.14,2023-11-08,"['git', 'spark', 'etl', 'data warehousing', 'python']"
870,Walmart,Senior Data Analyst,Hyderabad,Hybrid,Contract,5,Airflow|Machine Learning|Spark|Power BI|Docker|AWS|Statistics|SQL,18.44,2024-08-21,"['machine learning', 'statistics', 'aws', 'sql', 'airflow', 'power bi', 'spark', 'docker']"
871,Microsoft,Data Scientist,Delhi,Hybrid,Full-time,7,Data Warehousing|Statistics|AWS|ETL,24.97,2024-05-09,"['data warehousing', 'statistics', 'etl', 'aws']"
872,Walmart,Data Analyst,Delhi,Remote,Full-time,4,Power BI|Spark|Machine Learning|Docker|Tableau|Azure,17.62,2023-03-21,"['machine learning', 'power bi', 'spark', 'azure', 'tableau', 'docker']"
873,TCS,BI Analyst,Hyderabad,Hybrid,Internship,0,Python|NumPy|Statistics|Docker|ETL,3.52,2024-08-27,"['numpy', 'statistics', 'etl', 'python', 'docker']"
874,Zoho,Analytics Engineer,Hyderabad,Hybrid,Internship,5,Git|Excel|Docker|Machine Learning|SQL|Power BI,20.93,2024-09-27,"['machine learning', 'excel', 'git', 'sql', 'power bi', 'docker']"
875,Paytm,Business Analyst,Chennai,Remote,Full-time,6,Power BI|Machine Learning|NumPy|Data Warehousing|Azure,22.31,2024-04-17,"['machine learning', 'numpy', 'power bi', 'data warehousing', 'azure']"
876,Deloitte,Data Scientist,Pune,Remote,Full-time,1,Python|Git|Power BI|Excel|Data Warehousing,11.86,2023-09-29,"['excel', 'git', 'power bi', 'data warehousing', 'python']"
877,Infosys,Analytics Engineer,Mumbai,Hybrid,Full-time,1,Docker|NumPy|Power BI|ETL|Machine Learning|Data Warehousing,9.32,2024-01-14,"['machine learning', 'numpy', 'power bi', 'etl', 'data warehousing', 'docker']"
878,Freshworks,Data Analyst,Mumbai,Remote,Internship,6,NumPy|AWS|Tableau|Data Warehousing|Power BI|ETL|Excel,20.56,2023-04-22,"['numpy', 'aws', 'excel', 'power bi', 'etl', 'data warehousing', 'tableau']"
879,Amazon,Data Analyst,Mumbai,Hybrid,Contract,3,Statistics|Tableau|Python|Git,10.2,2023-04-14,"['tableau', 'git', 'statistics', 'python']"
880,Razorpay,Business Analyst,Hyderabad,Onsite,Contract,6,Airflow|Tableau|ETL|Spark|Docker|Excel|Statistics,18.11,2024-10-14,"['statistics', 'excel', 'airflow', 'spark', 'etl', 'tableau', 'docker']"
881,Swiggy,Data Scientist,Mumbai,Hybrid,Full-time,4,Tableau|Pandas|Machine Learning|Spark,20.42,2023-09-02,"['spark', 'machine learning', 'tableau', 'pandas']"
882,Freshworks,Senior Data Analyst,Bengaluru,Remote,Full-time,1,Pandas|Azure|Git|Statistics|Power BI,9.78,2023-01-22,"['statistics', 'git', 'power bi', 'pandas', 'azure']"
883,Freshworks,Senior Data Analyst,Pune,Onsite,Internship,1,Python|Spark|Statistics|AWS|Data Warehousing,5.33,2023-01-18,"['statistics', 'aws', 'spark', 'data warehousing', 'python']"
884,Microsoft,Data Scientist,Bengaluru,Onsite,Contract,4,Data Warehousing|Pandas|Airflow|Power BI|Git,20.91,2023-12-10,"['git', 'airflow', 'power bi', 'data warehousing', 'pandas']"
885,Deloitte,BI Analyst,Delhi,Hybrid,Contract,5,Machine Learning|ETL|Excel|Pandas|Statistics|Python|Docker|Git,20.32,2024-09-02,"['machine learning', 'statistics', 'excel', 'git', 'etl', 'pandas', 'python', 'docker']"
886,Amazon,Data Analyst,Pune,Onsite,Contract,4,Python|Excel|NumPy|Docker|Tableau|Azure|Power BI|Pandas,14.23,2024-03-17,"['numpy', 'excel', 'power bi', 'pandas', 'azure', 'tableau', 'python', 'docker']"
887,Deloitte,Business Analyst,Mumbai,Hybrid,Contract,1,Airflow|Tableau|Excel|Azure|Docker,5.52,2024-11-26,"['excel', 'airflow', 'azure', 'tableau', 'docker']"
888,TCS,Senior Data Analyst,Remote,Remote,Internship,6,Docker|Machine Learning|Excel|Tableau|Python|AWS|ETL|Pandas,23.3,2024-04-10,"['machine learning', 'aws', 'excel', 'pandas', 'etl', 'tableau', 'python', 'docker']"
889,Paytm,Senior Data Analyst,Hyderabad,Hybrid,Internship,4,Python|ETL|Git|Azure,12.95,2023-10-24,"['git', 'python', 'etl', 'azure']"
890,Amazon,Analytics Engineer,Pune,Onsite,Full-time,2,ETL|AWS|SQL|Airflow|Excel|Python,8.35,2024-08-30,"['aws', 'excel', 'sql', 'airflow', 'etl', 'python']"
891,Flipkart,Data Analyst,Chennai,Onsite,Internship,7,Python|Docker|Pandas|Azure|Data Warehousing|Airflow,22.64,2024-05-29,"['docker', 'airflow', 'data warehousing', 'pandas', 'python', 'azure']"
892,TCS,Analytics Engineer,Pune,Remote,Contract,2,Machine Learning|Excel|Spark|Tableau,12.87,2023-02-02,"['spark', 'machine learning', 'tableau', 'excel']"
893,Cognizant,Senior Data Analyst,Chennai,Onsite,Internship,3,Docker|Airflow|Git|SQL|Excel|ETL|AWS,11.31,2023-11-27,"['aws', 'excel', 'git', 'sql', 'airflow', 'etl', 'docker']"
894,Cognizant,Business Analyst,Bengaluru,Hybrid,Internship,3,Excel|Docker|Machine Learning|Tableau|Data Warehousing|Airflow,17.78,2024-04-17,"['machine learning', 'excel', 'airflow', 'data warehousing', 'tableau', 'docker']"
895,Flipkart,Business Analyst,Delhi,Remote,Contract,6,Tableau|Excel|Machine Learning|Statistics|Spark|Pandas|Git,23.41,2024-03-13,"['machine learning', 'statistics', 'excel', 'git', 'pandas', 'spark', 'tableau']"
896,Cognizant,BI Analyst,Chennai,Onsite,Internship,6,Python|Data Warehousing|Airflow|NumPy|SQL|Power BI|AWS,19.04,2023-05-11,"['numpy', 'aws', 'sql', 'airflow', 'power bi', 'data warehousing', 'python']"
897,Razorpay,Analytics Engineer,Bengaluru,Hybrid,Contract,4,Airflow|Excel|NumPy|Azure,16.79,2024-06-14,"['numpy', 'azure', 'airflow', 'excel']"
898,Cognizant,Data Analyst,Bengaluru,Hybrid,Full-time,1,Machine Learning|Tableau|Pandas|AWS,11.44,2023-12-06,"['machine learning', 'tableau', 'aws', 'pandas']"
899,Amazon,Data Analyst,Pune,Onsite,Full-time,8,NumPy|Excel|Machine Learning|Spark,28.19,2024-10-17,"['spark', 'machine learning', 'numpy', 'excel']"
900,Cognizant,Senior Data Analyst,Bengaluru,Onsite,Full-time,4,ETL|NumPy|SQL|Git,17.14,2024-06-16,"['git', 'numpy', 'sql', 'etl']"
901,Infosys,Business Analyst,Pune,Hybrid,Contract,3,ETL|Python|Docker|Machine Learning,15.78,2023-11-04,"['machine learning', 'python', 'etl', 'docker']"
902,Accenture,BI Analyst,Bengaluru,Hybrid,Full-time,2,Machine Learning|Git|Docker|Azure|AWS,14.41,2023-07-09,"['machine learning', 'aws', 'git', 'docker', 'azure']"
903,TCS,Data Scientist,Chennai,Remote,Contract,3,Data Warehousing|NumPy|Statistics|Git|Excel,18.38,2024-05-19,"['numpy', 'statistics', 'excel', 'git', 'data warehousing']"
904,TCS,Data Scientist,Chennai,Hybrid,Internship,4,Airflow|Tableau|Statistics|NumPy|Docker|Power BI|Python,18.19,2023-01-12,"['numpy', 'statistics', 'airflow', 'power bi', 'tableau', 'python', 'docker']"
905,Flipkart,Senior Data Analyst,Bengaluru,Onsite,Full-time,0,Git|SQL|Data Warehousing|Pandas|Power BI|Statistics|Spark|Excel,6.0,2024-05-30,"['statistics', 'excel', 'git', 'sql', 'power bi', 'spark', 'data warehousing', 'pandas']"
906,Flipkart,Senior Data Analyst,Delhi,Remote,Contract,8,Data Warehousing|Power BI|ETL|Azure|Git|Pandas|Docker,25.38,2023-05-24,"['git', 'docker', 'power bi', 'etl', 'data warehousing', 'pandas', 'azure']"
907,Deloitte,Data Scientist,Mumbai,Remote,Contract,4,Power BI|ETL|NumPy|Statistics|AWS|Azure|Data Warehousing,20.33,2024-06-22,"['numpy', 'statistics', 'aws', 'power bi', 'etl', 'data warehousing', 'azure']"
908,TCS,Business Analyst,Bengaluru,Remote,Contract,5,Spark|Airflow|SQL|Python|Docker|Data Warehousing|Power BI|Tableau,20.0,2024-11-26,"['sql', 'airflow', 'power bi', 'spark', 'data warehousing', 'tableau', 'python', 'docker']"
909,Infosys,Senior Data Analyst,Pune,Onsite,Full-time,3,Tableau|Pandas|Spark|NumPy|Airflow,11.84,2023-04-28,"['numpy', 'airflow', 'pandas', 'spark', 'tableau']"
910,Paytm,Data Scientist,Pune,Onsite,Full-time,1,Spark|Python|Git|Power BI|Pandas|SQL|Statistics,10.72,2023-07-24,"['statistics', 'git', 'sql', 'power bi', 'spark', 'pandas', 'python']"
911,TCS,Senior Data Analyst,Remote,Onsite,Internship,7,AWS|Statistics|Tableau|Spark|Power BI|NumPy|Machine Learning,24.75,2024-10-06,"['machine learning', 'statistics', 'numpy', 'aws', 'power bi', 'spark', 'tableau']"
912,Deloitte,Data Analyst,Pune,Remote,Full-time,3,Excel|Python|Pandas|Airflow,14.09,2023-12-15,"['pandas', 'python', 'airflow', 'excel']"
913,Deloitte,Data Scientist,Chennai,Remote,Contract,8,NumPy|Data Warehousing|AWS|Docker|Statistics|Machine Learning|Pandas,33.56,2023-03-10,"['machine learning', 'numpy', 'statistics', 'aws', 'data warehousing', 'pandas', 'docker']"
914,TCS,BI Analyst,Chennai,Onsite,Internship,6,Power BI|Excel|Airflow|Machine Learning,22.0,2023-02-22,"['machine learning', 'excel', 'airflow', 'power bi']"
915,Swiggy,Analytics Engineer,Chennai,Hybrid,Contract,5,Statistics|AWS|Git|Docker,16.07,2023-06-11,"['git', 'statistics', 'docker', 'aws']"
916,Paytm,Data Analyst,Pune,Hybrid,Contract,8,Statistics|AWS|NumPy|ETL|Python|Machine Learning|SQL|Docker,25.59,2023-12-13,"['machine learning', 'numpy', 'statistics', 'aws', 'sql', 'etl', 'python', 'docker']"
917,Infosys,Senior Data Analyst,Remote,Remote,Internship,3,SQL|Excel|Tableau|Machine Learning|Spark|Pandas,15.21,2023-03-16,"['machine learning', 'excel', 'sql', 'pandas', 'spark', 'tableau']"
918,Accenture,Analytics Engineer,Mumbai,Hybrid,Full-time,0,Power BI|Docker|AWS|Spark|Git|SQL,3.31,2023-02-12,"['aws', 'git', 'sql', 'power bi', 'spark', 'docker']"
919,Deloitte,Data Analyst,Bengaluru,Onsite,Internship,7,Statistics|Spark|NumPy|Data Warehousing|Excel|Tableau|Python|Azure,23.82,2024-01-24,"['numpy', 'statistics', 'excel', 'spark', 'data warehousing', 'tableau', 'python', 'azure']"
920,Deloitte,Data Scientist,Delhi,Hybrid,Full-time,0,ETL|SQL|NumPy|Airflow|Git|Spark|Power BI|Docker,6.91,2024-03-24,"['numpy', 'git', 'sql', 'airflow', 'power bi', 'spark', 'etl', 'docker']"
921,Infosys,Analytics Engineer,Bengaluru,Remote,Internship,5,NumPy|Azure|Data Warehousing|Python|Tableau|Airflow,19.18,2024-07-03,"['numpy', 'airflow', 'data warehousing', 'tableau', 'python', 'azure']"
922,Infosys,Data Analyst,Hyderabad,Hybrid,Internship,0,SQL|Power BI|Python|ETL|Statistics,3.44,2024-09-08,"['statistics', 'sql', 'power bi', 'etl', 'python']"
923,Microsoft,Business Analyst,Bengaluru,Onsite,Contract,4,Airflow|ETL|Azure|SQL|Git,17.32,2023-07-30,"['git', 'sql', 'airflow', 'etl', 'azure']"
924,Amazon,Data Scientist,Chennai,Remote,Contract,5,Git|AWS|Pandas|Airflow|Machine Learning,25.08,2023-10-01,"['machine learning', 'aws', 'git', 'airflow', 'pandas']"
925,Accenture,Data Scientist,Bengaluru,Onsite,Full-time,8,Tableau|SQL|Pandas|NumPy|Spark|AWS|Statistics|Excel,31.02,2024-06-17,"['numpy', 'statistics', 'aws', 'excel', 'sql', 'pandas', 'spark', 'tableau']"
926,Amazon,Senior Data Analyst,Hyderabad,Onsite,Contract,8,Tableau|Spark|ETL|Docker|Airflow,24.6,2024-10-27,"['airflow', 'spark', 'etl', 'tableau', 'docker']"
927,Walmart,Data Analyst,Bengaluru,Hybrid,Full-time,0,SQL|Machine Learning|Excel|AWS|NumPy|Git|Data Warehousing,9.33,2024-05-22,"['machine learning', 'numpy', 'aws', 'excel', 'git', 'sql', 'data warehousing']"
928,Paytm,BI Analyst,Mumbai,Onsite,Contract,6,SQL|Statistics|Tableau|NumPy|Power BI|Azure|Docker,18.42,2024-07-08,"['numpy', 'statistics', 'sql', 'docker', 'power bi', 'tableau', 'azure']"
929,Razorpay,Data Analyst,Remote,Hybrid,Full-time,5,NumPy|Python|Pandas|Spark|AWS|Data Warehousing,17.19,2023-02-28,"['numpy', 'aws', 'spark', 'data warehousing', 'pandas', 'python']"
930,Zoho,Analytics Engineer,Chennai,Onsite,Full-time,6,Git|Docker|AWS|Spark|Data Warehousing|Machine Learning,21.9,2023-09-01,"['machine learning', 'aws', 'git', 'spark', 'data warehousing', 'docker']"
931,Infosys,Data Analyst,Mumbai,Hybrid,Contract,4,Power BI|Statistics|Airflow|Machine Learning|Excel|Pandas,17.35,2024-01-06,"['machine learning', 'statistics', 'excel', 'airflow', 'power bi', 'pandas']"
932,Infosys,Data Scientist,Pune,Hybrid,Full-time,4,Python|Tableau|Excel|AWS|Azure|Pandas|Git|Power BI,17.82,2024-04-22,"['aws', 'excel', 'git', 'pandas', 'power bi', 'tableau', 'python', 'azure']"
933,Freshworks,Senior Data Analyst,Chennai,Onsite,Contract,7,NumPy|Docker|Python|AWS|SQL|Excel|ETL|Machine Learning,23.54,2023-10-10,"['machine learning', 'numpy', 'aws', 'excel', 'sql', 'etl', 'python', 'docker']"
934,TCS,BI Analyst,Bengaluru,Onsite,Internship,2,Pandas|Excel|Docker|AWS|Azure,11.46,2023-07-08,"['aws', 'excel', 'docker', 'pandas', 'azure']"
935,Walmart,Analytics Engineer,Bengaluru,Remote,Internship,7,Azure|SQL|Machine Learning|Spark|Tableau|Python|Excel|Data Warehousing,29.07,2023-12-28,"['machine learning', 'excel', 'sql', 'spark', 'data warehousing', 'tableau', 'python', 'azure']"
936,Amazon,Data Scientist,Bengaluru,Onsite,Internship,0,Statistics|Spark|SQL|Git|Machine Learning|Data Warehousing|Docker|Airflow,12.48,2024-01-16,"['machine learning', 'statistics', 'git', 'sql', 'airflow', 'spark', 'data warehousing', 'docker']"
937,Flipkart,BI Analyst,Pune,Remote,Internship,1,AWS|Excel|Python|Pandas|Data Warehousing|Docker|Spark,7.91,2023-10-29,"['aws', 'excel', 'spark', 'data warehousing', 'pandas', 'python', 'docker']"
938,Amazon,Data Analyst,Bengaluru,Remote,Internship,2,SQL|AWS|Git|Power BI|ETL|Python,13.42,2024-06-07,"['aws', 'git', 'sql', 'power bi', 'etl', 'python']"
939,TCS,Data Scientist,Pune,Remote,Internship,8,Spark|NumPy|ETL|Docker|AWS|Python|Azure|Power BI,30.87,2023-08-18,"['numpy', 'aws', 'power bi', 'spark', 'azure', 'etl', 'python', 'docker']"
940,Microsoft,Analytics Engineer,Pune,Hybrid,Contract,8,Tableau|SQL|AWS|Statistics|Azure|Machine Learning|Spark,26.09,2024-08-12,"['machine learning', 'statistics', 'aws', 'sql', 'spark', 'tableau', 'azure']"
941,Amazon,Business Analyst,Bengaluru,Remote,Contract,5,Spark|Statistics|ETL|Pandas|Data Warehousing,19.84,2024-02-24,"['statistics', 'spark', 'etl', 'data warehousing', 'pandas']"
942,Amazon,Data Analyst,Pune,Hybrid,Internship,5,Data Warehousing|Power BI|Git|Pandas|Azure|Statistics|AWS|Tableau,16.71,2023-05-09,"['statistics', 'tableau', 'aws', 'git', 'power bi', 'data warehousing', 'pandas', 'azure']"
943,Deloitte,Business Analyst,Pune,Hybrid,Contract,6,Excel|Machine Learning|Airflow|Data Warehousing|Pandas|Git|SQL|Azure,23.45,2024-08-12,"['machine learning', 'excel', 'git', 'sql', 'airflow', 'data warehousing', 'pandas', 'azure']"
944,Swiggy,Data Scientist,Chennai,Remote,Full-time,3,Git|Python|Power BI|SQL|NumPy,18.29,2023-04-14,"['numpy', 'git', 'sql', 'power bi', 'python']"
945,Zoho,Data Analyst,Remote,Remote,Full-time,6,Pandas|Power BI|ETL|Machine Learning,24.71,2023-12-29,"['machine learning', 'pandas', 'etl', 'power bi']"
946,Cognizant,BI Analyst,Mumbai,Remote,Full-time,8,AWS|Tableau|Pandas|Docker|Git,24.32,2023-02-16,"['aws', 'git', 'pandas', 'tableau', 'docker']"
947,Swiggy,Data Scientist,Delhi,Onsite,Internship,5,Docker|Git|Spark|Data Warehousing|NumPy|Excel|Statistics,19.55,2024-08-26,"['numpy', 'statistics', 'excel', 'git', 'spark', 'data warehousing', 'docker']"
948,Deloitte,Data Analyst,Pune,Onsite,Full-time,2,Spark|Git|NumPy|Pandas,9.67,2023-10-14,"['spark', 'git', 'numpy', 'pandas']"
949,Microsoft,Business Analyst,Remote,Hybrid,Full-time,4,Azure|SQL|AWS|Machine Learning|Docker|Git|Airflow,16.47,2023-11-23,"['machine learning', 'aws', 'git', 'sql', 'docker', 'airflow', 'azure']"
950,Microsoft,Business Analyst,Bengaluru,Hybrid,Contract,0,Docker|Machine Learning|AWS|Git|Pandas,8.0,2023-10-22,"['machine learning', 'aws', 'git', 'pandas', 'docker']"
951,Amazon,BI Analyst,Remote,Onsite,Full-time,7,Pandas|AWS|Git|Excel|ETL,22.0,2023-05-25,"['aws', 'excel', 'git', 'etl', 'pandas']"
952,Flipkart,Business Analyst,Pune,Onsite,Contract,8,Pandas|Python|AWS|ETL|Machine Learning|Airflow|Tableau|Docker,26.11,2024-08-07,"['machine learning', 'aws', 'airflow', 'etl', 'tableau', 'pandas', 'python', 'docker']"
953,Microsoft,Data Scientist,Pune,Hybrid,Contract,7,Excel|Git|Data Warehousing|SQL|Spark|Airflow|Docker|Statistics,24.26,2023-05-21,"['statistics', 'excel', 'git', 'sql', 'airflow', 'spark', 'data warehousing', 'docker']"
954,Microsoft,Data Scientist,Mumbai,Hybrid,Internship,1,Power BI|Statistics|Spark|SQL|Pandas|Data Warehousing,10.36,2024-06-09,"['statistics', 'sql', 'power bi', 'spark', 'data warehousing', 'pandas']"
955,Flipkart,Data Analyst,Remote,Remote,Internship,5,Docker|Tableau|Git|Spark,17.07,2024-07-25,"['spark', 'git', 'tableau', 'docker']"
956,Paytm,Data Scientist,Remote,Onsite,Full-time,0,Statistics|Excel|AWS|NumPy,7.09,2024-04-26,"['numpy', 'statistics', 'aws', 'excel']"
957,TCS,BI Analyst,Bengaluru,Hybrid,Full-time,2,AWS|Excel|Tableau|Azure|SQL|Machine Learning|Git,13.97,2024-09-17,"['machine learning', 'aws', 'excel', 'git', 'sql', 'tableau', 'azure']"
958,Amazon,Data Scientist,Delhi,Remote,Internship,2,Docker|Machine Learning|AWS|NumPy,17.91,2024-05-10,"['aws', 'machine learning', 'numpy', 'docker']"
959,Flipkart,Data Scientist,Pune,Remote,Full-time,2,Statistics|AWS|Azure|Data Warehousing|Docker|Git,14.63,2023-10-30,"['statistics', 'aws', 'git', 'azure', 'data warehousing', 'docker']"
960,Freshworks,Business Analyst,Bengaluru,Onsite,Full-time,1,Docker|Git|Pandas|Tableau|Azure|NumPy,9.87,2024-11-07,"['numpy', 'git', 'docker', 'pandas', 'tableau', 'azure']"
961,Microsoft,Senior Data Analyst,Hyderabad,Onsite,Contract,6,ETL|Data Warehousing|AWS|NumPy|Azure,18.3,2023-08-09,"['numpy', 'aws', 'etl', 'data warehousing', 'azure']"
962,Microsoft,Data Analyst,Pune,Hybrid,Contract,8,Machine Learning|Azure|NumPy|Git|Airflow|Statistics,28.24,2023-10-02,"['machine learning', 'numpy', 'statistics', 'git', 'airflow', 'azure']"
963,Amazon,Data Scientist,Hyderabad,Remote,Internship,3,SQL|AWS|Statistics|NumPy|Tableau|ETL,17.84,2023-04-23,"['numpy', 'statistics', 'aws', 'sql', 'etl', 'tableau']"
964,Flipkart,Analytics Engineer,Remote,Remote,Full-time,5,Python|Data Warehousing|Airflow|NumPy|SQL,19.24,2024-07-20,"['numpy', 'sql', 'airflow', 'data warehousing', 'python']"
965,Flipkart,Data Scientist,Chennai,Onsite,Internship,0,NumPy|Spark|Machine Learning|Tableau|Power BI|Git|Data Warehousing|Docker,10.49,2023-08-09,"['machine learning', 'numpy', 'git', 'power bi', 'spark', 'data warehousing', 'tableau', 'docker']"
966,Zoho,Data Scientist,Bengaluru,Remote,Full-time,3,SQL|Python|Airflow|Machine Learning,22.87,2023-02-13,"['machine learning', 'sql', 'airflow', 'python']"
967,Walmart,Senior Data Analyst,Delhi,Onsite,Contract,4,Statistics|Data Warehousing|Python|Excel,14.85,2024-11-02,"['data warehousing', 'statistics', 'python', 'excel']"
968,Zoho,Business Analyst,Delhi,Remote,Internship,4,Power BI|Data Warehousing|Machine Learning|Spark,17.06,2024-07-08,"['data warehousing', 'machine learning', 'spark', 'power bi']"
969,Microsoft,Business Analyst,Delhi,Onsite,Full-time,1,Airflow|NumPy|Docker|AWS|Excel|Pandas|ETL|Machine Learning,8.82,2023-07-27,"['machine learning', 'numpy', 'aws', 'excel', 'airflow', 'etl', 'pandas', 'docker']"
970,Swiggy,Senior Data Analyst,Pune,Hybrid,Contract,7,AWS|Docker|SQL|Tableau|NumPy|Machine Learning|Excel,24.6,2023-09-08,"['machine learning', 'numpy', 'aws', 'excel', 'sql', 'tableau', 'docker']"
971,Freshworks,Data Analyst,Remote,Onsite,Full-time,7,Spark|Tableau|Statistics|ETL|AWS|Python|NumPy,21.11,2024-07-30,"['statistics', 'numpy', 'aws', 'spark', 'etl', 'tableau', 'python']"
972,Cognizant,Data Scientist,Remote,Hybrid,Contract,4,Excel|Power BI|SQL|Machine Learning|ETL|Tableau,20.25,2023-05-25,"['machine learning', 'excel', 'sql', 'power bi', 'etl', 'tableau']"
973,Infosys,Analytics Engineer,Remote,Onsite,Internship,7,Statistics|SQL|Airflow|Data Warehousing|Excel|NumPy|Git|Pandas,20.96,2024-08-01,"['statistics', 'numpy', 'excel', 'git', 'sql', 'airflow', 'data warehousing', 'pandas']"
974,Freshworks,BI Analyst,Hyderabad,Hybrid,Internship,0,NumPy|ETL|Machine Learning|Statistics|Pandas|Azure,7.63,2024-06-10,"['machine learning', 'numpy', 'statistics', 'etl', 'pandas', 'azure']"
975,Accenture,Data Scientist,Remote,Onsite,Full-time,1,Docker|Power BI|NumPy|ETL,10.56,2023-05-05,"['numpy', 'etl', 'docker', 'power bi']"
976,Freshworks,Business Analyst,Delhi,Remote,Contract,7,SQL|Docker|Statistics|Power BI,21.92,2024-07-14,"['statistics', 'sql', 'docker', 'power bi']"
977,Cognizant,BI Analyst,Mumbai,Hybrid,Internship,0,Tableau|Docker|Excel|Spark|Azure|Git,5.17,2024-07-31,"['excel', 'git', 'docker', 'spark', 'tableau', 'azure']"
978,Microsoft,Business Analyst,Mumbai,Remote,Contract,2,Data Warehousing|NumPy|Airflow|AWS|Spark|Pandas,10.42,2023-08-04,"['numpy', 'aws', 'airflow', 'spark', 'data warehousing', 'pandas']"
979,Freshworks,Data Scientist,Hyderabad,Onsite,Contract,2,Data Warehousing|ETL|Python|Pandas|NumPy,11.7,2023-01-06,"['numpy', 'etl', 'data warehousing', 'pandas', 'python']"
980,Cognizant,Data Scientist,Mumbai,Hybrid,Internship,3,Tableau|Git|Pandas|SQL|Python,14.47,2023-12-25,"['git', 'sql', 'pandas', 'tableau', 'python']"
981,Flipkart,Analytics Engineer,Delhi,Hybrid,Contract,3,Python|NumPy|Excel|Git|ETL|AWS,11.87,2024-02-17,"['numpy', 'aws', 'excel', 'git', 'etl', 'python']"
982,Microsoft,Analytics Engineer,Chennai,Onsite,Internship,8,Power BI|Excel|SQL|Spark|Tableau,24.19,2023-05-10,"['excel', 'sql', 'power bi', 'spark', 'tableau']"
983,Razorpay,Analytics Engineer,Hyderabad,Onsite,Full-time,6,Machine Learning|ETL|Tableau|Power BI|Python|Git,22.34,2023-05-27,"['machine learning', 'git', 'power bi', 'etl', 'tableau', 'python']"
984,Freshworks,BI Analyst,Pune,Remote,Full-time,0,Power BI|SQL|Data Warehousing|Machine Learning|Airflow|Statistics,7.98,2024-05-27,"['machine learning', 'statistics', 'sql', 'airflow', 'power bi', 'data warehousing']"
985,TCS,Business Analyst,Chennai,Remote,Full-time,8,Airflow|Data Warehousing|Spark|Statistics|Pandas|Excel|Machine Learning,29.65,2023-08-08,"['machine learning', 'statistics', 'excel', 'airflow', 'spark', 'data warehousing', 'pandas']"
986,TCS,Data Scientist,Chennai,Remote,Internship,4,Docker|Git|Statistics|Spark|Airflow,19.67,2024-03-21,"['statistics', 'git', 'airflow', 'spark', 'docker']"
987,Zoho,Senior Data Analyst,Chennai,Remote,Full-time,2,Spark|Git|Airflow|Azure,9.64,2024-07-27,"['spark', 'git', 'azure', 'airflow']"
988,Cognizant,BI Analyst,Hyderabad,Onsite,Contract,5,Python|NumPy|Statistics|Pandas|Machine Learning,18.93,2023-04-07,"['machine learning', 'numpy', 'statistics', 'pandas', 'python']"
989,Zoho,Senior Data Analyst,Delhi,Hybrid,Contract,8,Machine Learning|SQL|Azure|Excel,25.63,2023-09-17,"['machine learning', 'sql', 'azure', 'excel']"
990,Razorpay,Data Scientist,Delhi,Remote,Full-time,0,Python|ETL|AWS|Azure|Statistics|Airflow|Power BI|Spark,9.64,2023-04-17,"['statistics', 'aws', 'airflow', 'power bi', 'spark', 'etl', 'python', 'azure']"
991,Paytm,Senior Data Analyst,Bengaluru,Hybrid,Full-time,0,Excel|Pandas|Docker|Git|Power BI|SQL|NumPy|Spark,6.63,2023-11-18,"['numpy', 'excel', 'git', 'sql', 'power bi', 'spark', 'pandas', 'docker']"
992,Cognizant,Analytics Engineer,Delhi,Onsite,Internship,4,Python|Azure|Docker|ETL|Pandas,14.67,2024-01-11,"['docker', 'etl', 'pandas', 'python', 'azure']"
993,TCS,Data Analyst,Delhi,Hybrid,Contract,6,SQL|Power BI|Tableau|Docker|Airflow|Machine Learning|ETL,21.02,2023-02-15,"['machine learning', 'sql', 'airflow', 'power bi', 'etl', 'tableau', 'docker']"
994,Flipkart,Analytics Engineer,Chennai,Onsite,Internship,3,Docker|Pandas|Azure|Spark|Python|Excel|Data Warehousing|Machine Learning,14.4,2023-03-30,"['machine learning', 'excel', 'docker', 'spark', 'data warehousing', 'pandas', 'python', 'azure']"
995,Cognizant,BI Analyst,Hyderabad,Hybrid,Full-time,1,Power BI|Pandas|Spark|SQL,6.88,2023-01-21,"['spark', 'pandas', 'sql', 'power bi']"
996,Paytm,Data Analyst,Remote,Remote,Internship,3,Git|Power BI|Data Warehousing|Spark|Tableau|Excel,14.33,2023-07-15,"['excel', 'git', 'power bi', 'spark', 'data warehousing', 'tableau']"
997,Flipkart,Data Scientist,Hyderabad,Remote,Contract,2,SQL|Airflow|Spark|Excel|Power BI|Docker,14.24,2023-07-12,"['excel', 'sql', 'airflow', 'power bi', 'spark', 'docker']"
998,Flipkart,Business Analyst,Mumbai,Hybrid,Contract,2,Machine Learning|Git|Excel|SQL|Statistics|Pandas,12.82,2024-06-19,"['machine learning', 'statistics', 'excel', 'git', 'sql', 'pandas']"
999,Zoho,Data Scientist,Hyderabad,Remote,Contract,2,Airflow|Excel|Machine Learning|AWS,17.04,2024-11-29,"['aws', 'machine learning', 'airflow', 'excel']"
1000,TCS,Business Analyst,Chennai,Onsite,Full-time,5,Machine Learning|Power BI|Data Warehousing|Airflow|Tableau|Excel|Docker|Statistics,19.55,2024-10-08,"['machine learning', 'statistics', 'excel', 'airflow', 'power bi', 'data warehousing', 'tableau', 'docker']"
1001,TCS,BI Analyst,Chennai,Remote,Full-time,2,Azure|Spark|AWS|NumPy|Data Warehousing|Git|Python,10.89,2023-01-09,"['numpy', 'aws', 'git', 'spark', 'data warehousing', 'python', 'azure']"
1002,Accenture,BI Analyst,Pune,Remote,Internship,7,Azure|Tableau|Power BI|Pandas|Excel|Git,23.76,2024-03-25,"['excel', 'git', 'power bi', 'tableau', 'pandas', 'azure']"
1003,Zoho,BI Analyst,Pune,Remote,Internship,6,ETL|Statistics|Excel|Spark|Pandas|AWS|Airflow,19.9,2023-08-28,"['statistics', 'aws', 'excel', 'airflow', 'spark', 'etl', 'pandas']"
1004,Swiggy,Data Analyst,Chennai,Remote,Internship,6,Machine Learning|Airflow|AWS|Python|Power BI|Data Warehousing|ETL,24.83,2023-07-23,"['machine learning', 'aws', 'airflow', 'power bi', 'etl', 'data warehousing', 'python']"
1005,Freshworks,Business Analyst,Remote,Hybrid,Full-time,2,SQL|Power BI|Excel|Airflow|Docker|ETL,8.69,2024-04-16,"['excel', 'sql', 'airflow', 'power bi', 'etl', 'docker']"
1006,Zoho,Data Scientist,Hyderabad,Onsite,Full-time,2,Pandas|AWS|Excel|SQL|Power BI,11.77,2023-09-08,"['aws', 'excel', 'sql', 'power bi', 'pandas']"
1007,Zoho,Data Scientist,Mumbai,Remote,Internship,8,Python|ETL|Power BI|Pandas|SQL|Statistics,30.1,2024-04-28,"['statistics', 'sql', 'power bi', 'etl', 'pandas', 'python']"
1008,Razorpay,BI Analyst,Hyderabad,Hybrid,Internship,7,Tableau|Airflow|Power BI|Pandas|ETL,20.98,2023-10-17,"['airflow', 'power bi', 'etl', 'tableau', 'pandas']"
1009,Accenture,Data Scientist,Hyderabad,Remote,Contract,6,Airflow|Power BI|Pandas|Statistics|Azure|Spark|AWS|Python,25.3,2024-01-13,"['statistics', 'aws', 'airflow', 'power bi', 'spark', 'pandas', 'python', 'azure']"
1010,Amazon,Senior Data Analyst,Hyderabad,Hybrid,Contract,8,Airflow|Power BI|Azure|Tableau,22.63,2023-11-06,"['tableau', 'azure', 'airflow', 'power bi']"
1011,Infosys,Data Analyst,Remote,Hybrid,Full-time,5,Pandas|Docker|Power BI|Excel|ETL|NumPy|Azure,15.78,2024-03-07,"['numpy', 'excel', 'power bi', 'azure', 'etl', 'pandas', 'docker']"
1012,Accenture,Business Analyst,Remote,Onsite,Internship,6,Tableau|Git|Airflow|SQL|Pandas|Azure|Docker|NumPy,18.46,2024-08-11,"['numpy', 'git', 'sql', 'docker', 'airflow', 'pandas', 'tableau', 'azure']"
1013,Zoho,BI Analyst,Bengaluru,Hybrid,Full-time,7,ETL|Airflow|NumPy|Data Warehousing,22.78,2024-10-11,"['data warehousing', 'numpy', 'etl', 'airflow']"
1014,Razorpay,Analytics Engineer,Pune,Remote,Full-time,7,Spark|ETL|Data Warehousing|Pandas|Machine Learning|Docker|SQL|Power BI,25.65,2024-11-21,"['machine learning', 'sql', 'power bi', 'spark', 'etl', 'data warehousing', 'pandas', 'docker']"
1015,Zoho,Business Analyst,Remote,Hybrid,Full-time,0,Machine Learning|NumPy|Data Warehousing|Docker|AWS|Spark,5.65,2023-10-16,"['machine learning', 'numpy', 'aws', 'spark', 'data warehousing', 'docker']"
1016,Paytm,Data Analyst,Pune,Hybrid,Internship,7,Spark|SQL|Git|AWS|Azure|Pandas|Excel,20.89,2023-01-25,"['aws', 'excel', 'git', 'sql', 'spark', 'pandas', 'azure']"
1017,Cognizant,Senior Data Analyst,Delhi,Onsite,Internship,2,Spark|Docker|Python|Statistics|Pandas|Excel,7.84,2023-02-07,"['statistics', 'excel', 'spark', 'pandas', 'python', 'docker']"
1018,Paytm,Data Scientist,Delhi,Onsite,Contract,6,Pandas|Power BI|Machine Learning|SQL|ETL,25.98,2023-10-09,"['machine learning', 'sql', 'power bi', 'etl', 'pandas']"
1019,Razorpay,BI Analyst,Delhi,Remote,Internship,3,Git|SQL|ETL|Pandas|Docker|Python|Power BI|AWS,14.15,2024-01-27,"['aws', 'git', 'sql', 'power bi', 'etl', 'pandas', 'python', 'docker']"
1020,Paytm,Data Scientist,Chennai,Remote,Contract,1,AWS|Docker|NumPy|Python|Power BI|Spark,12.73,2023-03-23,"['numpy', 'aws', 'power bi', 'spark', 'python', 'docker']"
1021,Amazon,Data Analyst,Mumbai,Hybrid,Contract,3,Machine Learning|AWS|ETL|Data Warehousing|Docker|Tableau|Python|Pandas,15.28,2024-03-23,"['machine learning', 'aws', 'pandas', 'etl', 'data warehousing', 'tableau', 'python', 'docker']"
1022,Infosys,Data Scientist,Chennai,Hybrid,Contract,2,Data Warehousing|SQL|AWS|NumPy|Power BI|Azure,12.72,2023-01-20,"['numpy', 'aws', 'sql', 'power bi', 'data warehousing', 'azure']"
1023,Amazon,Data Scientist,Bengaluru,Onsite,Full-time,2,Machine Learning|Git|AWS|Airflow|Azure|Pandas,16.55,2023-11-29,"['machine learning', 'aws', 'git', 'airflow', 'pandas', 'azure']"
1024,Flipkart,Data Analyst,Mumbai,Onsite,Contract,4,Git|Docker|Azure|AWS|Pandas|Machine Learning|NumPy|Statistics,16.52,2023-12-21,"['machine learning', 'numpy', 'statistics', 'aws', 'git', 'docker', 'pandas', 'azure']"
1025,TCS,Business Analyst,Delhi,Remote,Contract,7,NumPy|Pandas|Azure|Data Warehousing|Excel|Docker|Python,23.39,2024-07-28,"['numpy', 'excel', 'docker', 'data warehousing', 'pandas', 'python', 'azure']"
1026,Cognizant,Data Analyst,Bengaluru,Onsite,Contract,3,Spark|AWS|Excel|Airflow|Pandas|Statistics|Azure|Data Warehousing,13.75,2024-10-01,"['statistics', 'aws', 'excel', 'airflow', 'spark', 'data warehousing', 'pandas', 'azure']"
1027,Zoho,Analytics Engineer,Mumbai,Onsite,Full-time,6,Python|AWS|Machine Learning|Spark|Statistics|Tableau|NumPy,22.32,2023-05-07,"['machine learning', 'statistics', 'numpy', 'aws', 'spark', 'tableau', 'python']"
1028,Zoho,BI Analyst,Remote,Remote,Full-time,3,Tableau|AWS|Power BI|Docker|Git,13.15,2023-12-27,"['aws', 'git', 'power bi', 'tableau', 'docker']"
1029,Deloitte,BI Analyst,Chennai,Remote,Contract,4,Spark|Tableau|Azure|Git|Docker|Airflow,15.6,2023-08-19,"['git', 'airflow', 'spark', 'azure', 'tableau', 'docker']"
1030,Deloitte,BI Analyst,Chennai,Onsite,Internship,7,Git|Pandas|Data Warehousing|Docker|Power BI|NumPy,22.49,2024-04-20,"['numpy', 'git', 'power bi', 'data warehousing', 'pandas', 'docker']"
1031,Cognizant,Business Analyst,Hyderabad,Onsite,Internship,1,Docker|Data Warehousing|NumPy|Tableau|Azure|Python|AWS,6.86,2023-03-24,"['numpy', 'aws', 'docker', 'data warehousing', 'tableau', 'python', 'azure']"
1032,Paytm,Analytics Engineer,Delhi,Hybrid,Full-time,6,Azure|Statistics|Power BI|AWS,17.77,2024-01-15,"['aws', 'statistics', 'azure', 'power bi']"
1033,Amazon,Data Scientist,Pune,Remote,Full-time,6,Data Warehousing|NumPy|Docker|Power BI|Statistics|Pandas|Tableau|Git,23.97,2023-10-28,"['numpy', 'statistics', 'tableau', 'git', 'power bi', 'data warehousing', 'pandas', 'docker']"
1034,Paytm,Data Analyst,Pune,Remote,Contract,3,Git|Data Warehousing|Tableau|Azure|AWS|Statistics|ETL|Power BI,11.83,2024-09-10,"['statistics', 'aws', 'git', 'power bi', 'etl', 'data warehousing', 'tableau', 'azure']"
1035,Freshworks,Business Analyst,Remote,Remote,Contract,3,Power BI|Python|Spark|ETL|Azure|Airflow|NumPy,14.09,2023-03-14,"['numpy', 'airflow', 'power bi', 'spark', 'etl', 'python', 'azure']"
1036,Microsoft,Senior Data Analyst,Delhi,Onsite,Contract,8,Python|Git|Statistics|Docker,24.93,2023-02-10,"['git', 'statistics', 'python', 'docker']"
1037,Flipkart,BI Analyst,Delhi,Onsite,Full-time,8,Docker|Tableau|SQL|Power BI|Excel|AWS|Git,23.74,2023-12-14,"['aws', 'excel', 'git', 'sql', 'power bi', 'tableau', 'docker']"
1038,Swiggy,Business Analyst,Bengaluru,Hybrid,Contract,7,Machine Learning|Tableau|Pandas|Azure|Spark,26.47,2023-09-08,"['machine learning', 'pandas', 'spark', 'tableau', 'azure']"
1039,Accenture,Senior Data Analyst,Bengaluru,Onsite,Full-time,4,Azure|Git|Spark|Excel|AWS|Docker|Airflow,16.07,2023-01-27,"['aws', 'excel', 'git', 'docker', 'airflow', 'spark', 'azure']"
1040,Paytm,Senior Data Analyst,Delhi,Hybrid,Full-time,5,AWS|Pandas|Data Warehousing|Azure|Excel|Statistics,15.88,2023-05-12,"['statistics', 'aws', 'excel', 'data warehousing', 'pandas', 'azure']"
1041,Infosys,Analytics Engineer,Hyderabad,Remote,Internship,4,Machine Learning|Statistics|Python|Docker|Tableau|AWS|Excel,17.78,2024-06-04,"['machine learning', 'statistics', 'aws', 'excel', 'tableau', 'python', 'docker']"
1042,Zoho,Analytics Engineer,Mumbai,Hybrid,Internship,6,Pandas|Spark|Azure|Power BI|AWS|Machine Learning|Data Warehousing,23.1,2024-05-11,"['machine learning', 'aws', 'power bi', 'spark', 'data warehousing', 'pandas', 'azure']"
1043,Microsoft,Business Analyst,Chennai,Onsite,Contract,8,Pandas|ETL|Git|NumPy|Python|Azure|SQL,23.12,2023-06-03,"['numpy', 'git', 'sql', 'etl', 'pandas', 'python', 'azure']"
1044,Walmart,Analytics Engineer,Bengaluru,Remote,Full-time,1,Spark|ETL|Statistics|AWS|Azure,10.96,2024-06-20,"['statistics', 'aws', 'spark', 'etl', 'azure']"
1045,Deloitte,Data Scientist,Bengaluru,Hybrid,Full-time,3,SQL|Airflow|Azure|Data Warehousing|Pandas|Machine Learning,21.88,2024-07-04,"['machine learning', 'sql', 'airflow', 'data warehousing', 'pandas', 'azure']"
1046,Swiggy,Data Analyst,Hyderabad,Remote,Internship,7,Data Warehousing|Statistics|Tableau|Excel|Airflow|Spark|Power BI|Git,22.87,2023-02-11,"['statistics', 'excel', 'git', 'airflow', 'power bi', 'spark', 'data warehousing', 'tableau']"
1047,Infosys,Senior Data Analyst,Mumbai,Hybrid,Internship,8,Power BI|NumPy|Spark|Docker|SQL|Data Warehousing,23.12,2023-09-07,"['numpy', 'sql', 'power bi', 'spark', 'data warehousing', 'docker']"
1048,Freshworks,Analytics Engineer,Pune,Onsite,Full-time,7,Tableau|SQL|Pandas|Airflow|Azure|ETL|Data Warehousing,20.25,2023-07-22,"['sql', 'airflow', 'pandas', 'etl', 'data warehousing', 'tableau', 'azure']"
1049,Amazon,Analytics Engineer,Remote,Remote,Internship,3,ETL|AWS|Data Warehousing|Python|Git|NumPy|SQL|Statistics,13.27,2024-10-12,"['numpy', 'statistics', 'aws', 'git', 'sql', 'etl', 'data warehousing', 'python']"
1050,Deloitte,BI Analyst,Mumbai,Hybrid,Contract,0,Docker|Machine Learning|Statistics|Azure|Power BI|Pandas,6.35,2024-10-22,"['machine learning', 'statistics', 'docker', 'power bi', 'pandas', 'azure']"
1051,Freshworks,Senior Data Analyst,Chennai,Remote,Contract,8,Azure|Machine Learning|Data Warehousing|ETL|Docker,27.33,2023-07-06,"['machine learning', 'azure', 'etl', 'data warehousing', 'docker']"
1052,Flipkart,Data Analyst,Bengaluru,Hybrid,Full-time,5,ETL|Data Warehousing|Power BI|Git|SQL|NumPy|Azure|Excel,18.91,2024-07-05,"['numpy', 'excel', 'git', 'sql', 'power bi', 'etl', 'data warehousing', 'azure']"
1053,Freshworks,Business Analyst,Remote,Remote,Internship,1,NumPy|AWS|Machine Learning|Excel|Pandas,9.81,2023-11-04,"['machine learning', 'numpy', 'aws', 'excel', 'pandas']"
1054,Cognizant,Business Analyst,Remote,Onsite,Internship,2,Pandas|NumPy|Airflow|ETL|Git|Power BI,9.49,2023-11-30,"['numpy', 'git', 'airflow', 'power bi', 'etl', 'pandas']"
1055,Flipkart,BI Analyst,Hyderabad,Hybrid,Contract,6,Statistics|Machine Learning|Data Warehousing|Docker|Excel|Pandas,22.68,2023-11-19,"['machine learning', 'statistics', 'excel', 'data warehousing', 'pandas', 'docker']"
1056,Freshworks,Senior Data Analyst,Delhi,Onsite,Internship,6,Airflow|Docker|Python|Data Warehousing|NumPy|Git|ETL|Pandas,19.8,2023-01-20,"['numpy', 'git', 'airflow', 'etl', 'data warehousing', 'pandas', 'python', 'docker']"
1057,Deloitte,Business Analyst,Chennai,Remote,Internship,3,AWS|Spark|Python|Pandas|NumPy|Airflow,13.72,2023-08-09,"['numpy', 'aws', 'airflow', 'spark', 'pandas', 'python']"
1058,Cognizant,Analytics Engineer,Pune,Remote,Internship,7,Tableau|Power BI|Data Warehousing|ETL|Pandas|Spark,22.91,2023-02-17,"['tableau', 'power bi', 'spark', 'etl', 'data warehousing', 'pandas']"
1059,Microsoft,BI Analyst,Delhi,Hybrid,Contract,7,Machine Learning|Airflow|Python|SQL|Git,24.61,2024-03-24,"['machine learning', 'git', 'sql', 'airflow', 'python']"
1060,Walmart,Data Analyst,Remote,Onsite,Internship,7,Power BI|Azure|Airflow|Spark|NumPy,20.45,2023-11-03,"['numpy', 'airflow', 'power bi', 'spark', 'azure']"
1061,Microsoft,Business Analyst,Mumbai,Remote,Internship,8,Git|Statistics|Pandas|AWS,25.67,2023-10-26,"['git', 'statistics', 'aws', 'pandas']"
1062,Amazon,Data Analyst,Pune,Remote,Full-time,2,Azure|Spark|Git|Airflow,9.55,2024-04-24,"['spark', 'git', 'airflow', 'azure']"
1063,Paytm,BI Analyst,Hyderabad,Onsite,Contract,5,NumPy|Machine Learning|Excel|AWS|Spark|Python,19.23,2024-02-10,"['machine learning', 'numpy', 'aws', 'excel', 'spark', 'python']"
1064,Deloitte,Data Analyst,Pune,Onsite,Internship,8,Data Warehousing|Spark|Python|AWS,25.12,2023-12-01,"['data warehousing', 'spark', 'python', 'aws']"
1065,Razorpay,BI Analyst,Mumbai,Onsite,Internship,4,Azure|Power BI|Spark|SQL|AWS|Docker|Machine Learning|Git,17.04,2023-03-31,"['machine learning', 'aws', 'git', 'sql', 'docker', 'power bi', 'spark', 'azure']"
1066,Paytm,BI Analyst,Delhi,Onsite,Internship,3,Docker|Machine Learning|Statistics|Git,13.99,2023-07-06,"['git', 'machine learning', 'statistics', 'docker']"
1067,Walmart,Analytics Engineer,Bengaluru,Remote,Full-time,5,Data Warehousing|Docker|Git|Python|NumPy|AWS|Excel,19.67,2023-01-09,"['numpy', 'aws', 'excel', 'git', 'data warehousing', 'python', 'docker']"
1068,Freshworks,Senior Data Analyst,Chennai,Remote,Internship,6,Machine Learning|Statistics|AWS|Azure|Airflow,23.96,2023-07-25,"['machine learning', 'statistics', 'aws', 'airflow', 'azure']"
1069,Cognizant,Senior Data Analyst,Bengaluru,Remote,Full-time,2,Excel|NumPy|Data Warehousing|Power BI|SQL,13.83,2023-02-10,"['numpy', 'excel', 'sql', 'power bi', 'data warehousing']"
1070,Amazon,Analytics Engineer,Delhi,Onsite,Contract,5,Azure|Data Warehousing|Git|Tableau,15.91,2024-03-10,"['data warehousing', 'git', 'tableau', 'azure']"
1071,Walmart,Business Analyst,Bengaluru,Hybrid,Contract,3,Python|Excel|Git|Statistics|SQL|NumPy,14.23,2023-08-02,"['statistics', 'numpy', 'excel', 'git', 'sql', 'python']"
1072,Deloitte,Data Analyst,Bengaluru,Onsite,Full-time,7,Airflow|NumPy|Tableau|Data Warehousing|ETL|AWS|SQL,24.74,2024-06-12,"['numpy', 'aws', 'sql', 'airflow', 'etl', 'data warehousing', 'tableau']"
1073,Amazon,Business Analyst,Pune,Onsite,Contract,3,ETL|Spark|Data Warehousing|Pandas,12.96,2024-06-03,"['spark', 'data warehousing', 'etl', 'pandas']"
1074,Microsoft,BI Analyst,Chennai,Hybrid,Internship,4,Tableau|Git|Python|ETL|NumPy|Airflow|Spark|SQL,15.01,2024-03-20,"['numpy', 'git', 'sql', 'airflow', 'spark', 'etl', 'tableau', 'python']"
1075,Flipkart,Senior Data Analyst,Delhi,Remote,Full-time,3,Airflow|ETL|Python|Excel,11.64,2023-09-12,"['python', 'etl', 'airflow', 'excel']"
1076,Infosys,Analytics Engineer,Remote,Onsite,Internship,0,Data Warehousing|Excel|Power BI|Spark|Statistics,4.29,2023-08-03,"['statistics', 'excel', 'power bi', 'spark', 'data warehousing']"
1077,Razorpay,Data Scientist,Hyderabad,Remote,Contract,4,Docker|Pandas|NumPy|Power BI|Data Warehousing|Machine Learning,23.43,2023-07-05,"['machine learning', 'numpy', 'power bi', 'data warehousing', 'pandas', 'docker']"
1078,Walmart,Data Analyst,Delhi,Hybrid,Full-time,2,ETL|NumPy|Excel|Data Warehousing,8.3,2023-11-25,"['data warehousing', 'numpy', 'etl', 'excel']"
1079,Infosys,Data Analyst,Hyderabad,Hybrid,Internship,5,ETL|SQL|Spark|Docker,16.62,2024-09-04,"['spark', 'sql', 'etl', 'docker']"
1080,TCS,Analytics Engineer,Pune,Onsite,Contract,2,Tableau|Python|Pandas|Data Warehousing|SQL,10.41,2024-04-20,"['sql', 'pandas', 'data warehousing', 'tableau', 'python']"
1081,Paytm,Analytics Engineer,Hyderabad,Hybrid,Internship,7,Python|AWS|Statistics|Git|Excel,21.62,2024-09-20,"['statistics', 'aws', 'excel', 'git', 'python']"
1082,TCS,Data Scientist,Hyderabad,Remote,Contract,1,ETL|NumPy|Power BI|Tableau|Machine Learning|Git|Spark,15.73,2024-02-18,"['machine learning', 'numpy', 'git', 'power bi', 'spark', 'etl', 'tableau']"
1083,Swiggy,Analytics Engineer,Chennai,Hybrid,Internship,1,Statistics|Machine Learning|Power BI|Spark|Azure,10.92,2024-11-15,"['machine learning', 'statistics', 'power bi', 'spark', 'azure']"
1084,Swiggy,Analytics Engineer,Delhi,Onsite,Internship,8,Machine Learning|Excel|Pandas|NumPy|Git|Azure|Power BI|AWS,28.22,2024-01-30,"['machine learning', 'numpy', 'aws', 'excel', 'git', 'power bi', 'pandas', 'azure']"
1085,Zoho,Data Analyst,Hyderabad,Onsite,Contract,3,Python|Excel|Azure|Data Warehousing|Airflow,10.97,2024-08-08,"['excel', 'airflow', 'data warehousing', 'python', 'azure']"
1086,Freshworks,BI Analyst,Chennai,Remote,Internship,5,Airflow|Git|Tableau|Statistics|AWS,16.85,2023-10-14,"['statistics', 'aws', 'git', 'airflow', 'tableau']"
1087,TCS,Analytics Engineer,Pune,Remote,Internship,5,Pandas|Machine Learning|Data Warehousing|Airflow|Statistics|ETL,21.5,2023-12-17,"['machine learning', 'statistics', 'airflow', 'etl', 'data warehousing', 'pandas']"
1088,TCS,Senior Data Analyst,Pune,Onsite,Full-time,1,Docker|Python|Machine Learning|Power BI|SQL|Tableau,9.65,2023-10-30,"['machine learning', 'sql', 'power bi', 'tableau', 'python', 'docker']"
1089,Walmart,Senior Data Analyst,Hyderabad,Onsite,Full-time,4,Docker|Power BI|Data Warehousing|Machine Learning|ETL|NumPy|Git,17.54,2023-01-18,"['machine learning', 'numpy', 'git', 'power bi', 'etl', 'data warehousing', 'docker']"
1090,Accenture,Data Scientist,Hyderabad,Hybrid,Internship,5,Excel|SQL|Airflow|Machine Learning|Pandas|Docker|Tableau|Spark,22.3,2023-06-19,"['machine learning', 'excel', 'sql', 'airflow', 'spark', 'tableau', 'pandas', 'docker']"
1091,Deloitte,Data Scientist,Chennai,Hybrid,Contract,3,Docker|NumPy|Excel|Python|ETL,16.92,2024-05-02,"['numpy', 'excel', 'etl', 'python', 'docker']"
1092,Swiggy,Senior Data Analyst,Chennai,Onsite,Full-time,2,Python|Power BI|Excel|Spark|Machine Learning|Azure,12.34,2023-03-10,"['machine learning', 'excel', 'power bi', 'spark', 'python', 'azure']"
1093,Paytm,BI Analyst,Pune,Onsite,Full-time,2,ETL|Pandas|Airflow|Git|Tableau,8.76,2024-08-28,"['git', 'airflow', 'pandas', 'etl', 'tableau']"
1094,Swiggy,Business Analyst,Bengaluru,Remote,Full-time,5,Statistics|Machine Learning|Power BI|NumPy,23.26,2024-11-19,"['machine learning', 'statistics', 'numpy', 'power bi']"
1095,Deloitte,Business Analyst,Mumbai,Hybrid,Internship,7,Machine Learning|Azure|Python|ETL|SQL,23.31,2024-10-05,"['machine learning', 'sql', 'etl', 'python', 'azure']"
1096,Flipkart,BI Analyst,Bengaluru,Remote,Contract,3,AWS|Tableau|Machine Learning|Spark|Data Warehousing|Statistics|Power BI,19.13,2023-02-11,"['machine learning', 'statistics', 'aws', 'power bi', 'spark', 'data warehousing', 'tableau']"
1097,TCS,Senior Data Analyst,Hyderabad,Remote,Internship,1,Docker|Pandas|Git|Spark|Data Warehousing|Statistics|Excel,6.77,2024-09-09,"['statistics', 'excel', 'git', 'spark', 'data warehousing', 'pandas', 'docker']"
1098,Deloitte,Senior Data Analyst,Chennai,Remote,Contract,3,Docker|Data Warehousing|Python|Azure|SQL|Excel|Spark,12.49,2024-11-13,"['excel', 'sql', 'docker', 'spark', 'data warehousing', 'python', 'azure']"
1099,Cognizant,Senior Data Analyst,Pune,Onsite,Full-time,1,Tableau|ETL|Data Warehousing|AWS,6.3,2023-09-30,"['data warehousing', 'tableau', 'etl', 'aws']"
1100,TCS,Data Scientist,Mumbai,Onsite,Contract,7,Airflow|Data Warehousing|Python|AWS|SQL|Docker|Azure|ETL,26.9,2023-09-02,"['aws', 'sql', 'airflow', 'azure', 'etl', 'data warehousing', 'python', 'docker']"
1101,Infosys,Analytics Engineer,Remote,Remote,Internship,6,SQL|Spark|Azure|Airflow|Statistics|Docker|AWS,21.82,2024-10-05,"['statistics', 'aws', 'sql', 'docker', 'airflow', 'spark', 'azure']"
1102,Razorpay,BI Analyst,Chennai,Hybrid,Contract,0,Pandas|Python|Azure|Data Warehousing|SQL,2.59,2024-04-12,"['sql', 'data warehousing', 'pandas', 'python', 'azure']"
1103,Paytm,Senior Data Analyst,Pune,Remote,Full-time,5,Statistics|Machine Learning|Data Warehousing|Airflow|Python|Pandas,20.29,2023-06-14,"['machine learning', 'statistics', 'airflow', 'data warehousing', 'pandas', 'python']"
1104,Flipkart,Analytics Engineer,Remote,Onsite,Internship,8,Airflow|Spark|Data Warehousing|Docker|Power BI|Statistics,23.56,2024-07-05,"['statistics', 'airflow', 'power bi', 'spark', 'data warehousing', 'docker']"
1105,Accenture,Business Analyst,Pune,Remote,Contract,5,Tableau|Power BI|Azure|NumPy|Pandas|AWS,18.77,2023-07-27,"['numpy', 'aws', 'power bi', 'tableau', 'pandas', 'azure']"
1106,Infosys,Data Scientist,Hyderabad,Hybrid,Contract,7,Azure|Git|ETL|Pandas|Airflow|Power BI,24.33,2024-08-18,"['git', 'airflow', 'power bi', 'etl', 'pandas', 'azure']"
1107,Swiggy,Analytics Engineer,Bengaluru,Onsite,Contract,8,Pandas|Airflow|AWS|Spark|SQL|Tableau,26.29,2024-11-10,"['aws', 'sql', 'airflow', 'spark', 'tableau', 'pandas']"
1108,Cognizant,Senior Data Analyst,Remote,Hybrid,Contract,2,Spark|Airflow|Power BI|NumPy|SQL|Data Warehousing,9.21,2023-03-26,"['numpy', 'sql', 'airflow', 'power bi', 'spark', 'data warehousing']"
1109,Amazon,Business Analyst,Bengaluru,Hybrid,Full-time,7,Statistics|Excel|Azure|ETL,24.5,2023-08-13,"['statistics', 'etl', 'azure', 'excel']"
1110,Freshworks,Business Analyst,Remote,Remote,Internship,7,Excel|Python|Data Warehousing|Tableau|ETL,24.01,2024-02-29,"['excel', 'etl', 'data warehousing', 'tableau', 'python']"
1111,Razorpay,Analytics Engineer,Delhi,Hybrid,Contract,3,Pandas|Airflow|Azure|AWS|NumPy|Spark|Excel,12.41,2024-03-17,"['numpy', 'aws', 'excel', 'airflow', 'spark', 'pandas', 'azure']"
1112,Cognizant,Senior Data Analyst,Hyderabad,Remote,Internship,3,Spark|Power BI|Data Warehousing|ETL|Pandas|Git,11.89,2024-06-03,"['git', 'power bi', 'spark', 'etl', 'data warehousing', 'pandas']"
1113,Walmart,BI Analyst,Delhi,Remote,Contract,8,Tableau|Statistics|Spark|Pandas|Git|Airflow,26.96,2024-04-21,"['statistics', 'git', 'airflow', 'pandas', 'spark', 'tableau']"
1114,Deloitte,Analytics Engineer,Mumbai,Hybrid,Contract,0,Git|ETL|AWS|NumPy|SQL|Power BI|Python,4.45,2023-12-22,"['numpy', 'aws', 'git', 'sql', 'power bi', 'etl', 'python']"
1115,Swiggy,Data Scientist,Mumbai,Hybrid,Contract,2,Spark|Power BI|Data Warehousing|Excel,11.58,2024-09-04,"['spark', 'data warehousing', 'excel', 'power bi']"
1116,Cognizant,BI Analyst,Chennai,Onsite,Contract,2,NumPy|Git|Excel|Machine Learning|Spark|Azure|ETL,12.9,2024-06-04,"['machine learning', 'numpy', 'excel', 'git', 'spark', 'etl', 'azure']"
1117,Cognizant,Business Analyst,Remote,Onsite,Internship,8,Azure|Python|AWS|ETL|Spark|Pandas|Git|SQL,22.69,2024-02-28,"['aws', 'git', 'sql', 'spark', 'etl', 'pandas', 'python', 'azure']"
1118,Flipkart,Business Analyst,Delhi,Onsite,Internship,3,Pandas|Data Warehousing|Python|Azure|Statistics,10.27,2024-02-18,"['statistics', 'data warehousing', 'pandas', 'python', 'azure']"
1119,Accenture,Data Scientist,Chennai,Hybrid,Contract,6,Airflow|ETL|Power BI|Docker|Pandas|Git|SQL,23.62,2023-09-16,"['git', 'sql', 'airflow', 'power bi', 'etl', 'pandas', 'docker']"
1120,Freshworks,Data Analyst,Bengaluru,Hybrid,Contract,2,Airflow|NumPy|Tableau|Pandas|Azure|Data Warehousing,11.76,2024-06-20,"['numpy', 'airflow', 'pandas', 'data warehousing', 'tableau', 'azure']"
1121,Microsoft,Data Analyst,Chennai,Hybrid,Internship,0,SQL|Spark|Data Warehousing|Power BI|Python|Machine Learning|Airflow|Azure,5.58,2024-08-04,"['machine learning', 'sql', 'airflow', 'power bi', 'spark', 'data warehousing', 'python', 'azure']"
1122,Walmart,Senior Data Analyst,Chennai,Onsite,Internship,1,NumPy|ETL|Power BI|Machine Learning|Tableau,10.05,2023-06-08,"['machine learning', 'numpy', 'power bi', 'etl', 'tableau']"
1123,Razorpay,Senior Data Analyst,Bengaluru,Remote,Contract,2,Pandas|Excel|Docker|Git|Statistics|Python|AWS,13.82,2023-11-16,"['statistics', 'aws', 'excel', 'git', 'pandas', 'python', 'docker']"
1124,Accenture,Data Analyst,Hyderabad,Remote,Contract,5,Data Warehousing|Pandas|Git|SQL|Statistics,19.49,2023-12-12,"['statistics', 'git', 'sql', 'data warehousing', 'pandas']"
1125,Amazon,Data Scientist,Chennai,Onsite,Full-time,8,Git|Tableau|Azure|Machine Learning|SQL|Pandas|ETL,32.38,2024-05-17,"['machine learning', 'git', 'sql', 'pandas', 'etl', 'tableau', 'azure']"
1126,TCS,BI Analyst,Remote,Remote,Internship,0,SQL|ETL|Airflow|Docker|Azure|Spark,6.54,2023-04-04,"['sql', 'docker', 'airflow', 'spark', 'etl', 'azure']"
1127,Razorpay,Data Scientist,Hyderabad,Hybrid,Contract,5,Data Warehousing|Airflow|ETL|Machine Learning|Azure|Tableau|Excel|Pandas,22.59,2024-10-03,"['machine learning', 'excel', 'airflow', 'pandas', 'etl', 'data warehousing', 'tableau', 'azure']"
1128,Zoho,BI Analyst,Pune,Remote,Internship,6,Power BI|ETL|Python|Statistics|SQL|Pandas|Machine Learning,22.92,2023-10-22,"['machine learning', 'statistics', 'sql', 'power bi', 'etl', 'pandas', 'python']"
1129,Flipkart,Data Scientist,Hyderabad,Remote,Full-time,0,SQL|NumPy|Data Warehousing|Excel|AWS|Spark|Airflow|Machine Learning,13.22,2024-07-01,"['machine learning', 'numpy', 'aws', 'excel', 'sql', 'airflow', 'spark', 'data warehousing']"
1130,Deloitte,Data Analyst,Mumbai,Onsite,Full-time,4,NumPy|Spark|Machine Learning|Python|Azure|Data Warehousing|Git,16.61,2023-02-15,"['machine learning', 'numpy', 'git', 'spark', 'data warehousing', 'python', 'azure']"
1131,Cognizant,Data Analyst,Pune,Onsite,Full-time,7,Statistics|Azure|SQL|Spark|Tableau,21.92,2023-01-16,"['statistics', 'sql', 'spark', 'tableau', 'azure']"
1132,Accenture,BI Analyst,Delhi,Hybrid,Contract,3,AWS|Python|Git|Tableau,12.96,2023-08-22,"['git', 'tableau', 'python', 'aws']"
1133,Cognizant,BI Analyst,Pune,Remote,Contract,0,Excel|Statistics|AWS|Azure|Data Warehousing,6.13,2024-10-03,"['statistics', 'aws', 'excel', 'data warehousing', 'azure']"
1134,Microsoft,Business Analyst,Remote,Hybrid,Internship,4,Python|Docker|ETL|NumPy|Git|Excel|Tableau,14.3,2024-10-03,"['numpy', 'excel', 'git', 'etl', 'tableau', 'python', 'docker']"
1135,TCS,BI Analyst,Remote,Hybrid,Full-time,0,Excel|Statistics|SQL|Azure|Git|Airflow|Power BI,3.05,2023-12-02,"['statistics', 'excel', 'git', 'sql', 'airflow', 'power bi', 'azure']"
1136,Zoho,Data Scientist,Remote,Onsite,Full-time,4,AWS|Data Warehousing|Excel|Docker|ETL|Git|SQL,18.97,2023-07-26,"['aws', 'excel', 'git', 'sql', 'etl', 'data warehousing', 'docker']"
1137,Infosys,Analytics Engineer,Bengaluru,Onsite,Full-time,7,Excel|SQL|Statistics|Git|ETL,24.5,2023-07-08,"['statistics', 'excel', 'git', 'sql', 'etl']"
1138,Razorpay,Data Scientist,Pune,Remote,Full-time,1,Docker|Spark|Statistics|ETL|Power BI,10.62,2024-05-30,"['statistics', 'power bi', 'spark', 'etl', 'docker']"
1139,Flipkart,Business Analyst,Chennai,Onsite,Full-time,5,Python|Excel|Pandas|Docker,16.39,2024-10-21,"['pandas', 'python', 'docker', 'excel']"
1140,Paytm,BI Analyst,Hyderabad,Hybrid,Contract,6,AWS|Power BI|Tableau|ETL|Azure,19.66,2023-01-26,"['aws', 'power bi', 'etl', 'tableau', 'azure']"
1141,TCS,Data Analyst,Bengaluru,Remote,Full-time,3,Data Warehousing|AWS|Machine Learning|Power BI|Docker|Git|Pandas|Python,17.73,2024-07-01,"['machine learning', 'aws', 'git', 'power bi', 'data warehousing', 'pandas', 'python', 'docker']"
1142,Infosys,Analytics Engineer,Bengaluru,Hybrid,Internship,2,Spark|SQL|Power BI|ETL|Azure|Tableau,11.19,2024-02-01,"['sql', 'power bi', 'spark', 'etl', 'tableau', 'azure']"
1143,Paytm,Data Analyst,Pune,Remote,Contract,3,Power BI|Python|Azure|Docker,12.66,2024-09-22,"['docker', 'python', 'azure', 'power bi']"
1144,Amazon,BI Analyst,Mumbai,Hybrid,Internship,3,Machine Learning|Spark|Azure|Statistics|Docker|Power BI|Airflow,13.43,2024-10-14,"['machine learning', 'statistics', 'airflow', 'power bi', 'spark', 'azure', 'docker']"
1145,Freshworks,Business Analyst,Hyderabad,Onsite,Full-time,6,Pandas|Spark|ETL|Python|NumPy|Excel,18.73,2024-07-08,"['numpy', 'excel', 'spark', 'etl', 'pandas', 'python']"
1146,Zoho,BI Analyst,Pune,Hybrid,Contract,2,NumPy|Airflow|Data Warehousing|Git|Statistics|Spark,8.89,2023-12-12,"['numpy', 'statistics', 'git', 'airflow', 'spark', 'data warehousing']"
1147,Amazon,Data Scientist,Hyderabad,Remote,Internship,6,Data Warehousing|NumPy|Tableau|Git|Spark,25.84,2024-11-06,"['numpy', 'git', 'spark', 'data warehousing', 'tableau']"
1148,Paytm,Senior Data Analyst,Bengaluru,Remote,Contract,7,Docker|Spark|Azure|Excel|Tableau|NumPy|Power BI|Statistics,24.86,2024-09-30,"['numpy', 'statistics', 'excel', 'docker', 'power bi', 'spark', 'tableau', 'azure']"
1149,Freshworks,Data Analyst,Pune,Onsite,Contract,3,Azure|Pandas|Data Warehousing|NumPy|Machine Learning,13.07,2023-07-31,"['machine learning', 'numpy', 'data warehousing', 'pandas', 'azure']"
1150,Flipkart,Analytics Engineer,Hyderabad,Hybrid,Contract,2,Excel|Airflow|AWS|ETL|Docker|Tableau,8.91,2023-05-14,"['aws', 'excel', 'airflow', 'etl', 'tableau', 'docker']"
1151,Flipkart,Senior Data Analyst,Bengaluru,Onsite,Contract,8,Tableau|Power BI|SQL|Python,27.06,2023-11-17,"['python', 'tableau', 'sql', 'power bi']"
1152,Freshworks,Business Analyst,Mumbai,Hybrid,Contract,2,AWS|Power BI|Pandas|Data Warehousing|Git,8.52,2023-06-29,"['aws', 'git', 'power bi', 'data warehousing', 'pandas']"
1153,Deloitte,Senior Data Analyst,Hyderabad,Remote,Internship,1,Pandas|Excel|Power BI|NumPy|SQL|Machine Learning|AWS|Docker,11.39,2023-10-15,"['machine learning', 'numpy', 'aws', 'excel', 'sql', 'power bi', 'pandas', 'docker']"
1154,Zoho,Business Analyst,Pune,Hybrid,Internship,1,Git|Tableau|Airflow|Python|Power BI,6.43,2023-01-21,"['git', 'airflow', 'power bi', 'tableau', 'python']"
1155,TCS,Data Scientist,Chennai,Hybrid,Full-time,5,Pandas|Git|ETL|Python|Statistics|Azure|AWS,21.66,2023-03-12,"['statistics', 'aws', 'git', 'etl', 'pandas', 'python', 'azure']"
1156,Swiggy,Business Analyst,Chennai,Hybrid,Contract,4,Excel|Tableau|Git|Airflow|Azure|ETL|Docker,14.88,2023-03-27,"['excel', 'git', 'docker', 'airflow', 'etl', 'tableau', 'azure']"
1157,Deloitte,Analytics Engineer,Chennai,Onsite,Full-time,7,Docker|Pandas|ETL|Data Warehousing,20.84,2024-06-16,"['data warehousing', 'pandas', 'etl', 'docker']"
1158,Flipkart,BI Analyst,Pune,Hybrid,Contract,5,SQL|Statistics|Spark|Excel|Docker,15.12,2024-11-03,"['statistics', 'excel', 'sql', 'spark', 'docker']"
1159,Microsoft,Data Scientist,Mumbai,Onsite,Contract,1,SQL|Excel|Docker|AWS|Python|Spark,10.14,2024-04-26,"['aws', 'excel', 'sql', 'spark', 'python', 'docker']"
1160,Flipkart,BI Analyst,Pune,Remote,Internship,0,Airflow|Azure|Pandas|Data Warehousing|Machine Learning|NumPy,7.4,2023-12-21,"['machine learning', 'numpy', 'airflow', 'data warehousing', 'pandas', 'azure']"
1161,Razorpay,Senior Data Analyst,Delhi,Onsite,Internship,8,ETL|AWS|Excel|SQL|Statistics,24.5,2023-11-23,"['statistics', 'aws', 'excel', 'sql', 'etl']"
1162,Cognizant,Data Analyst,Bengaluru,Onsite,Full-time,0,Tableau|Statistics|SQL|Power BI|Pandas,6.9,2023-03-31,"['statistics', 'sql', 'power bi', 'tableau', 'pandas']"
1163,Razorpay,Data Analyst,Remote,Hybrid,Full-time,0,Power BI|Excel|AWS|Azure|Statistics|Docker,4.49,2024-09-19,"['statistics', 'aws', 'excel', 'docker', 'power bi', 'azure']"
1164,Razorpay,Data Analyst,Bengaluru,Hybrid,Full-time,2,Power BI|Pandas|SQL|Spark|Git,11.56,2023-08-04,"['git', 'sql', 'power bi', 'spark', 'pandas']"
1165,Accenture,Data Scientist,Mumbai,Remote,Internship,1,Azure|NumPy|Statistics|Docker|Tableau|Spark|Git,11.91,2024-11-23,"['numpy', 'statistics', 'git', 'spark', 'azure', 'tableau', 'docker']"
1166,Deloitte,Data Analyst,Chennai,Onsite,Internship,7,Data Warehousing|Python|SQL|Power BI|Tableau,21.73,2023-07-13,"['sql', 'power bi', 'data warehousing', 'tableau', 'python']"
1167,Walmart,Data Analyst,Pune,Remote,Contract,1,Pandas|Azure|Airflow|Tableau|Power BI,8.28,2024-09-07,"['airflow', 'power bi', 'tableau', 'pandas', 'azure']"
1168,Infosys,Analytics Engineer,Hyderabad,Remote,Contract,4,Docker|Machine Learning|Data Warehousing|Pandas|Spark,18.96,2024-11-30,"['machine learning', 'spark', 'data warehousing', 'pandas', 'docker']"
1169,Cognizant,Senior Data Analyst,Delhi,Onsite,Full-time,2,SQL|Power BI|Statistics|Pandas,9.77,2024-03-16,"['pandas', 'statistics', 'sql', 'power bi']"
1170,Paytm,Data Scientist,Chennai,Remote,Internship,7,Power BI|Azure|AWS|Airflow,27.32,2023-03-09,"['aws', 'airflow', 'azure', 'power bi']"
1171,Amazon,Senior Data Analyst,Mumbai,Remote,Full-time,5,Spark|ETL|Pandas|Statistics|Excel|Docker|Git,17.18,2023-06-24,"['statistics', 'excel', 'git', 'spark', 'etl', 'pandas', 'docker']"
1172,Accenture,Data Scientist,Pune,Onsite,Contract,5,Git|Data Warehousing|Pandas|Airflow|NumPy|Statistics|Spark,21.21,2024-01-30,"['numpy', 'statistics', 'git', 'airflow', 'spark', 'data warehousing', 'pandas']"
1173,Accenture,Data Analyst,Remote,Remote,Full-time,2,Airflow|Excel|NumPy|Pandas|Python|Git,9.45,2023-07-08,"['numpy', 'excel', 'git', 'airflow', 'pandas', 'python']"
1174,Microsoft,Data Analyst,Pune,Onsite,Contract,0,ETL|Excel|Data Warehousing|Pandas|Tableau|Python|Statistics,4.99,2024-07-16,"['statistics', 'tableau', 'excel', 'etl', 'data warehousing', 'pandas', 'python']"
1175,TCS,Business Analyst,Bengaluru,Hybrid,Internship,3,ETL|Docker|NumPy|Data Warehousing|Power BI|Statistics|Azure,12.2,2023-11-28,"['numpy', 'statistics', 'power bi', 'azure', 'etl', 'data warehousing', 'docker']"
1176,Microsoft,BI Analyst,Pune,Onsite,Internship,4,Statistics|ETL|Airflow|Tableau|NumPy,14.39,2023-12-13,"['numpy', 'statistics', 'airflow', 'etl', 'tableau']"
1177,Freshworks,Senior Data Analyst,Chennai,Remote,Contract,6,Tableau|Excel|Machine Learning|ETL|Pandas|Spark|Airflow|Power BI,22.19,2024-04-02,"['machine learning', 'excel', 'airflow', 'power bi', 'spark', 'etl', 'tableau', 'pandas']"
1178,Razorpay,BI Analyst,Delhi,Hybrid,Internship,3,Azure|Statistics|Git|Docker|Pandas,10.84,2023-12-15,"['statistics', 'git', 'azure', 'pandas', 'docker']"
1179,Freshworks,Senior Data Analyst,Hyderabad,Onsite,Contract,3,Azure|Statistics|Spark|AWS|Docker,11.69,2023-01-20,"['statistics', 'aws', 'docker', 'spark', 'azure']"
1180,TCS,Analytics Engineer,Delhi,Hybrid,Contract,1,Excel|Azure|SQL|Machine Learning|Statistics|Airflow|AWS,9.35,2023-07-17,"['machine learning', 'statistics', 'aws', 'excel', 'sql', 'airflow', 'azure']"
1181,Walmart,Data Scientist,Chennai,Hybrid,Full-time,2,SQL|ETL|Tableau|Git|Azure|Python,13.36,2024-07-29,"['git', 'sql', 'etl', 'tableau', 'python', 'azure']"
1182,Microsoft,Senior Data Analyst,Mumbai,Onsite,Internship,5,Azure|NumPy|Docker|Airflow|Data Warehousing|Tableau|AWS,17.2,2023-07-19,"['numpy', 'aws', 'airflow', 'azure', 'data warehousing', 'tableau', 'docker']"
1183,Amazon,Analytics Engineer,Chennai,Hybrid,Full-time,4,Airflow|Docker|Spark|ETL|Python,12.93,2023-01-26,"['airflow', 'spark', 'etl', 'python', 'docker']"
1184,Zoho,Data Scientist,Pune,Remote,Contract,6,Spark|Git|Airflow|Power BI,24.67,2024-08-31,"['spark', 'git', 'airflow', 'power bi']"
1185,Cognizant,Senior Data Analyst,Chennai,Onsite,Full-time,1,Git|Machine Learning|Tableau|Spark|AWS|Statistics,8.39,2023-01-18,"['machine learning', 'statistics', 'aws', 'git', 'spark', 'tableau']"
1186,Paytm,Data Analyst,Delhi,Hybrid,Contract,5,ETL|Spark|Power BI|Pandas|Data Warehousing|NumPy|Machine Learning|Python,18.97,2023-07-02,"['machine learning', 'numpy', 'power bi', 'spark', 'etl', 'data warehousing', 'pandas', 'python']"
1187,Accenture,Analytics Engineer,Delhi,Remote,Full-time,0,Azure|SQL|Git|Machine Learning|Python|Spark,8.49,2023-03-11,"['machine learning', 'git', 'sql', 'spark', 'python', 'azure']"
1188,Razorpay,Business Analyst,Pune,Hybrid,Internship,1,Pandas|Statistics|SQL|Airflow|Data Warehousing|Docker|Spark|Git,5.21,2024-02-15,"['statistics', 'git', 'sql', 'airflow', 'spark', 'data warehousing', 'pandas', 'docker']"
1189,Razorpay,Data Analyst,Hyderabad,Onsite,Full-time,8,Airflow|Excel|Machine Learning|Docker|SQL|Tableau|Statistics,28.23,2023-09-25,"['machine learning', 'statistics', 'excel', 'sql', 'airflow', 'tableau', 'docker']"
1190,Razorpay,Business Analyst,Bengaluru,Onsite,Full-time,0,Python|SQL|Azure|Docker|Spark|Tableau|Statistics|Data Warehousing,5.2,2023-06-06,"['statistics', 'sql', 'docker', 'spark', 'data warehousing', 'tableau', 'python', 'azure']"
1191,Paytm,Analytics Engineer,Pune,Onsite,Internship,5,Airflow|Data Warehousing|Python|Machine Learning|ETL|Excel,20.14,2024-02-29,"['machine learning', 'excel', 'airflow', 'etl', 'data warehousing', 'python']"
1192,Swiggy,Data Analyst,Bengaluru,Hybrid,Internship,0,SQL|NumPy|Tableau|AWS|Statistics,4.74,2024-01-12,"['numpy', 'statistics', 'aws', 'sql', 'tableau']"
1193,Microsoft,Business Analyst,Mumbai,Hybrid,Contract,6,Excel|Python|Git|Azure|Spark,19.17,2024-06-07,"['excel', 'git', 'spark', 'python', 'azure']"
1194,Freshworks,Business Analyst,Pune,Onsite,Internship,3,Machine Learning|Azure|Tableau|Pandas|Excel|NumPy|SQL|Airflow,14.81,2024-10-29,"['machine learning', 'numpy', 'excel', 'sql', 'airflow', 'pandas', 'tableau', 'azure']"
1195,Walmart,Analytics Engineer,Bengaluru,Remote,Internship,6,Pandas|Tableau|Python|NumPy|Airflow,21.62,2024-08-06,"['numpy', 'airflow', 'pandas', 'tableau', 'python']"
1196,Cognizant,Data Scientist,Delhi,Onsite,Full-time,4,AWS|Spark|Statistics|Python|Azure,19.17,2023-09-16,"['statistics', 'aws', 'spark', 'python', 'azure']"
1197,Zoho,Analytics Engineer,Pune,Remote,Contract,0,Python|NumPy|Docker|Power BI|Pandas|Tableau,6.16,2024-04-13,"['numpy', 'power bi', 'tableau', 'pandas', 'python', 'docker']"
1198,Walmart,Analytics Engineer,Bengaluru,Onsite,Full-time,2,ETL|AWS|Airflow|Azure|Tableau|SQL|Data Warehousing,9.59,2023-02-21,"['aws', 'sql', 'airflow', 'etl', 'data warehousing', 'tableau', 'azure']"
1199,Amazon,Senior Data Analyst,Bengaluru,Hybrid,Internship,0,Git|Airflow|Spark|AWS|Power BI|SQL,6.44,2024-03-09,"['aws', 'git', 'sql', 'airflow', 'power bi', 'spark']"
1200,Microsoft,Senior Data Analyst,Chennai,Onsite,Full-time,1,Docker|Python|Excel|Airflow|ETL|SQL,6.37,2023-07-29,"['excel', 'sql', 'airflow', 'etl', 'python', 'docker']"
1201,Swiggy,Data Scientist,Remote,Remote,Full-time,0,Pandas|Python|SQL|Git|Spark|Tableau|Statistics,9.67,2023-10-04,"['statistics', 'git', 'sql', 'spark', 'tableau', 'pandas', 'python']"
1202,Infosys,Data Scientist,Delhi,Hybrid,Contract,7,Excel|NumPy|SQL|ETL,24.11,2024-03-18,"['numpy', 'sql', 'etl', 'excel']"
1203,Swiggy,BI Analyst,Delhi,Hybrid,Full-time,2,SQL|Power BI|Airflow|Excel,8.94,2023-10-01,"['sql', 'excel', 'airflow', 'power bi']"
1204,Walmart,Data Scientist,Bengaluru,Remote,Internship,4,Statistics|Git|Airflow|Python|Azure,22.57,2024-07-26,"['statistics', 'git', 'airflow', 'python', 'azure']"
1205,Walmart,BI Analyst,Chennai,Hybrid,Contract,3,AWS|Spark|SQL|Data Warehousing,11.42,2023-06-17,"['spark', 'data warehousing', 'sql', 'aws']"
1206,Freshworks,Data Scientist,Pune,Hybrid,Full-time,5,Excel|Azure|Spark|ETL|Pandas|NumPy|Power BI|AWS,21.95,2023-10-27,"['numpy', 'aws', 'excel', 'power bi', 'spark', 'etl', 'pandas', 'azure']"
1207,Freshworks,Data Scientist,Chennai,Remote,Internship,7,Docker|Spark|NumPy|SQL|AWS|Excel|Power BI|Pandas,26.85,2024-07-06,"['numpy', 'aws', 'excel', 'sql', 'power bi', 'spark', 'pandas', 'docker']"
1208,Accenture,Business Analyst,Remote,Remote,Full-time,0,Data Warehousing|Excel|AWS|Pandas|Machine Learning|Azure,9.55,2024-08-10,"['machine learning', 'aws', 'excel', 'data warehousing', 'pandas', 'azure']"
1209,TCS,Business Analyst,Bengaluru,Remote,Internship,6,Docker|Tableau|Machine Learning|Git,25.73,2023-09-18,"['git', 'machine learning', 'tableau', 'docker']"
1210,Deloitte,Data Scientist,Remote,Hybrid,Internship,2,Azure|ETL|SQL|Pandas|Spark,14.31,2024-06-19,"['sql', 'spark', 'etl', 'pandas', 'azure']"
1211,Razorpay,BI Analyst,Hyderabad,Remote,Internship,3,Spark|Docker|Data Warehousing|Airflow|SQL|Tableau|Azure|Statistics,12.06,2023-01-01,"['statistics', 'sql', 'airflow', 'spark', 'azure', 'data warehousing', 'tableau', 'docker']"
1212,Deloitte,Data Analyst,Chennai,Onsite,Full-time,7,Power BI|AWS|Tableau|Airflow|NumPy,21.91,2023-07-15,"['numpy', 'aws', 'airflow', 'power bi', 'tableau']"
1213,Microsoft,Data Analyst,Bengaluru,Onsite,Contract,0,Tableau|NumPy|Power BI|Docker|Airflow|Azure,5.86,2023-05-02,"['numpy', 'airflow', 'power bi', 'azure', 'tableau', 'docker']"
1214,Zoho,Senior Data Analyst,Hyderabad,Hybrid,Internship,6,AWS|Azure|NumPy|Pandas,19.36,2024-05-04,"['numpy', 'azure', 'aws', 'pandas']"
1215,Razorpay,Analytics Engineer,Remote,Hybrid,Contract,0,SQL|ETL|Pandas|Git|Python|Excel|Statistics,4.12,2023-04-11,"['statistics', 'excel', 'git', 'sql', 'etl', 'pandas', 'python']"
1216,TCS,Data Scientist,Chennai,Remote,Full-time,5,Python|Airflow|Data Warehousing|Statistics|ETL|SQL|Docker,20.75,2024-10-08,"['statistics', 'sql', 'airflow', 'etl', 'data warehousing', 'python', 'docker']"
1217,Walmart,BI Analyst,Remote,Remote,Contract,6,Statistics|ETL|Python|Pandas|Excel|Machine Learning,23.35,2024-09-20,"['machine learning', 'statistics', 'excel', 'etl', 'pandas', 'python']"
1218,Swiggy,Data Analyst,Pune,Hybrid,Internship,0,Python|Git|SQL|Machine Learning|Power BI,7.2,2024-07-02,"['machine learning', 'git', 'sql', 'power bi', 'python']"
1219,Cognizant,Data Scientist,Bengaluru,Hybrid,Internship,0,Tableau|ETL|Power BI|Statistics|Excel|Git,9.49,2023-04-23,"['statistics', 'excel', 'git', 'power bi', 'etl', 'tableau']"
1220,Razorpay,Business Analyst,Remote,Remote,Contract,1,ETL|Data Warehousing|Tableau|Python|NumPy,8.46,2023-06-30,"['numpy', 'etl', 'data warehousing', 'tableau', 'python']"
1221,Amazon,Data Analyst,Remote,Hybrid,Full-time,4,Statistics|Azure|Docker|ETL|AWS,14.64,2023-04-29,"['statistics', 'aws', 'azure', 'etl', 'docker']"
1222,Infosys,Business Analyst,Delhi,Hybrid,Internship,2,Python|Git|Statistics|Pandas|Airflow,9.63,2024-01-13,"['statistics', 'git', 'airflow', 'pandas', 'python']"
1223,TCS,Analytics Engineer,Bengaluru,Onsite,Contract,1,ETL|SQL|Excel|NumPy|Machine Learning|Spark|Docker,10.79,2024-11-11,"['machine learning', 'numpy', 'excel', 'sql', 'spark', 'etl', 'docker']"
1224,Freshworks,BI Analyst,Delhi,Onsite,Contract,6,Statistics|Excel|SQL|Python|Power BI|Git|AWS|Airflow,19.48,2024-07-13,"['statistics', 'aws', 'excel', 'git', 'sql', 'airflow', 'power bi', 'python']"
1225,Accenture,Analytics Engineer,Hyderabad,Onsite,Full-time,4,Power BI|Pandas|AWS|NumPy|SQL|Machine Learning|Python,16.4,2024-02-05,"['machine learning', 'numpy', 'aws', 'sql', 'power bi', 'pandas', 'python']"
1226,Flipkart,Senior Data Analyst,Chennai,Onsite,Full-time,0,Python|Tableau|Machine Learning|Azure|Excel|AWS|Git|Data Warehousing,8.26,2024-05-06,"['machine learning', 'aws', 'excel', 'git', 'data warehousing', 'tableau', 'python', 'azure']"
1227,Walmart,Business Analyst,Delhi,Remote,Internship,7,ETL|NumPy|SQL|Power BI|Data Warehousing|Machine Learning|Azure,26.91,2023-05-30,"['machine learning', 'numpy', 'sql', 'power bi', 'etl', 'data warehousing', 'azure']"
1228,Paytm,Business Analyst,Hyderabad,Onsite,Contract,8,Power BI|ETL|Machine Learning|SQL|AWS,27.76,2024-10-02,"['machine learning', 'aws', 'sql', 'power bi', 'etl']"
1229,Swiggy,Business Analyst,Hyderabad,Remote,Contract,4,SQL|Docker|Python|ETL|Pandas|NumPy|Git,16.79,2024-02-05,"['numpy', 'git', 'sql', 'etl', 'pandas', 'python', 'docker']"
1230,Amazon,Analytics Engineer,Delhi,Onsite,Contract,3,ETL|Docker|Azure|Data Warehousing|Airflow,11.8,2023-10-22,"['docker', 'airflow', 'etl', 'data warehousing', 'azure']"
1231,Zoho,Data Analyst,Chennai,Hybrid,Contract,6,Python|Docker|SQL|Machine Learning|Git|Spark|Power BI|Data Warehousing,21.34,2024-10-27,"['machine learning', 'git', 'sql', 'power bi', 'spark', 'data warehousing', 'python', 'docker']"
1232,Paytm,Senior Data Analyst,Delhi,Remote,Internship,8,Azure|AWS|Docker|Statistics|Machine Learning|Git|NumPy|ETL,28.82,2024-11-07,"['machine learning', 'statistics', 'numpy', 'aws', 'git', 'azure', 'etl', 'docker']"
1233,Microsoft,Business Analyst,Delhi,Onsite,Contract,7,Power BI|ETL|Pandas|Machine Learning|Docker|AWS,24.89,2023-10-05,"['machine learning', 'aws', 'power bi', 'etl', 'pandas', 'docker']"
1234,Microsoft,Analytics Engineer,Hyderabad,Hybrid,Internship,8,Azure|Data Warehousing|Git|Tableau|AWS,23.08,2023-12-10,"['aws', 'git', 'data warehousing', 'tableau', 'azure']"
1235,Razorpay,Data Scientist,Remote,Onsite,Full-time,6,Machine Learning|Docker|Azure|Git|Tableau|AWS,26.81,2023-10-30,"['machine learning', 'aws', 'git', 'docker', 'tableau', 'azure']"
1236,Microsoft,Data Scientist,Delhi,Remote,Internship,5,Azure|NumPy|Airflow|Statistics|AWS|Machine Learning|Power BI|SQL,25.42,2023-07-30,"['machine learning', 'numpy', 'statistics', 'aws', 'sql', 'airflow', 'power bi', 'azure']"
1237,Cognizant,Data Scientist,Delhi,Hybrid,Full-time,5,ETL|Spark|Tableau|NumPy|Statistics,20.38,2023-12-16,"['numpy', 'statistics', 'spark', 'etl', 'tableau']"
1238,Razorpay,Senior Data Analyst,Bengaluru,Onsite,Contract,1,Tableau|Airflow|Docker|Machine Learning|NumPy|Python,12.8,2024-05-21,"['machine learning', 'numpy', 'airflow', 'tableau', 'python', 'docker']"
1239,Zoho,Analytics Engineer,Bengaluru,Hybrid,Full-time,4,Docker|NumPy|Excel|Python|ETL|Azure|Statistics|AWS,15.66,2023-05-03,"['numpy', 'statistics', 'aws', 'excel', 'azure', 'etl', 'python', 'docker']"
1240,Microsoft,Business Analyst,Mumbai,Remote,Internship,1,SQL|Data Warehousing|Docker|ETL|Excel|Git,6.88,2023-04-09,"['excel', 'git', 'sql', 'etl', 'data warehousing', 'docker']"
1241,Microsoft,Data Scientist,Mumbai,Remote,Full-time,6,SQL|Data Warehousing|Python|ETL|Pandas,23.85,2023-09-04,"['sql', 'etl', 'data warehousing', 'pandas', 'python']"
1242,Amazon,Business Analyst,Hyderabad,Hybrid,Full-time,4,Spark|Statistics|Power BI|Python|Machine Learning|AWS|Pandas|Tableau,17.13,2023-01-18,"['machine learning', 'statistics', 'aws', 'power bi', 'spark', 'tableau', 'pandas', 'python']"
1243,Accenture,Data Analyst,Pune,Remote,Contract,4,Tableau|Data Warehousing|ETL|Docker|NumPy|Git|Spark,16.68,2023-08-14,"['numpy', 'git', 'spark', 'etl', 'data warehousing', 'tableau', 'docker']"
1244,Freshworks,Data Analyst,Remote,Hybrid,Full-time,0,AWS|Docker|Data Warehousing|ETL|Git,3.14,2023-04-13,"['aws', 'git', 'etl', 'data warehousing', 'docker']"
1245,Amazon,BI Analyst,Mumbai,Hybrid,Contract,7,Excel|Airflow|Docker|AWS|ETL|NumPy|Python,22.65,2024-05-18,"['numpy', 'aws', 'excel', 'airflow', 'etl', 'python', 'docker']"
1246,Flipkart,Analytics Engineer,Mumbai,Onsite,Internship,5,Python|ETL|Machine Learning|AWS|NumPy|Statistics,18.43,2023-03-21,"['machine learning', 'numpy', 'statistics', 'aws', 'etl', 'python']"
1247,Amazon,Data Scientist,Pune,Hybrid,Contract,6,Airflow|NumPy|Tableau|Pandas|Docker,23.64,2023-08-25,"['numpy', 'airflow', 'pandas', 'tableau', 'docker']"
1248,Zoho,Analytics Engineer,Remote,Onsite,Contract,7,Statistics|Power BI|Data Warehousing|Spark,21.71,2024-01-04,"['data warehousing', 'spark', 'statistics', 'power bi']"
1249,Microsoft,Data Analyst,Chennai,Hybrid,Full-time,7,Git|Docker|SQL|NumPy|Excel|Pandas|Tableau,21.44,2023-06-22,"['numpy', 'excel', 'git', 'sql', 'tableau', 'pandas', 'docker']"
1250,Accenture,Analytics Engineer,Bengaluru,Remote,Full-time,8,Data Warehousing|NumPy|Docker|Python|ETL|Pandas|Git|Tableau,26.28,2024-07-20,"['numpy', 'tableau', 'git', 'etl', 'data warehousing', 'pandas', 'python', 'docker']"
1251,Microsoft,Senior Data Analyst,Hyderabad,Hybrid,Full-time,1,Machine Learning|Git|Power BI|Excel|ETL|NumPy|Docker|Airflow,8.5,2023-03-10,"['machine learning', 'numpy', 'excel', 'git', 'airflow', 'power bi', 'etl', 'docker']"
1252,Cognizant,Data Analyst,Remote,Onsite,Full-time,0,Pandas|AWS|Machine Learning|Statistics|NumPy|Power BI|Tableau|Python,7.64,2023-03-10,"['machine learning', 'numpy', 'statistics', 'aws', 'power bi', 'tableau', 'pandas', 'python']"
1253,Amazon,Senior Data Analyst,Mumbai,Onsite,Full-time,2,Tableau|Git|Machine Learning|Airflow|Pandas|Spark|Power BI|Azure,12.86,2023-11-30,"['machine learning', 'git', 'airflow', 'pandas', 'spark', 'power bi', 'tableau', 'azure']"
1254,Freshworks,Senior Data Analyst,Hyderabad,Onsite,Full-time,8,Data Warehousing|SQL|NumPy|Power BI,22.97,2023-05-16,"['data warehousing', 'numpy', 'sql', 'power bi']"
1255,Cognizant,Analytics Engineer,Hyderabad,Remote,Contract,5,Machine Learning|Git|Tableau|Statistics|Power BI|Spark|SQL|ETL,21.76,2023-03-10,"['machine learning', 'statistics', 'git', 'sql', 'power bi', 'spark', 'etl', 'tableau']"
1256,Zoho,Business Analyst,Mumbai,Remote,Internship,0,Git|ETL|Azure|Airflow|NumPy|Machine Learning,9.67,2024-04-22,"['machine learning', 'numpy', 'git', 'airflow', 'etl', 'azure']"
1257,Amazon,Analytics Engineer,Remote,Onsite,Contract,5,Airflow|Machine Learning|ETL|NumPy|Power BI|Git|Statistics|Data Warehousing,18.22,2024-01-12,"['machine learning', 'numpy', 'statistics', 'git', 'airflow', 'power bi', 'etl', 'data warehousing']"
1258,Amazon,Data Analyst,Remote,Onsite,Full-time,6,Airflow|AWS|Pandas|Python|Git|Statistics|Tableau,18.81,2024-10-15,"['statistics', 'aws', 'git', 'airflow', 'tableau', 'pandas', 'python']"
1259,Zoho,BI Analyst,Chennai,Hybrid,Contract,2,Airflow|Statistics|Power BI|Python|Tableau|ETL,8.9,2024-04-21,"['statistics', 'airflow', 'power bi', 'etl', 'tableau', 'python']"
1260,Flipkart,Business Analyst,Bengaluru,Hybrid,Contract,7,Docker|SQL|Tableau|Power BI|Azure,22.16,2024-04-21,"['sql', 'docker', 'power bi', 'tableau', 'azure']"
1261,Infosys,Data Scientist,Mumbai,Hybrid,Full-time,6,AWS|Spark|Docker|Machine Learning,27.3,2024-05-05,"['spark', 'machine learning', 'docker', 'aws']"
1262,Deloitte,Senior Data Analyst,Delhi,Remote,Internship,5,AWS|Pandas|Python|SQL|Power BI,17.31,2023-01-26,"['aws', 'sql', 'power bi', 'pandas', 'python']"
1263,Cognizant,Business Analyst,Pune,Hybrid,Full-time,8,Python|Git|NumPy|Pandas|Airflow|AWS,23.48,2024-01-12,"['numpy', 'aws', 'git', 'airflow', 'pandas', 'python']"
1264,Cognizant,Analytics Engineer,Delhi,Remote,Contract,1,ETL|Docker|Airflow|Machine Learning|Python|Azure|Data Warehousing,11.02,2023-06-07,"['machine learning', 'airflow', 'azure', 'etl', 'data warehousing', 'python', 'docker']"
1265,Zoho,Senior Data Analyst,Pune,Hybrid,Contract,7,Excel|Data Warehousing|Airflow|Tableau|SQL|AWS,20.66,2023-02-15,"['aws', 'excel', 'sql', 'airflow', 'data warehousing', 'tableau']"
1266,Cognizant,Data Analyst,Pune,Remote,Full-time,2,Docker|NumPy|ETL|Airflow|Power BI,9.77,2023-08-04,"['numpy', 'airflow', 'power bi', 'etl', 'docker']"
1267,Accenture,Data Analyst,Hyderabad,Hybrid,Full-time,2,Machine Learning|ETL|Airflow|SQL,13.27,2024-05-20,"['machine learning', 'sql', 'etl', 'airflow']"
1268,Flipkart,Data Analyst,Remote,Remote,Internship,7,Spark|ETL|Excel|AWS|Machine Learning|Airflow,26.39,2023-12-01,"['machine learning', 'aws', 'excel', 'airflow', 'spark', 'etl']"
1269,Deloitte,Business Analyst,Chennai,Hybrid,Full-time,8,Statistics|Data Warehousing|Docker|Python|NumPy|ETL,23.4,2024-02-19,"['numpy', 'statistics', 'etl', 'data warehousing', 'python', 'docker']"
1270,Accenture,Analytics Engineer,Hyderabad,Hybrid,Internship,4,Tableau|Excel|Machine Learning|Data Warehousing|Airflow|Docker,18.28,2024-07-09,"['machine learning', 'excel', 'airflow', 'data warehousing', 'tableau', 'docker']"
1271,TCS,Senior Data Analyst,Pune,Remote,Contract,6,Docker|Azure|Excel|SQL|Tableau|Power BI|AWS,21.32,2023-02-28,"['aws', 'excel', 'sql', 'docker', 'power bi', 'tableau', 'azure']"
1272,Amazon,BI Analyst,Bengaluru,Hybrid,Contract,6,Docker|ETL|Python|Pandas|Data Warehousing,20.96,2024-05-18,"['etl', 'data warehousing', 'pandas', 'python', 'docker']"
1273,Flipkart,Analytics Engineer,Hyderabad,Remote,Full-time,3,Docker|Statistics|Excel|Tableau|AWS|Power BI|Pandas,13.28,2023-03-26,"['statistics', 'aws', 'excel', 'power bi', 'pandas', 'tableau', 'docker']"
1274,Paytm,Data Analyst,Remote,Remote,Full-time,1,Excel|Docker|Statistics|SQL,6.96,2023-02-22,"['statistics', 'sql', 'docker', 'excel']"
1275,Walmart,BI Analyst,Delhi,Remote,Internship,2,Excel|AWS|Docker|Pandas,11.1,2024-11-13,"['pandas', 'docker', 'aws', 'excel']"
1276,Cognizant,Data Analyst,Bengaluru,Onsite,Full-time,0,AWS|Azure|SQL|Python|Data Warehousing,4.5,2023-07-16,"['aws', 'sql', 'data warehousing', 'python', 'azure']"
1277,Walmart,BI Analyst,Mumbai,Onsite,Full-time,7,Machine Learning|AWS|ETL|Docker,24.84,2023-05-22,"['machine learning', 'docker', 'etl', 'aws']"
1278,Infosys,BI Analyst,Delhi,Hybrid,Internship,4,Data Warehousing|Tableau|Statistics|AWS|ETL,13.68,2023-12-13,"['statistics', 'aws', 'etl', 'data warehousing', 'tableau']"
1279,Razorpay,Business Analyst,Remote,Onsite,Internship,7,Spark|AWS|Excel|Azure|Data Warehousing|NumPy|Airflow,22.95,2023-11-13,"['numpy', 'aws', 'excel', 'airflow', 'spark', 'data warehousing', 'azure']"
1280,Cognizant,Senior Data Analyst,Bengaluru,Onsite,Full-time,3,Git|Excel|Spark|Power BI|Python,14.63,2023-06-01,"['excel', 'git', 'power bi', 'spark', 'python']"
1281,Amazon,BI Analyst,Chennai,Remote,Contract,2,Power BI|AWS|Airflow|Pandas|Spark,11.16,2024-03-21,"['aws', 'airflow', 'power bi', 'spark', 'pandas']"
1282,Flipkart,Data Analyst,Pune,Onsite,Contract,8,AWS|NumPy|Git|Statistics|Azure|Python|Pandas|Power BI,22.7,2023-02-02,"['numpy', 'statistics', 'aws', 'git', 'power bi', 'pandas', 'python', 'azure']"
1283,Swiggy,BI Analyst,Remote,Hybrid,Internship,2,Git|Airflow|ETL|Spark|Pandas|Statistics|Power BI,10.4,2024-03-08,"['statistics', 'git', 'airflow', 'power bi', 'spark', 'etl', 'pandas']"
1284,Accenture,Senior Data Analyst,Pune,Hybrid,Full-time,2,Pandas|Machine Learning|NumPy|SQL,10.63,2023-05-24,"['machine learning', 'pandas', 'sql', 'numpy']"
1285,Swiggy,Analytics Engineer,Delhi,Hybrid,Contract,7,NumPy|Pandas|Data Warehousing|Python|Airflow|Docker,21.03,2024-09-21,"['numpy', 'airflow', 'data warehousing', 'pandas', 'python', 'docker']"
1286,Paytm,Senior Data Analyst,Chennai,Remote,Contract,0,ETL|NumPy|Tableau|Power BI,6.57,2024-06-01,"['tableau', 'numpy', 'etl', 'power bi']"
1287,Deloitte,Analytics Engineer,Mumbai,Hybrid,Full-time,6,NumPy|Docker|Airflow|Spark|Git|Python|Statistics|AWS,20.49,2024-04-12,"['numpy', 'statistics', 'aws', 'git', 'airflow', 'spark', 'python', 'docker']"
1288,Cognizant,Senior Data Analyst,Pune,Hybrid,Internship,5,Docker|Power BI|Statistics|Data Warehousing,16.72,2023-11-19,"['data warehousing', 'statistics', 'docker', 'power bi']"
1289,Microsoft,Business Analyst,Chennai,Hybrid,Full-time,7,AWS|SQL|Docker|Tableau|Azure|Data Warehousing,20.01,2023-08-23,"['aws', 'sql', 'docker', 'data warehousing', 'tableau', 'azure']"
1290,Deloitte,Business Analyst,Remote,Hybrid,Contract,7,Airflow|Python|NumPy|ETL|SQL,22.44,2024-07-13,"['numpy', 'sql', 'airflow', 'etl', 'python']"
1291,Razorpay,Data Analyst,Mumbai,Hybrid,Contract,8,SQL|ETL|AWS|Tableau|Machine Learning|Azure,25.85,2023-08-29,"['machine learning', 'aws', 'sql', 'etl', 'tableau', 'azure']"
1292,Amazon,Analytics Engineer,Chennai,Remote,Full-time,5,NumPy|Python|Azure|Data Warehousing|SQL,19.34,2023-01-22,"['numpy', 'sql', 'data warehousing', 'python', 'azure']"
1293,Accenture,Business Analyst,Hyderabad,Remote,Contract,4,AWS|Machine Learning|NumPy|Power BI|Git,18.08,2023-10-23,"['machine learning', 'numpy', 'aws', 'git', 'power bi']"
1294,Amazon,Analytics Engineer,Remote,Onsite,Full-time,8,Power BI|Excel|Docker|SQL,22.7,2023-10-04,"['sql', 'excel', 'docker', 'power bi']"
1295,Razorpay,Data Analyst,Mumbai,Hybrid,Contract,7,Tableau|Git|Machine Learning|SQL|Statistics|Azure,23.25,2023-04-05,"['machine learning', 'statistics', 'git', 'sql', 'tableau', 'azure']"
1296,TCS,Business Analyst,Remote,Onsite,Full-time,6,Machine Learning|Python|Git|AWS|Airflow,20.99,2023-12-17,"['machine learning', 'aws', 'git', 'airflow', 'python']"
1297,TCS,Analytics Engineer,Remote,Hybrid,Full-time,8,ETL|Spark|Python|Pandas|NumPy,24.92,2024-02-17,"['numpy', 'spark', 'etl', 'pandas', 'python']"
1298,Paytm,Business Analyst,Pune,Hybrid,Full-time,3,ETL|Power BI|Spark|Tableau|Azure|Statistics|Machine Learning|Git,14.11,2023-02-12,"['machine learning', 'statistics', 'git', 'power bi', 'spark', 'etl', 'tableau', 'azure']"
1299,Zoho,BI Analyst,Delhi,Hybrid,Contract,3,Spark|Python|Azure|Pandas,12.25,2023-01-08,"['spark', 'pandas', 'python', 'azure']"
1300,Deloitte,BI Analyst,Pune,Remote,Full-time,1,Tableau|Data Warehousing|AWS|Power BI|Statistics,8.68,2023-12-15,"['statistics', 'aws', 'power bi', 'data warehousing', 'tableau']"
1301,Infosys,Analytics Engineer,Bengaluru,Onsite,Full-time,0,Statistics|AWS|Machine Learning|Docker|NumPy|Excel,10.32,2024-11-11,"['machine learning', 'statistics', 'numpy', 'aws', 'excel', 'docker']"
1302,Freshworks,Data Scientist,Chennai,Onsite,Contract,4,Excel|Machine Learning|Pandas|Docker|NumPy|SQL|ETL,20.43,2023-11-04,"['machine learning', 'numpy', 'excel', 'sql', 'etl', 'pandas', 'docker']"
1303,Walmart,Data Analyst,Mumbai,Remote,Full-time,0,Azure|Pandas|Spark|SQL|Power BI|Machine Learning,7.3,2023-04-27,"['machine learning', 'sql', 'power bi', 'spark', 'pandas', 'azure']"
1304,Microsoft,Senior Data Analyst,Hyderabad,Onsite,Internship,5,Tableau|Pandas|AWS|Data Warehousing|Git|SQL,15.93,2024-07-17,"['aws', 'git', 'sql', 'pandas', 'data warehousing', 'tableau']"
1305,Flipkart,Data Analyst,Bengaluru,Remote,Full-time,8,AWS|Data Warehousing|SQL|NumPy|Airflow|Python|Excel|Docker,26.81,2023-02-23,"['numpy', 'aws', 'excel', 'sql', 'airflow', 'data warehousing', 'python', 'docker']"
1306,Microsoft,Data Analyst,Mumbai,Onsite,Full-time,1,Python|Tableau|Git|Statistics|Data Warehousing|Docker|Pandas|NumPy,5.48,2024-07-28,"['statistics', 'numpy', 'git', 'pandas', 'data warehousing', 'tableau', 'python', 'docker']"
1307,Swiggy,Data Analyst,Pune,Onsite,Internship,5,Pandas|Tableau|Azure|Airflow|Python,17.12,2023-06-23,"['airflow', 'pandas', 'tableau', 'python', 'azure']"
1308,Razorpay,Data Scientist,Mumbai,Remote,Internship,8,Docker|Python|Azure|Machine Learning|Excel,33.53,2024-05-19,"['machine learning', 'excel', 'docker', 'python', 'azure']"
1309,Cognizant,Business Analyst,Hyderabad,Hybrid,Contract,0,NumPy|Airflow|Tableau|Docker|Machine Learning|Excel|Pandas,6.73,2024-08-15,"['machine learning', 'numpy', 'excel', 'airflow', 'pandas', 'tableau', 'docker']"
1310,Amazon,Senior Data Analyst,Pune,Remote,Internship,3,Tableau|Docker|Excel|Azure|AWS|Statistics|Python|SQL,13.74,2023-05-12,"['statistics', 'aws', 'excel', 'docker', 'sql', 'tableau', 'python', 'azure']"
1311,TCS,Business Analyst,Bengaluru,Remote,Full-time,1,Excel|SQL|Tableau|Git|Spark,10.55,2023-05-17,"['excel', 'git', 'sql', 'spark', 'tableau']"
1312,Freshworks,Senior Data Analyst,Chennai,Onsite,Full-time,1,Python|NumPy|Spark|SQL|Git|Data Warehousing|ETL|Docker,5.43,2024-10-25,"['numpy', 'git', 'sql', 'spark', 'etl', 'data warehousing', 'python', 'docker']"
1313,Flipkart,Senior Data Analyst,Hyderabad,Hybrid,Internship,5,Airflow|Machine Learning|Statistics|Azure|Tableau|Docker|Power BI,18.56,2024-11-12,"['machine learning', 'statistics', 'docker', 'airflow', 'power bi', 'tableau', 'azure']"
1314,Razorpay,Business Analyst,Hyderabad,Onsite,Internship,7,Machine Learning|Docker|Python|Excel|Git|NumPy|Statistics,25.67,2023-03-03,"['machine learning', 'numpy', 'statistics', 'excel', 'git', 'python', 'docker']"
1315,Zoho,BI Analyst,Chennai,Onsite,Internship,8,NumPy|Docker|SQL|Excel|Power BI|ETL,24.81,2024-04-29,"['numpy', 'excel', 'sql', 'power bi', 'etl', 'docker']"
1316,Zoho,Data Analyst,Remote,Hybrid,Full-time,7,AWS|Statistics|ETL|Tableau|Spark|Excel,20.81,2024-05-06,"['statistics', 'aws', 'excel', 'spark', 'etl', 'tableau']"
1317,Paytm,BI Analyst,Mumbai,Remote,Contract,2,Statistics|ETL|NumPy|Tableau,11.8,2023-04-23,"['tableau', 'numpy', 'statistics', 'etl']"
1318,Cognizant,Data Scientist,Bengaluru,Onsite,Full-time,5,Machine Learning|Tableau|Excel|Docker|Azure|Data Warehousing|Git|NumPy,26.87,2023-04-20,"['machine learning', 'numpy', 'excel', 'git', 'docker', 'data warehousing', 'tableau', 'azure']"
1319,Infosys,Senior Data Analyst,Bengaluru,Onsite,Contract,4,Data Warehousing|Pandas|Azure|Statistics|Machine Learning,18.48,2024-07-21,"['machine learning', 'statistics', 'data warehousing', 'pandas', 'azure']"
1320,Swiggy,Analytics Engineer,Delhi,Hybrid,Internship,5,ETL|NumPy|Power BI|SQL,17.29,2023-09-15,"['numpy', 'sql', 'etl', 'power bi']"
1321,Walmart,Senior Data Analyst,Chennai,Onsite,Full-time,3,Spark|Tableau|NumPy|Statistics|AWS|ETL|Data Warehousing,11.01,2024-04-27,"['numpy', 'statistics', 'aws', 'spark', 'etl', 'data warehousing', 'tableau']"
1322,Amazon,Analytics Engineer,Mumbai,Onsite,Full-time,5,Statistics|Docker|Machine Learning|Python|Spark|SQL|Airflow,19.23,2023-02-14,"['machine learning', 'statistics', 'sql', 'airflow', 'spark', 'python', 'docker']"
1323,Amazon,BI Analyst,Delhi,Onsite,Contract,6,Power BI|Tableau|Azure|Machine Learning|Statistics|Spark|Data Warehousing|ETL,21.61,2023-02-07,"['machine learning', 'statistics', 'power bi', 'spark', 'etl', 'data warehousing', 'tableau', 'azure']"
1324,Amazon,Data Analyst,Bengaluru,Hybrid,Contract,6,Machine Learning|Git|ETL|Tableau,24.34,2023-04-06,"['git', 'machine learning', 'tableau', 'etl']"
1325,Razorpay,Analytics Engineer,Hyderabad,Remote,Contract,8,SQL|ETL|Spark|Excel|Machine Learning,29.09,2023-01-07,"['machine learning', 'excel', 'sql', 'spark', 'etl']"
1326,Zoho,Business Analyst,Chennai,Onsite,Contract,6,Tableau|Power BI|Machine Learning|AWS|Data Warehousing|Docker,22.59,2024-01-01,"['machine learning', 'aws', 'power bi', 'data warehousing', 'tableau', 'docker']"
1327,Walmart,Analytics Engineer,Hyderabad,Onsite,Internship,2,Tableau|Python|Azure|Excel,7.97,2023-02-16,"['tableau', 'python', 'azure', 'excel']"
1328,Amazon,Business Analyst,Delhi,Hybrid,Full-time,3,NumPy|Excel|ETL|Statistics|Python,11.86,2023-02-02,"['numpy', 'statistics', 'excel', 'etl', 'python']"
1329,Infosys,Data Scientist,Pune,Hybrid,Internship,3,AWS|Docker|Power BI|Spark|SQL|Git,14.51,2023-02-05,"['aws', 'git', 'sql', 'power bi', 'spark', 'docker']"
1330,TCS,Business Analyst,Hyderabad,Hybrid,Contract,6,Power BI|Pandas|Tableau|SQL,18.8,2023-06-20,"['tableau', 'pandas', 'sql', 'power bi']"
1331,Zoho,Data Scientist,Hyderabad,Hybrid,Contract,8,Data Warehousing|Azure|Git|Statistics|Power BI|AWS|Machine Learning|Spark,30.02,2024-03-31,"['machine learning', 'statistics', 'aws', 'git', 'power bi', 'spark', 'data warehousing', 'azure']"
1332,TCS,Senior Data Analyst,Bengaluru,Remote,Full-time,4,NumPy|Python|Tableau|Data Warehousing|Excel|Docker|Machine Learning|Statistics,21.39,2023-05-10,"['machine learning', 'numpy', 'statistics', 'excel', 'data warehousing', 'tableau', 'python', 'docker']"
1333,Swiggy,Business Analyst,Mumbai,Remote,Internship,8,ETL|Airflow|Git|Azure,26.45,2023-02-24,"['git', 'azure', 'etl', 'airflow']"
1334,Deloitte,Business Analyst,Remote,Remote,Internship,8,Excel|Statistics|Git|Python|Machine Learning,29.65,2023-09-05,"['machine learning', 'statistics', 'excel', 'git', 'python']"
1335,Infosys,Analytics Engineer,Hyderabad,Onsite,Full-time,1,Data Warehousing|Power BI|Excel|Git|Pandas|Machine Learning,9.28,2023-07-30,"['machine learning', 'excel', 'git', 'power bi', 'data warehousing', 'pandas']"
1336,Freshworks,Business Analyst,Delhi,Hybrid,Contract,1,Excel|Git|SQL|NumPy|Spark|Azure|Machine Learning|ETL,8.49,2023-10-10,"['machine learning', 'numpy', 'excel', 'git', 'sql', 'spark', 'etl', 'azure']"
1337,TCS,Data Analyst,Delhi,Onsite,Internship,0,Python|Data Warehousing|Docker|Airflow,3.47,2024-10-14,"['data warehousing', 'python', 'docker', 'airflow']"
1338,Infosys,Data Analyst,Delhi,Hybrid,Full-time,1,ETL|Tableau|Statistics|Airflow|Machine Learning,10.36,2024-09-11,"['machine learning', 'statistics', 'airflow', 'etl', 'tableau']"
1339,Razorpay,Data Scientist,Delhi,Hybrid,Full-time,2,Azure|Airflow|Data Warehousing|SQL|ETL|Machine Learning,15.38,2023-06-13,"['machine learning', 'sql', 'airflow', 'etl', 'data warehousing', 'azure']"
1340,Deloitte,Analytics Engineer,Remote,Hybrid,Contract,2,ETL|AWS|Statistics|Machine Learning|Airflow|SQL|Power BI|Azure,12.36,2023-02-13,"['machine learning', 'statistics', 'aws', 'sql', 'airflow', 'power bi', 'etl', 'azure']"
1341,Infosys,BI Analyst,Bengaluru,Remote,Full-time,7,Data Warehousing|Docker|Statistics|Python,23.51,2023-09-25,"['data warehousing', 'statistics', 'python', 'docker']"
1342,Zoho,BI Analyst,Hyderabad,Hybrid,Contract,5,Power BI|Spark|ETL|Machine Learning|Excel|Docker,19.69,2023-08-30,"['machine learning', 'excel', 'power bi', 'spark', 'etl', 'docker']"
1343,Zoho,Business Analyst,Remote,Remote,Internship,4,Statistics|Azure|Pandas|ETL|Python|Git|Excel|Power BI,16.19,2024-07-19,"['statistics', 'excel', 'git', 'power bi', 'etl', 'pandas', 'python', 'azure']"
1344,Deloitte,Data Analyst,Mumbai,Remote,Full-time,7,Docker|NumPy|Tableau|ETL,22.88,2023-12-30,"['tableau', 'numpy', 'etl', 'docker']"
1345,Walmart,Analytics Engineer,Bengaluru,Onsite,Full-time,8,Excel|Power BI|Python|Data Warehousing|Airflow,25.68,2024-06-25,"['excel', 'airflow', 'power bi', 'data warehousing', 'python']"
1346,Freshworks,Analytics Engineer,Hyderabad,Remote,Internship,8,Machine Learning|Data Warehousing|Docker|Azure,28.5,2023-09-12,"['data warehousing', 'machine learning', 'azure', 'docker']"
1347,TCS,Business Analyst,Hyderabad,Remote,Internship,6,Data Warehousing|Power BI|NumPy|Excel|Tableau,19.42,2024-02-14,"['numpy', 'excel', 'power bi', 'data warehousing', 'tableau']"
1348,Zoho,Data Scientist,Bengaluru,Onsite,Contract,4,Data Warehousing|AWS|NumPy|Excel|Power BI,20.77,2023-05-14,"['numpy', 'aws', 'excel', 'power bi', 'data warehousing']"
1349,Walmart,Data Scientist,Remote,Onsite,Contract,8,NumPy|Tableau|Excel|Airflow|Git|SQL|Statistics,27.67,2024-10-08,"['numpy', 'statistics', 'excel', 'git', 'sql', 'airflow', 'tableau']"
1350,Flipkart,Business Analyst,Delhi,Remote,Full-time,5,AWS|SQL|Power BI|NumPy|Airflow|Tableau,17.52,2024-11-30,"['numpy', 'aws', 'sql', 'airflow', 'power bi', 'tableau']"
1351,Walmart,Senior Data Analyst,Pune,Hybrid,Internship,3,Power BI|ETL|NumPy|Excel,10.87,2024-08-12,"['numpy', 'etl', 'excel', 'power bi']"
1352,Accenture,Analytics Engineer,Mumbai,Remote,Contract,0,Tableau|Spark|Data Warehousing|Machine Learning|ETL,9.49,2023-10-10,"['machine learning', 'spark', 'etl', 'data warehousing', 'tableau']"
1353,Amazon,Data Scientist,Remote,Hybrid,Full-time,2,SQL|Azure|Python|Excel|ETL|Airflow|Git,12.11,2023-08-10,"['excel', 'git', 'sql', 'airflow', 'etl', 'python', 'azure']"
1354,TCS,Senior Data Analyst,Remote,Onsite,Contract,3,Machine Learning|Azure|Git|Spark|SQL|NumPy|Tableau|Power BI,13.28,2024-09-06,"['machine learning', 'numpy', 'git', 'sql', 'power bi', 'spark', 'tableau', 'azure']"
1355,Paytm,Analytics Engineer,Bengaluru,Remote,Full-time,7,SQL|NumPy|Tableau|AWS,24.09,2023-08-10,"['tableau', 'numpy', 'sql', 'aws']"
1356,Razorpay,BI Analyst,Bengaluru,Onsite,Contract,5,SQL|Docker|ETL|Python|Spark,18.84,2024-06-01,"['sql', 'spark', 'etl', 'python', 'docker']"
1357,Infosys,Senior Data Analyst,Delhi,Remote,Full-time,6,Git|Docker|Airflow|Machine Learning,22.03,2023-07-09,"['airflow', 'git', 'machine learning', 'docker']"
1358,Amazon,Data Analyst,Mumbai,Onsite,Contract,0,Tableau|Azure|Airflow|NumPy|SQL|Machine Learning|Power BI|AWS,7.57,2023-12-08,"['machine learning', 'numpy', 'aws', 'sql', 'airflow', 'power bi', 'tableau', 'azure']"
1359,Zoho,Data Scientist,Delhi,Onsite,Full-time,7,AWS|Tableau|Spark|NumPy|Python|Data Warehousing,25.1,2023-12-21,"['numpy', 'aws', 'spark', 'data warehousing', 'tableau', 'python']"
1360,Deloitte,Data Analyst,Chennai,Onsite,Contract,1,Power BI|Tableau|Docker|Machine Learning|Azure|AWS,8.88,2023-08-25,"['machine learning', 'aws', 'docker', 'power bi', 'tableau', 'azure']"
1361,Accenture,Analytics Engineer,Remote,Remote,Internship,7,Python|Excel|Airflow|NumPy|Tableau|Power BI,24.32,2024-09-13,"['numpy', 'excel', 'airflow', 'power bi', 'tableau', 'python']"
1362,TCS,Analytics Engineer,Chennai,Hybrid,Internship,2,Statistics|Git|Excel|Pandas,7.78,2023-02-07,"['pandas', 'git', 'statistics', 'excel']"
1363,Razorpay,Data Scientist,Delhi,Onsite,Contract,4,Data Warehousing|Docker|Spark|Python|Pandas,18.88,2023-09-01,"['spark', 'data warehousing', 'pandas', 'python', 'docker']"
1364,Walmart,BI Analyst,Bengaluru,Onsite,Full-time,6,SQL|Tableau|Data Warehousing|Spark|Power BI|NumPy|Python,22.47,2024-06-16,"['numpy', 'sql', 'power bi', 'spark', 'data warehousing', 'tableau', 'python']"
1365,Amazon,Senior Data Analyst,Chennai,Remote,Full-time,6,Power BI|Python|NumPy|Data Warehousing|Azure|Statistics|SQL,19.3,2023-06-29,"['numpy', 'statistics', 'sql', 'power bi', 'data warehousing', 'python', 'azure']"
1366,Freshworks,Senior Data Analyst,Mumbai,Onsite,Contract,5,SQL|Docker|Machine Learning|Git|Power BI|NumPy,19.88,2024-05-11,"['machine learning', 'numpy', 'git', 'sql', 'power bi', 'docker']"
1367,Razorpay,Analytics Engineer,Mumbai,Onsite,Full-time,2,NumPy|Machine Learning|Excel|Spark|Python|SQL|Tableau|Git,12.08,2024-04-03,"['machine learning', 'numpy', 'excel', 'git', 'sql', 'spark', 'tableau', 'python']"
1368,Flipkart,Senior Data Analyst,Hyderabad,Remote,Full-time,4,ETL|Excel|NumPy|Python|Tableau,15.84,2023-05-08,"['numpy', 'excel', 'etl', 'tableau', 'python']"
1369,Microsoft,Data Analyst,Remote,Hybrid,Internship,5,Python|SQL|Machine Learning|Pandas|AWS|Airflow|ETL,19.72,2023-01-17,"['machine learning', 'aws', 'sql', 'airflow', 'etl', 'pandas', 'python']"
1370,Cognizant,BI Analyst,Remote,Remote,Contract,4,Pandas|Airflow|ETL|AWS|Spark|Docker|Git|NumPy,16.42,2024-11-03,"['numpy', 'aws', 'git', 'airflow', 'spark', 'etl', 'pandas', 'docker']"
1371,Cognizant,Analytics Engineer,Remote,Hybrid,Full-time,7,Data Warehousing|AWS|Power BI|Machine Learning,24.15,2024-08-05,"['data warehousing', 'machine learning', 'aws', 'power bi']"
1372,Accenture,Business Analyst,Remote,Onsite,Full-time,5,Tableau|AWS|Python|Airflow|Machine Learning|Excel|ETL|Azure,20.67,2023-04-21,"['machine learning', 'aws', 'excel', 'airflow', 'etl', 'tableau', 'python', 'azure']"
1373,Swiggy,Business Analyst,Pune,Remote,Contract,4,Docker|Airflow|AWS|Machine Learning|Python,17.07,2024-07-25,"['machine learning', 'aws', 'airflow', 'python', 'docker']"
1374,Accenture,Business Analyst,Delhi,Hybrid,Internship,6,Git|Docker|Data Warehousing|Python,19.75,2023-11-13,"['data warehousing', 'git', 'python', 'docker']"
1375,Paytm,Data Scientist,Mumbai,Onsite,Contract,3,Statistics|Azure|ETL|Git|AWS|Pandas|Docker|Tableau,16.69,2023-01-18,"['statistics', 'aws', 'git', 'docker', 'etl', 'tableau', 'pandas', 'azure']"
1376,Deloitte,Data Analyst,Chennai,Onsite,Contract,5,Tableau|Excel|Git|Spark|AWS|Airflow|NumPy,17.41,2023-05-31,"['numpy', 'aws', 'excel', 'git', 'airflow', 'spark', 'tableau']"
1377,Zoho,Analytics Engineer,Pune,Hybrid,Full-time,5,Excel|Docker|Azure|Data Warehousing|SQL|Machine Learning|NumPy|AWS,19.89,2023-08-10,"['machine learning', 'numpy', 'aws', 'excel', 'sql', 'docker', 'data warehousing', 'azure']"
1378,Razorpay,Analytics Engineer,Mumbai,Hybrid,Contract,7,Tableau|Excel|Airflow|Data Warehousing|Git|Machine Learning|Pandas,23.36,2023-07-16,"['machine learning', 'excel', 'git', 'airflow', 'pandas', 'data warehousing', 'tableau']"
1379,Walmart,BI Analyst,Delhi,Onsite,Contract,8,Statistics|AWS|Docker|Machine Learning|Excel,25.59,2023-06-18,"['machine learning', 'statistics', 'aws', 'excel', 'docker']"
1380,Infosys,Business Analyst,Pune,Onsite,Internship,0,Data Warehousing|Docker|AWS|NumPy,2.85,2024-02-01,"['data warehousing', 'numpy', 'aws', 'docker']"
1381,Infosys,Business Analyst,Remote,Onsite,Internship,1,NumPy|Azure|Docker|Git,7.84,2024-01-20,"['git', 'numpy', 'docker', 'azure']"
1382,Freshworks,Data Analyst,Chennai,Onsite,Internship,4,AWS|Power BI|Docker|Spark,13.72,2023-07-01,"['spark', 'docker', 'aws', 'power bi']"
1383,Microsoft,Analytics Engineer,Delhi,Hybrid,Contract,3,Git|Docker|Azure|Power BI|Python|Spark|Pandas|Tableau,10.05,2024-05-22,"['git', 'docker', 'power bi', 'spark', 'tableau', 'pandas', 'python', 'azure']"
1384,Paytm,BI Analyst,Remote,Hybrid,Contract,4,Pandas|SQL|Spark|Statistics|Power BI|Git|NumPy,12.89,2023-05-21,"['statistics', 'numpy', 'git', 'sql', 'power bi', 'spark', 'pandas']"
1385,Cognizant,Data Analyst,Bengaluru,Onsite,Full-time,8,ETL|Data Warehousing|Git|NumPy,26.6,2024-09-08,"['data warehousing', 'git', 'numpy', 'etl']"
1386,Accenture,Senior Data Analyst,Hyderabad,Onsite,Contract,0,Data Warehousing|Machine Learning|SQL|Tableau|Docker|Airflow|Statistics,8.36,2023-11-18,"['machine learning', 'statistics', 'sql', 'airflow', 'data warehousing', 'tableau', 'docker']"
1387,Infosys,Data Scientist,Bengaluru,Hybrid,Internship,2,Spark|Airflow|SQL|Statistics|Machine Learning,17.11,2023-06-18,"['machine learning', 'statistics', 'sql', 'airflow', 'spark']"
1388,Accenture,Data Analyst,Delhi,Hybrid,Internship,1,Pandas|Python|NumPy|SQL|Tableau|Git|Airflow|Machine Learning,9.4,2024-07-13,"['machine learning', 'numpy', 'git', 'sql', 'airflow', 'pandas', 'tableau', 'python']"
1389,Microsoft,Senior Data Analyst,Delhi,Remote,Full-time,6,NumPy|Data Warehousing|Statistics|SQL,19.92,2024-08-29,"['data warehousing', 'numpy', 'sql', 'statistics']"
1390,Zoho,Data Scientist,Remote,Onsite,Full-time,2,Azure|SQL|Power BI|Docker|NumPy|Excel|Machine Learning|Python,15.33,2023-02-24,"['machine learning', 'numpy', 'excel', 'sql', 'power bi', 'azure', 'python', 'docker']"
1391,Razorpay,BI Analyst,Pune,Remote,Full-time,3,Tableau|Airflow|Statistics|Machine Learning|SQL|Power BI,16.0,2024-06-09,"['machine learning', 'statistics', 'sql', 'airflow', 'power bi', 'tableau']"
1392,Deloitte,Business Analyst,Remote,Remote,Internship,1,Pandas|Power BI|Git|Statistics,8.98,2023-04-15,"['git', 'pandas', 'statistics', 'power bi']"
1393,Razorpay,Business Analyst,Pune,Onsite,Internship,4,Docker|Pandas|AWS|Machine Learning|ETL|Spark|Statistics|Git,16.78,2023-08-26,"['machine learning', 'statistics', 'aws', 'git', 'spark', 'etl', 'pandas', 'docker']"
1394,Freshworks,Business Analyst,Delhi,Onsite,Internship,1,Pandas|Azure|NumPy|Python|Data Warehousing|Tableau|AWS|Statistics,7.36,2024-08-25,"['numpy', 'statistics', 'tableau', 'aws', 'data warehousing', 'pandas', 'python', 'azure']"
1395,Deloitte,Data Scientist,Hyderabad,Hybrid,Full-time,6,Tableau|Git|Statistics|Spark|Python|NumPy|ETL,23.84,2023-05-31,"['statistics', 'numpy', 'git', 'spark', 'etl', 'tableau', 'python']"
1396,Flipkart,Senior Data Analyst,Delhi,Hybrid,Contract,0,Excel|Power BI|Azure|Docker|ETL|Airflow|Tableau,4.52,2023-03-30,"['excel', 'airflow', 'power bi', 'azure', 'etl', 'tableau', 'docker']"
1397,Zoho,Data Scientist,Delhi,Hybrid,Internship,5,Azure|Git|ETL|SQL,20.71,2023-03-16,"['git', 'sql', 'etl', 'azure']"
1398,Infosys,Data Scientist,Pune,Remote,Internship,2,Excel|Azure|AWS|NumPy,14.67,2024-07-01,"['aws', 'numpy', 'azure', 'excel']"
1399,Swiggy,Senior Data Analyst,Mumbai,Remote,Contract,3,AWS|Python|Power BI|Git|ETL|Pandas|Airflow,12.19,2024-07-09,"['aws', 'git', 'airflow', 'power bi', 'etl', 'pandas', 'python']"
1400,TCS,Data Scientist,Mumbai,Remote,Contract,4,AWS|Excel|ETL|Data Warehousing|Pandas|Spark|Docker|Machine Learning,22.94,2023-10-18,"['machine learning', 'aws', 'excel', 'spark', 'etl', 'data warehousing', 'pandas', 'docker']"
1401,Zoho,BI Analyst,Hyderabad,Remote,Full-time,8,Git|SQL|Spark|Azure|Statistics|ETL|Pandas|Power BI,25.34,2024-05-04,"['statistics', 'git', 'sql', 'power bi', 'spark', 'etl', 'pandas', 'azure']"
1402,TCS,Analytics Engineer,Bengaluru,Remote,Contract,2,Git|Machine Learning|NumPy|Airflow,16.16,2024-11-10,"['airflow', 'git', 'numpy', 'machine learning']"
1403,Walmart,BI Analyst,Pune,Remote,Contract,8,Airflow|Excel|Docker|AWS|Git|NumPy|Machine Learning,27.46,2023-05-13,"['machine learning', 'numpy', 'aws', 'excel', 'git', 'airflow', 'docker']"
1404,Paytm,Analytics Engineer,Hyderabad,Remote,Full-time,3,SQL|Azure|ETL|Machine Learning|Python|NumPy|Git,16.88,2024-01-13,"['machine learning', 'numpy', 'git', 'sql', 'etl', 'python', 'azure']"
1405,Paytm,Data Scientist,Mumbai,Hybrid,Full-time,4,Spark|Airflow|NumPy|Data Warehousing,17.87,2023-02-09,"['spark', 'numpy', 'airflow', 'data warehousing']"
1406,Microsoft,Data Scientist,Remote,Hybrid,Contract,1,Machine Learning|Pandas|Airflow|Spark|ETL,12.75,2024-06-20,"['machine learning', 'airflow', 'spark', 'etl', 'pandas']"
1407,Paytm,BI Analyst,Chennai,Onsite,Internship,6,Excel|Spark|Docker|Git|AWS,18.24,2023-05-17,"['aws', 'excel', 'git', 'spark', 'docker']"
1408,TCS,Analytics Engineer,Hyderabad,Hybrid,Full-time,4,Statistics|NumPy|Machine Learning|AWS|SQL|Pandas|ETL,17.55,2023-12-02,"['machine learning', 'numpy', 'statistics', 'aws', 'sql', 'etl', 'pandas']"
1409,Walmart,Analytics Engineer,Mumbai,Onsite,Internship,5,Pandas|Azure|NumPy|Power BI|AWS|Docker|Git,17.08,2023-12-18,"['numpy', 'aws', 'git', 'docker', 'power bi', 'pandas', 'azure']"
1410,Flipkart,Analytics Engineer,Pune,Hybrid,Contract,5,Statistics|Tableau|Machine Learning|Spark,18.08,2024-10-23,"['tableau', 'machine learning', 'statistics', 'spark']"
1411,Amazon,Analytics Engineer,Chennai,Hybrid,Internship,4,Azure|Python|AWS|Pandas|Airflow|Statistics|Data Warehousing,12.52,2023-11-10,"['statistics', 'aws', 'airflow', 'data warehousing', 'pandas', 'python', 'azure']"
1412,Walmart,Analytics Engineer,Hyderabad,Remote,Full-time,1,Power BI|Tableau|Git|Statistics|AWS|Docker|Data Warehousing|Python,8.61,2024-08-18,"['statistics', 'aws', 'git', 'power bi', 'data warehousing', 'tableau', 'python', 'docker']"
1413,Microsoft,Senior Data Analyst,Bengaluru,Hybrid,Contract,0,Spark|NumPy|ETL|Excel,5.86,2023-12-01,"['spark', 'numpy', 'etl', 'excel']"
1414,Walmart,Business Analyst,Pune,Remote,Full-time,1,Pandas|Spark|AWS|Tableau|NumPy,9.35,2023-04-10,"['numpy', 'aws', 'spark', 'tableau', 'pandas']"
1415,Razorpay,BI Analyst,Remote,Remote,Full-time,7,SQL|Python|AWS|Excel|Power BI|Spark,21.83,2023-03-31,"['aws', 'excel', 'sql', 'power bi', 'spark', 'python']"
1416,Swiggy,Senior Data Analyst,Bengaluru,Remote,Full-time,2,Airflow|Tableau|Spark|AWS|Machine Learning|Statistics|Data Warehousing,16.5,2024-05-04,"['machine learning', 'statistics', 'aws', 'airflow', 'spark', 'data warehousing', 'tableau']"
1417,Razorpay,Senior Data Analyst,Chennai,Remote,Contract,5,Statistics|Spark|NumPy|Power BI|Docker,19.24,2024-03-14,"['numpy', 'statistics', 'power bi', 'spark', 'docker']"
1418,Accenture,Data Analyst,Chennai,Onsite,Internship,5,Data Warehousing|Docker|Airflow|Git|Statistics|Machine Learning|ETL|Excel,19.48,2023-12-12,"['machine learning', 'statistics', 'excel', 'git', 'airflow', 'etl', 'data warehousing', 'docker']"
1419,Accenture,Senior Data Analyst,Hyderabad,Remote,Full-time,4,Azure|Docker|Pandas|Airflow|Git|Spark|AWS|Excel,14.91,2024-09-21,"['aws', 'excel', 'git', 'airflow', 'spark', 'azure', 'pandas', 'docker']"
1420,Razorpay,Data Analyst,Bengaluru,Onsite,Full-time,6,Python|Excel|Git|Docker|Data Warehousing|Airflow,20.42,2024-10-16,"['excel', 'git', 'airflow', 'data warehousing', 'python', 'docker']"
1421,Razorpay,Analytics Engineer,Remote,Onsite,Full-time,3,Statistics|Excel|Azure|Docker,10.98,2023-11-21,"['statistics', 'docker', 'azure', 'excel']"
1422,Deloitte,Business Analyst,Delhi,Hybrid,Full-time,0,Azure|ETL|Python|Machine Learning|Tableau|Data Warehousing,7.71,2024-11-29,"['machine learning', 'etl', 'data warehousing', 'tableau', 'python', 'azure']"
1423,Freshworks,Senior Data Analyst,Pune,Onsite,Contract,4,Data Warehousing|Airflow|NumPy|AWS|Docker|Spark,15.39,2023-08-16,"['numpy', 'aws', 'airflow', 'spark', 'data warehousing', 'docker']"
1424,Swiggy,BI Analyst,Remote,Remote,Contract,7,Docker|Excel|Spark|Python|Power BI|Pandas,23.61,2024-01-13,"['excel', 'power bi', 'spark', 'pandas', 'python', 'docker']"
1425,Accenture,Business Analyst,Remote,Onsite,Internship,1,NumPy|Pandas|Spark|Machine Learning|Airflow|SQL|Power BI|Tableau,8.6,2023-05-27,"['machine learning', 'numpy', 'sql', 'airflow', 'power bi', 'spark', 'tableau', 'pandas']"
1426,Freshworks,Data Analyst,Pune,Hybrid,Contract,4,Power BI|SQL|NumPy|Spark|Python|ETL|Machine Learning|Tableau,15.98,2024-07-20,"['machine learning', 'numpy', 'sql', 'power bi', 'spark', 'etl', 'tableau', 'python']"
1427,Flipkart,Senior Data Analyst,Hyderabad,Onsite,Contract,0,Pandas|ETL|NumPy|Machine Learning|Spark|SQL|Azure|Statistics,6.94,2023-11-25,"['machine learning', 'numpy', 'statistics', 'sql', 'spark', 'etl', 'pandas', 'azure']"
1428,TCS,Data Scientist,Hyderabad,Remote,Internship,5,Machine Learning|ETL|Power BI|NumPy|Git|AWS|Python|Pandas,25.03,2024-11-16,"['machine learning', 'numpy', 'aws', 'git', 'power bi', 'etl', 'pandas', 'python']"
1429,Accenture,BI Analyst,Delhi,Hybrid,Full-time,6,Statistics|Tableau|NumPy|Python|Machine Learning|Power BI|Data Warehousing|SQL,20.69,2023-08-09,"['machine learning', 'numpy', 'statistics', 'sql', 'power bi', 'data warehousing', 'tableau', 'python']"
1430,Swiggy,BI Analyst,Mumbai,Onsite,Full-time,3,Pandas|Python|Data Warehousing|Power BI|Docker|Airflow|AWS|Azure,11.24,2023-06-25,"['aws', 'airflow', 'power bi', 'azure', 'data warehousing', 'pandas', 'python', 'docker']"
1431,Flipkart,Data Scientist,Hyderabad,Onsite,Internship,6,Power BI|AWS|Tableau|Machine Learning|Docker|Data Warehousing,26.46,2023-09-08,"['machine learning', 'aws', 'power bi', 'data warehousing', 'tableau', 'docker']"
1432,Swiggy,Analytics Engineer,Delhi,Hybrid,Full-time,3,AWS|Machine Learning|NumPy|SQL|Statistics|Spark,15.23,2024-05-19,"['machine learning', 'numpy', 'statistics', 'aws', 'sql', 'spark']"
1433,Cognizant,Business Analyst,Mumbai,Hybrid,Full-time,6,Statistics|Python|AWS|Pandas|Excel|Airflow,19.65,2023-04-30,"['statistics', 'aws', 'excel', 'airflow', 'pandas', 'python']"
1434,Flipkart,BI Analyst,Hyderabad,Onsite,Contract,7,Pandas|Data Warehousing|Statistics|SQL,20.74,2024-09-02,"['data warehousing', 'pandas', 'sql', 'statistics']"
1435,Cognizant,Analytics Engineer,Chennai,Onsite,Full-time,7,NumPy|ETL|Spark|Docker,22.85,2024-06-15,"['spark', 'numpy', 'etl', 'docker']"
1436,Razorpay,Business Analyst,Pune,Remote,Internship,2,Tableau|Excel|Airflow|Pandas,11.18,2023-02-25,"['pandas', 'tableau', 'airflow', 'excel']"
1437,Razorpay,Business Analyst,Pune,Remote,Internship,2,SQL|Machine Learning|Airflow|ETL,14.82,2024-04-21,"['machine learning', 'sql', 'etl', 'airflow']"
1438,Amazon,Analytics Engineer,Chennai,Onsite,Full-time,8,Git|Spark|Azure|Tableau|ETL|Airflow|Pandas|Machine Learning,27.41,2024-02-08,"['machine learning', 'git', 'airflow', 'pandas', 'spark', 'etl', 'tableau', 'azure']"
1439,Walmart,Data Analyst,Delhi,Onsite,Contract,3,Machine Learning|AWS|Tableau|NumPy,14.72,2024-08-10,"['machine learning', 'tableau', 'numpy', 'aws']"
1440,Walmart,Data Analyst,Delhi,Remote,Internship,7,Spark|Pandas|Tableau|Docker,21.78,2023-06-02,"['spark', 'pandas', 'tableau', 'docker']"
1441,Cognizant,Analytics Engineer,Hyderabad,Onsite,Internship,2,Spark|Python|SQL|Excel|Tableau|Statistics|Docker|Machine Learning,12.97,2023-01-06,"['machine learning', 'statistics', 'excel', 'sql', 'spark', 'tableau', 'python', 'docker']"
1442,Zoho,BI Analyst,Bengaluru,Onsite,Internship,7,NumPy|ETL|SQL|AWS,22.15,2023-06-04,"['numpy', 'sql', 'etl', 'aws']"
1443,Freshworks,Business Analyst,Pune,Hybrid,Full-time,1,Pandas|Tableau|Docker|Azure|Spark,7.26,2023-05-23,"['docker', 'pandas', 'spark', 'tableau', 'azure']"
1444,Infosys,Data Analyst,Hyderabad,Onsite,Contract,1,Tableau|Airflow|NumPy|SQL,5.36,2023-02-02,"['numpy', 'tableau', 'sql', 'airflow']"
1445,Amazon,Business Analyst,Chennai,Remote,Full-time,5,Git|Statistics|Tableau|AWS|Spark|Airflow|Data Warehousing|Python,17.79,2023-12-12,"['statistics', 'aws', 'git', 'airflow', 'spark', 'data warehousing', 'tableau', 'python']"
1446,Accenture,Analytics Engineer,Hyderabad,Hybrid,Full-time,0,Git|AWS|Airflow|Machine Learning|SQL,5.8,2023-10-19,"['machine learning', 'aws', 'git', 'sql', 'airflow']"
1447,Microsoft,Analytics Engineer,Hyderabad,Remote,Internship,6,Excel|Azure|Docker|Python|AWS|ETL|Pandas|Power BI,20.13,2023-01-18,"['aws', 'excel', 'power bi', 'azure', 'etl', 'pandas', 'python', 'docker']"
1448,Swiggy,Business Analyst,Bengaluru,Onsite,Contract,5,Airflow|Power BI|Data Warehousing|Spark|Docker|Azure,19.0,2024-09-02,"['airflow', 'power bi', 'spark', 'azure', 'data warehousing', 'docker']"
1449,Amazon,Business Analyst,Hyderabad,Hybrid,Internship,7,Tableau|Statistics|ETL|SQL,21.27,2024-01-03,"['tableau', 'sql', 'etl', 'statistics']"
1450,Swiggy,Senior Data Analyst,Chennai,Onsite,Full-time,8,Airflow|AWS|Data Warehousing|Power BI|Tableau|Python,24.84,2023-01-27,"['aws', 'airflow', 'power bi', 'data warehousing', 'tableau', 'python']"
1451,Infosys,BI Analyst,Pune,Hybrid,Full-time,0,Tableau|Spark|AWS|Power BI|Statistics|Data Warehousing|Machine Learning,6.0,2024-09-26,"['machine learning', 'statistics', 'aws', 'power bi', 'spark', 'data warehousing', 'tableau']"
1452,TCS,BI Analyst,Mumbai,Remote,Full-time,1,Docker|Python|NumPy|Tableau|Power BI|Airflow|Excel,7.53,2023-09-25,"['numpy', 'excel', 'airflow', 'power bi', 'tableau', 'python', 'docker']"
1453,Flipkart,Data Scientist,Bengaluru,Remote,Contract,0,AWS|SQL|Tableau|Python|ETL,12.72,2024-02-20,"['aws', 'sql', 'etl', 'tableau', 'python']"
1454,Razorpay,Analytics Engineer,Mumbai,Remote,Contract,7,Docker|AWS|ETL|SQL|Pandas|Statistics,24.49,2024-01-16,"['statistics', 'aws', 'sql', 'etl', 'pandas', 'docker']"
1455,Freshworks,BI Analyst,Remote,Hybrid,Full-time,2,Machine Learning|ETL|Docker|SQL|Power BI,11.8,2023-04-24,"['machine learning', 'sql', 'power bi', 'etl', 'docker']"
1456,Razorpay,Analytics Engineer,Bengaluru,Remote,Full-time,0,Data Warehousing|Tableau|Python|ETL,7.24,2023-08-24,"['data warehousing', 'tableau', 'python', 'etl']"
1457,Deloitte,BI Analyst,Mumbai,Onsite,Contract,6,Power BI|ETL|Data Warehousing|NumPy|Machine Learning|Python,20.79,2024-11-17,"['machine learning', 'numpy', 'power bi', 'etl', 'data warehousing', 'python']"
1458,Amazon,BI Analyst,Pune,Onsite,Contract,1,Python|Tableau|Pandas|Spark|Data Warehousing,6.53,2024-02-23,"['pandas', 'spark', 'data warehousing', 'tableau', 'python']"
1459,Flipkart,Data Analyst,Bengaluru,Hybrid,Contract,3,Git|Statistics|Pandas|SQL,14.91,2023-10-10,"['git', 'statistics', 'sql', 'pandas']"
1460,Flipkart,Senior Data Analyst,Pune,Onsite,Internship,3,Pandas|Tableau|Spark|ETL|Python|Airflow|AWS,11.6,2024-06-24,"['aws', 'airflow', 'pandas', 'spark', 'etl', 'tableau', 'python']"
1461,Amazon,Senior Data Analyst,Bengaluru,Hybrid,Internship,7,Docker|Machine Learning|Statistics|Python|Tableau|SQL|ETL,28.0,2023-07-25,"['machine learning', 'statistics', 'sql', 'etl', 'tableau', 'python', 'docker']"
1462,TCS,BI Analyst,Chennai,Remote,Internship,2,Machine Learning|Docker|Git|NumPy|ETL|Power BI|SQL,13.57,2023-05-22,"['machine learning', 'numpy', 'git', 'sql', 'power bi', 'etl', 'docker']"
1463,Microsoft,BI Analyst,Pune,Onsite,Internship,0,SQL|Machine Learning|NumPy|Git,8.4,2024-10-03,"['git', 'machine learning', 'numpy', 'sql']"
1464,TCS,Data Analyst,Delhi,Hybrid,Full-time,1,SQL|Git|AWS|Statistics,7.74,2023-02-08,"['git', 'statistics', 'sql', 'aws']"
1465,Flipkart,Data Scientist,Mumbai,Onsite,Contract,4,Statistics|Power BI|Docker|Spark|AWS|Git|Azure|Excel,17.25,2023-03-09,"['statistics', 'aws', 'excel', 'git', 'power bi', 'spark', 'azure', 'docker']"
1466,Walmart,Business Analyst,Remote,Remote,Internship,0,Data Warehousing|SQL|Airflow|AWS|Excel|Azure,5.49,2024-02-09,"['aws', 'excel', 'sql', 'airflow', 'data warehousing', 'azure']"
1467,Walmart,Analytics Engineer,Delhi,Onsite,Internship,7,Power BI|NumPy|Statistics|AWS|Git,21.24,2024-09-09,"['numpy', 'statistics', 'aws', 'git', 'power bi']"
1468,Microsoft,Data Scientist,Hyderabad,Hybrid,Contract,4,Docker|Airflow|SQL|Power BI,19.36,2024-05-11,"['airflow', 'sql', 'docker', 'power bi']"
1469,Swiggy,Analytics Engineer,Hyderabad,Onsite,Internship,4,Statistics|Pandas|Airflow|ETL|NumPy,14.57,2024-06-11,"['numpy', 'statistics', 'airflow', 'etl', 'pandas']"
1470,Accenture,Analytics Engineer,Pune,Remote,Full-time,4,Tableau|Git|Airflow|Python|SQL|Spark|Excel|Power BI,14.08,2024-04-23,"['excel', 'git', 'sql', 'airflow', 'power bi', 'spark', 'tableau', 'python']"
1471,Paytm,Analytics Engineer,Delhi,Remote,Full-time,7,Pandas|Tableau|SQL|NumPy|Python|Power BI|Azure|Airflow,22.28,2024-07-12,"['numpy', 'sql', 'airflow', 'pandas', 'power bi', 'tableau', 'python', 'azure']"
1472,Deloitte,Business Analyst,Delhi,Remote,Internship,5,Data Warehousing|Git|ETL|Power BI|SQL|Airflow|Statistics|Python,18.38,2023-10-24,"['statistics', 'git', 'sql', 'airflow', 'power bi', 'etl', 'data warehousing', 'python']"
1473,Razorpay,Analytics Engineer,Hyderabad,Onsite,Internship,0,Airflow|Machine Learning|Excel|ETL,5.86,2023-12-31,"['machine learning', 'etl', 'airflow', 'excel']"
1474,Infosys,Analytics Engineer,Chennai,Remote,Contract,3,Git|Spark|Statistics|Python|Machine Learning|Power BI|Docker|Azure,15.76,2023-11-24,"['machine learning', 'statistics', 'git', 'power bi', 'spark', 'azure', 'python', 'docker']"
1475,TCS,Data Scientist,Mumbai,Hybrid,Full-time,1,NumPy|Airflow|AWS|SQL|Excel,11.29,2024-11-15,"['numpy', 'aws', 'excel', 'sql', 'airflow']"
1476,Swiggy,Business Analyst,Hyderabad,Hybrid,Internship,8,Machine Learning|Pandas|AWS|Azure|NumPy|Data Warehousing|Spark,27.76,2024-08-15,"['machine learning', 'numpy', 'aws', 'spark', 'data warehousing', 'pandas', 'azure']"
1477,Razorpay,BI Analyst,Remote,Onsite,Contract,0,SQL|Spark|Tableau|ETL|Data Warehousing|Excel,4.24,2023-04-26,"['excel', 'sql', 'spark', 'etl', 'data warehousing', 'tableau']"
1478,Flipkart,BI Analyst,Mumbai,Onsite,Full-time,0,Statistics|Pandas|Data Warehousing|Excel|Azure|Spark|Machine Learning,7.67,2023-12-29,"['machine learning', 'statistics', 'excel', 'spark', 'data warehousing', 'pandas', 'azure']"
1479,Microsoft,BI Analyst,Delhi,Remote,Contract,6,AWS|SQL|Git|Data Warehousing|NumPy,21.51,2024-01-21,"['numpy', 'aws', 'git', 'sql', 'data warehousing']"
1480,Freshworks,Analytics Engineer,Hyderabad,Onsite,Contract,3,Docker|Python|Excel|Statistics|Machine Learning|Git,13.03,2024-07-28,"['machine learning', 'statistics', 'excel', 'git', 'python', 'docker']"
1481,Zoho,Data Analyst,Remote,Remote,Full-time,6,Pandas|Spark|AWS|Airflow|Tableau,19.83,2024-07-13,"['aws', 'airflow', 'spark', 'tableau', 'pandas']"
1482,Zoho,Data Analyst,Mumbai,Onsite,Contract,8,Statistics|Machine Learning|ETL|NumPy|Git|Spark|Airflow|Tableau,25.91,2023-09-22,"['machine learning', 'statistics', 'numpy', 'git', 'airflow', 'spark', 'etl', 'tableau']"
1483,Walmart,BI Analyst,Bengaluru,Onsite,Contract,2,Git|Power BI|NumPy|Python|AWS|SQL|Spark|Excel,9.84,2023-09-12,"['numpy', 'aws', 'excel', 'git', 'sql', 'power bi', 'spark', 'python']"
1484,Infosys,Data Scientist,Delhi,Hybrid,Full-time,2,Docker|Tableau|ETL|Git|Statistics,12.53,2023-09-12,"['statistics', 'git', 'etl', 'tableau', 'docker']"
1485,Razorpay,Senior Data Analyst,Chennai,Hybrid,Contract,5,Data Warehousing|Tableau|NumPy|Pandas|Airflow|Spark|Python|Power BI,15.91,2023-05-29,"['numpy', 'airflow', 'pandas', 'spark', 'power bi', 'data warehousing', 'tableau', 'python']"
1486,Zoho,Data Analyst,Bengaluru,Remote,Contract,1,Azure|SQL|Docker|Tableau|Spark|Excel|Airflow,9.71,2023-03-06,"['excel', 'sql', 'docker', 'airflow', 'spark', 'tableau', 'azure']"
1487,Cognizant,Data Scientist,Mumbai,Remote,Full-time,7,Data Warehousing|Excel|Spark|ETL,27.76,2024-10-07,"['data warehousing', 'spark', 'etl', 'excel']"
1488,Microsoft,Analytics Engineer,Hyderabad,Onsite,Contract,8,Airflow|Git|Docker|Machine Learning,25.74,2023-10-05,"['git', 'docker', 'machine learning', 'airflow']"
1489,Deloitte,Analytics Engineer,Pune,Hybrid,Internship,1,Azure|Pandas|Git|NumPy|Data Warehousing,6.27,2024-11-10,"['numpy', 'git', 'data warehousing', 'pandas', 'azure']"
1490,Cognizant,Analytics Engineer,Chennai,Hybrid,Internship,3,Airflow|Git|Excel|Machine Learning|NumPy|AWS|ETL|SQL,13.78,2023-11-18,"['machine learning', 'numpy', 'aws', 'excel', 'git', 'sql', 'airflow', 'etl']"
1491,Flipkart,Data Analyst,Delhi,Hybrid,Internship,1,Excel|Pandas|Python|Docker,5.74,2024-01-26,"['pandas', 'python', 'docker', 'excel']"
1492,Infosys,Data Analyst,Delhi,Remote,Internship,5,Power BI|ETL|SQL|NumPy,17.18,2024-09-02,"['numpy', 'sql', 'etl', 'power bi']"
1493,TCS,Analytics Engineer,Delhi,Onsite,Contract,6,Docker|Azure|Tableau|NumPy|Spark,19.04,2023-09-24,"['numpy', 'docker', 'spark', 'tableau', 'azure']"
1494,Razorpay,Senior Data Analyst,Mumbai,Hybrid,Internship,0,ETL|Python|Data Warehousing|Git|AWS|Azure|Spark,2.91,2024-06-27,"['aws', 'git', 'spark', 'etl', 'data warehousing', 'python', 'azure']"
1495,Razorpay,Senior Data Analyst,Remote,Hybrid,Internship,2,AWS|Airflow|NumPy|Azure,10.21,2024-07-24,"['airflow', 'numpy', 'azure', 'aws']"
1496,Flipkart,BI Analyst,Bengaluru,Hybrid,Contract,6,Docker|SQL|Pandas|Airflow|NumPy|Excel|Power BI,20.77,2024-01-08,"['numpy', 'excel', 'sql', 'airflow', 'power bi', 'pandas', 'docker']"
1497,Razorpay,BI Analyst,Remote,Remote,Full-time,5,Python|Git|Airflow|Excel|ETL|Pandas|Tableau|Azure,18.33,2024-03-11,"['excel', 'git', 'airflow', 'etl', 'tableau', 'pandas', 'python', 'azure']"
1498,Flipkart,Business Analyst,Remote,Hybrid,Full-time,5,Airflow|Data Warehousing|ETL|Power BI|Azure|Docker,17.1,2023-02-25,"['docker', 'airflow', 'power bi', 'etl', 'data warehousing', 'azure']"
1499,TCS,BI Analyst,Hyderabad,Onsite,Full-time,5,Spark|Statistics|Git|Python|Docker|Data Warehousing|Azure|NumPy,15.52,2023-10-29,"['statistics', 'numpy', 'git', 'spark', 'azure', 'data warehousing', 'python', 'docker']"
1500,Infosys,BI Analyst,Bengaluru,Hybrid,Contract,6,ETL|AWS|NumPy|Power BI|Airflow|Pandas|Data Warehousing,19.81,2023-07-01,"['numpy', 'aws', 'airflow', 'power bi', 'etl', 'data warehousing', 'pandas']"
1501,Zoho,Data Scientist,Mumbai,Remote,Internship,1,Spark|Machine Learning|ETL|Airflow,16.48,2023-01-07,"['spark', 'machine learning', 'etl', 'airflow']"
1502,Accenture,Data Analyst,Hyderabad,Onsite,Contract,1,Data Warehousing|Airflow|Statistics|Spark|Git|Machine Learning|Power BI,9.73,2024-01-02,"['machine learning', 'statistics', 'git', 'airflow', 'power bi', 'spark', 'data warehousing']"
1503,Swiggy,Data Analyst,Bengaluru,Onsite,Full-time,4,Excel|Docker|Airflow|Data Warehousing|Power BI|Azure|NumPy,14.83,2023-06-18,"['numpy', 'excel', 'airflow', 'power bi', 'azure', 'data warehousing', 'docker']"
1504,Swiggy,Business Analyst,Delhi,Remote,Full-time,8,Statistics|ETL|Pandas|Tableau|NumPy|Git,25.16,2024-06-29,"['numpy', 'statistics', 'git', 'pandas', 'etl', 'tableau']"
1505,Paytm,BI Analyst,Hyderabad,Onsite,Internship,8,Pandas|Spark|Excel|Machine Learning|Power BI|Git,27.17,2023-08-27,"['machine learning', 'excel', 'git', 'power bi', 'spark', 'pandas']"
1506,Flipkart,Senior Data Analyst,Chennai,Remote,Contract,4,Machine Learning|SQL|Python|Azure|NumPy|Excel,17.86,2024-04-23,"['machine learning', 'numpy', 'excel', 'sql', 'python', 'azure']"
1507,Microsoft,Data Scientist,Delhi,Hybrid,Internship,2,Power BI|Tableau|Data Warehousing|ETL|Git,13.81,2024-09-21,"['git', 'power bi', 'etl', 'data warehousing', 'tableau']"
1508,Paytm,Data Scientist,Delhi,Remote,Full-time,7,Power BI|Git|Statistics|Airflow|NumPy|Tableau|Spark|Excel,27.73,2024-05-16,"['statistics', 'numpy', 'excel', 'git', 'airflow', 'power bi', 'spark', 'tableau']"
1509,Cognizant,Data Analyst,Bengaluru,Onsite,Full-time,3,Airflow|Pandas|Docker|SQL|Statistics|ETL|Python|Machine Learning,17.35,2023-09-10,"['machine learning', 'statistics', 'sql', 'airflow', 'etl', 'pandas', 'python', 'docker']"
1510,Deloitte,Senior Data Analyst,Chennai,Remote,Contract,5,SQL|Airflow|AWS|ETL|Tableau,18.01,2023-05-29,"['aws', 'sql', 'airflow', 'etl', 'tableau']"
1511,Deloitte,Analytics Engineer,Delhi,Onsite,Contract,3,Statistics|AWS|Python|Git|Spark|Azure,10.21,2024-02-10,"['statistics', 'aws', 'git', 'spark', 'python', 'azure']"
1512,Microsoft,BI Analyst,Chennai,Hybrid,Contract,8,Data Warehousing|Power BI|Docker|NumPy|Pandas|ETL,25.25,2024-01-04,"['numpy', 'power bi', 'etl', 'data warehousing', 'pandas', 'docker']"
1513,Cognizant,Senior Data Analyst,Pune,Remote,Full-time,6,NumPy|Spark|ETL|SQL,19.65,2024-07-19,"['spark', 'numpy', 'sql', 'etl']"
1514,Microsoft,Data Analyst,Mumbai,Remote,Internship,5,Tableau|Excel|Machine Learning|Statistics|Git,22.12,2024-01-31,"['machine learning', 'statistics', 'excel', 'git', 'tableau']"
1515,Cognizant,Analytics Engineer,Chennai,Hybrid,Full-time,6,Data Warehousing|Excel|Git|Airflow|Spark|AWS|Python|ETL,19.61,2024-05-05,"['aws', 'excel', 'git', 'airflow', 'spark', 'etl', 'data warehousing', 'python']"
1516,Cognizant,Senior Data Analyst,Bengaluru,Remote,Internship,7,Machine Learning|Airflow|Tableau|Python|ETL,28.12,2024-01-26,"['machine learning', 'airflow', 'etl', 'tableau', 'python']"
1517,Accenture,Senior Data Analyst,Mumbai,Hybrid,Internship,2,Excel|NumPy|Docker|Machine Learning|Azure|Tableau,12.06,2023-09-01,"['machine learning', 'numpy', 'excel', 'docker', 'tableau', 'azure']"
1518,Amazon,Data Analyst,Hyderabad,Remote,Internship,2,ETL|Python|NumPy|Docker,11.95,2024-06-13,"['numpy', 'python', 'etl', 'docker']"
1519,Amazon,Data Analyst,Bengaluru,Onsite,Full-time,8,Pandas|Excel|SQL|Python|Git,25.03,2023-01-03,"['excel', 'git', 'sql', 'pandas', 'python']"
1520,Cognizant,Data Analyst,Remote,Remote,Internship,8,Git|Docker|NumPy|SQL|Python|Airflow|Machine Learning,29.01,2024-07-25,"['machine learning', 'numpy', 'git', 'sql', 'airflow', 'python', 'docker']"
1521,Zoho,BI Analyst,Hyderabad,Hybrid,Full-time,6,Python|Power BI|Docker|Excel,19.89,2023-10-23,"['python', 'excel', 'docker', 'power bi']"
1522,Razorpay,Data Scientist,Remote,Onsite,Internship,3,AWS|Azure|ETL|Tableau|Git|SQL|Data Warehousing|Machine Learning,18.45,2024-03-07,"['machine learning', 'aws', 'git', 'sql', 'etl', 'data warehousing', 'tableau', 'azure']"
1523,Razorpay,Data Scientist,Chennai,Remote,Full-time,2,Azure|AWS|NumPy|Docker|ETL,13.29,2023-01-04,"['numpy', 'aws', 'azure', 'etl', 'docker']"
1524,Walmart,Data Scientist,Pune,Hybrid,Internship,0,Airflow|Pandas|Python|ETL|Excel|Docker|AWS,6.72,2023-01-21,"['aws', 'excel', 'airflow', 'etl', 'pandas', 'python', 'docker']"
1525,Microsoft,Data Analyst,Pune,Hybrid,Internship,6,Airflow|Docker|Excel|SQL|ETL|Python|Azure,20.1,2023-04-03,"['excel', 'sql', 'airflow', 'azure', 'etl', 'python', 'docker']"
1526,Microsoft,Business Analyst,Mumbai,Remote,Full-time,4,Git|Azure|SQL|NumPy,16.32,2024-04-25,"['git', 'numpy', 'sql', 'azure']"
1527,Zoho,Analytics Engineer,Mumbai,Onsite,Internship,0,NumPy|Docker|Data Warehousing|Machine Learning|Tableau|Excel,7.1,2024-08-04,"['machine learning', 'numpy', 'excel', 'data warehousing', 'tableau', 'docker']"
1528,Zoho,Analytics Engineer,Hyderabad,Remote,Internship,6,Airflow|Git|Data Warehousing|Python|Machine Learning,23.67,2024-06-16,"['machine learning', 'git', 'airflow', 'data warehousing', 'python']"
1529,Zoho,Analytics Engineer,Chennai,Remote,Full-time,1,Data Warehousing|ETL|Airflow|AWS|SQL|Pandas|Python,7.04,2024-04-09,"['aws', 'sql', 'airflow', 'etl', 'data warehousing', 'pandas', 'python']"
1530,Freshworks,Analytics Engineer,Delhi,Hybrid,Internship,7,Python|Statistics|Power BI|Data Warehousing|SQL|Git|NumPy,22.55,2024-10-08,"['statistics', 'numpy', 'git', 'sql', 'power bi', 'data warehousing', 'python']"
1531,Razorpay,Analytics Engineer,Remote,Onsite,Contract,8,Airflow|Python|Excel|SQL|Machine Learning,28.33,2024-08-08,"['machine learning', 'excel', 'sql', 'airflow', 'python']"
1532,Swiggy,Business Analyst,Pune,Hybrid,Contract,1,Spark|Azure|Machine Learning|Pandas|SQL|Statistics|Data Warehousing,8.27,2023-05-22,"['machine learning', 'statistics', 'sql', 'spark', 'data warehousing', 'pandas', 'azure']"
1533,Cognizant,Senior Data Analyst,Chennai,Onsite,Full-time,6,Pandas|Power BI|SQL|Machine Learning|Azure|Airflow|Docker|ETL,22.64,2024-02-17,"['machine learning', 'sql', 'docker', 'airflow', 'power bi', 'etl', 'pandas', 'azure']"
1534,TCS,BI Analyst,Mumbai,Remote,Internship,4,Pandas|Excel|AWS|Statistics|Data Warehousing,15.35,2023-09-28,"['statistics', 'aws', 'excel', 'data warehousing', 'pandas']"
1535,Freshworks,Data Scientist,Chennai,Hybrid,Contract,5,Excel|Tableau|Docker|Machine Learning|Pandas|Azure,24.5,2023-02-16,"['machine learning', 'excel', 'azure', 'tableau', 'pandas', 'docker']"
1536,Swiggy,BI Analyst,Pune,Onsite,Full-time,8,Python|Excel|Power BI|Docker|Pandas,24.22,2023-02-20,"['excel', 'power bi', 'pandas', 'python', 'docker']"
1537,Walmart,Data Scientist,Hyderabad,Onsite,Full-time,6,Azure|Docker|Excel|Python|Statistics,21.91,2024-04-26,"['statistics', 'excel', 'azure', 'python', 'docker']"
1538,Swiggy,Analytics Engineer,Hyderabad,Onsite,Full-time,2,Azure|Machine Learning|Python|Git|SQL|Statistics|ETL|Data Warehousing,11.29,2024-04-08,"['machine learning', 'statistics', 'git', 'sql', 'etl', 'data warehousing', 'python', 'azure']"
1539,Infosys,Data Analyst,Pune,Onsite,Internship,2,Power BI|Airflow|Git|Machine Learning|ETL|Pandas|Python,12.86,2024-07-29,"['machine learning', 'git', 'airflow', 'power bi', 'etl', 'pandas', 'python']"
1540,Razorpay,Data Scientist,Hyderabad,Hybrid,Full-time,0,Tableau|Spark|Python|AWS,6.83,2024-11-03,"['spark', 'tableau', 'python', 'aws']"
1541,Accenture,Senior Data Analyst,Remote,Remote,Contract,2,Power BI|SQL|Spark|Pandas|Tableau|Statistics|Python,9.6,2023-02-03,"['statistics', 'sql', 'power bi', 'spark', 'tableau', 'pandas', 'python']"
1542,Razorpay,Data Analyst,Mumbai,Remote,Internship,6,Azure|Python|ETL|Statistics|Excel|Spark|Data Warehousing|SQL,19.94,2023-12-02,"['statistics', 'excel', 'sql', 'spark', 'etl', 'data warehousing', 'python', 'azure']"
1543,Walmart,Senior Data Analyst,Mumbai,Onsite,Full-time,3,Data Warehousing|Git|NumPy|AWS|Machine Learning,15.57,2023-12-19,"['machine learning', 'numpy', 'aws', 'git', 'data warehousing']"
1544,Deloitte,Analytics Engineer,Mumbai,Remote,Full-time,4,ETL|Tableau|NumPy|Docker|Spark|SQL,16.78,2024-04-30,"['numpy', 'sql', 'spark', 'etl', 'tableau', 'docker']"
1545,Accenture,Senior Data Analyst,Chennai,Onsite,Internship,8,NumPy|Power BI|Python|Excel,23.56,2024-07-28,"['numpy', 'python', 'excel', 'power bi']"
1546,Flipkart,Analytics Engineer,Remote,Remote,Full-time,6,Pandas|Power BI|Statistics|Excel|Tableau,20.31,2024-06-20,"['statistics', 'excel', 'pandas', 'power bi', 'tableau']"
1547,Zoho,Senior Data Analyst,Bengaluru,Remote,Internship,2,Data Warehousing|SQL|NumPy|Docker|Excel|Machine Learning|Git,15.34,2024-08-25,"['machine learning', 'numpy', 'excel', 'git', 'sql', 'data warehousing', 'docker']"
1548,Zoho,Business Analyst,Remote,Onsite,Contract,4,Data Warehousing|NumPy|Machine Learning|Excel|Power BI|Pandas,18.26,2024-10-07,"['machine learning', 'numpy', 'excel', 'power bi', 'data warehousing', 'pandas']"
1549,Freshworks,BI Analyst,Pune,Hybrid,Full-time,2,SQL|Azure|Pandas|Python|Statistics|Airflow|Excel|Docker,9.36,2023-12-27,"['statistics', 'excel', 'sql', 'docker', 'airflow', 'pandas', 'python', 'azure']"
1550,Deloitte,Senior Data Analyst,Mumbai,Onsite,Full-time,6,NumPy|Pandas|Spark|Docker|Python,20.31,2023-11-29,"['numpy', 'spark', 'pandas', 'python', 'docker']"
1551,Razorpay,Data Analyst,Bengaluru,Hybrid,Full-time,7,Python|Tableau|Git|ETL|SQL|Airflow,23.52,2024-02-02,"['git', 'sql', 'airflow', 'etl', 'tableau', 'python']"
1552,Paytm,Analytics Engineer,Pune,Onsite,Internship,0,Azure|AWS|Spark|Statistics|Data Warehousing,4.61,2023-06-22,"['statistics', 'aws', 'spark', 'data warehousing', 'azure']"
1553,Paytm,Data Analyst,Bengaluru,Onsite,Contract,6,Spark|Statistics|Pandas|Docker|Excel|Data Warehousing|SQL|Power BI,19.91,2024-03-24,"['statistics', 'excel', 'sql', 'power bi', 'spark', 'data warehousing', 'pandas', 'docker']"
1554,Infosys,Analytics Engineer,Remote,Remote,Contract,5,Python|Pandas|Docker|NumPy,16.74,2023-04-24,"['numpy', 'pandas', 'python', 'docker']"
1555,Infosys,Business Analyst,Pune,Hybrid,Full-time,2,Machine Learning|Git|Azure|AWS|Pandas|Python,13.37,2024-05-19,"['machine learning', 'aws', 'git', 'pandas', 'python', 'azure']"
1556,Paytm,BI Analyst,Delhi,Remote,Full-time,3,Git|SQL|Data Warehousing|Pandas|Spark,12.6,2023-01-29,"['git', 'sql', 'spark', 'data warehousing', 'pandas']"
1557,Microsoft,Data Scientist,Mumbai,Onsite,Full-time,1,Python|Airflow|Excel|Azure,11.32,2023-01-13,"['azure', 'python', 'airflow', 'excel']"
1558,Infosys,Data Scientist,Hyderabad,Hybrid,Full-time,1,Machine Learning|Spark|Power BI|Python,13.52,2023-10-19,"['spark', 'machine learning', 'python', 'power bi']"
1559,Flipkart,Data Analyst,Hyderabad,Remote,Contract,8,Tableau|Statistics|Azure|Pandas|AWS|Airflow,25.04,2023-09-07,"['statistics', 'aws', 'airflow', 'pandas', 'tableau', 'azure']"
1560,Freshworks,Data Scientist,Bengaluru,Hybrid,Full-time,5,SQL|Spark|NumPy|Data Warehousing|Python,22.71,2024-08-14,"['numpy', 'sql', 'spark', 'data warehousing', 'python']"
1561,Infosys,Data Scientist,Pune,Hybrid,Contract,0,Docker|SQL|ETL|Machine Learning|NumPy|Spark|Statistics,11.83,2023-09-05,"['machine learning', 'numpy', 'statistics', 'sql', 'spark', 'etl', 'docker']"
1562,Swiggy,Analytics Engineer,Chennai,Remote,Full-time,4,NumPy|Data Warehousing|AWS|Docker|Excel,16.89,2024-01-19,"['numpy', 'aws', 'excel', 'data warehousing', 'docker']"
1563,Accenture,Data Analyst,Bengaluru,Onsite,Full-time,0,ETL|Git|NumPy|Airflow|Power BI|Pandas|Spark,6.4,2023-01-12,"['numpy', 'git', 'airflow', 'power bi', 'spark', 'etl', 'pandas']"
1564,Microsoft,BI Analyst,Pune,Remote,Internship,3,Azure|Machine Learning|Power BI|NumPy|Git|Excel|SQL,15.05,2023-03-04,"['machine learning', 'numpy', 'excel', 'git', 'sql', 'power bi', 'azure']"
1565,Swiggy,Business Analyst,Bengaluru,Onsite,Full-time,2,Statistics|AWS|Pandas|Docker|SQL,11.86,2024-08-08,"['statistics', 'aws', 'sql', 'pandas', 'docker']"
1566,Deloitte,Data Scientist,Remote,Remote,Contract,6,Spark|Statistics|Python|Azure,25.74,2024-06-06,"['spark', 'statistics', 'python', 'azure']"
1567,Cognizant,Business Analyst,Hyderabad,Onsite,Internship,0,Tableau|Power BI|NumPy|Git|Statistics,5.28,2023-10-16,"['numpy', 'statistics', 'git', 'power bi', 'tableau']"
1568,Swiggy,Senior Data Analyst,Hyderabad,Remote,Contract,7,Git|Azure|Docker|AWS|Power BI|SQL,23.28,2024-03-09,"['aws', 'git', 'sql', 'power bi', 'azure', 'docker']"
1569,Razorpay,Business Analyst,Remote,Onsite,Contract,6,Statistics|Data Warehousing|NumPy|Azure,17.53,2023-05-25,"['data warehousing', 'numpy', 'statistics', 'azure']"
1570,TCS,Senior Data Analyst,Bengaluru,Hybrid,Full-time,5,Pandas|Power BI|Excel|Statistics|Docker|Python|AWS|ETL,17.27,2023-12-19,"['statistics', 'aws', 'excel', 'power bi', 'etl', 'pandas', 'python', 'docker']"
1571,Paytm,Business Analyst,Hyderabad,Onsite,Full-time,8,Pandas|NumPy|ETL|Spark,24.89,2024-11-07,"['spark', 'numpy', 'pandas', 'etl']"
1572,Razorpay,Data Analyst,Pune,Onsite,Full-time,5,Tableau|ETL|Spark|Python|Azure|Pandas|AWS|SQL,15.34,2024-03-23,"['aws', 'sql', 'pandas', 'spark', 'etl', 'tableau', 'python', 'azure']"
1573,Swiggy,Analytics Engineer,Pune,Onsite,Internship,5,Power BI|Azure|AWS|Spark|Statistics|Docker,17.07,2024-01-26,"['statistics', 'aws', 'docker', 'power bi', 'spark', 'azure']"
1574,Cognizant,Analytics Engineer,Remote,Remote,Internship,0,Azure|Statistics|ETL|Machine Learning,9.57,2023-03-10,"['machine learning', 'statistics', 'etl', 'azure']"
1575,Deloitte,BI Analyst,Delhi,Onsite,Full-time,2,ETL|Pandas|Airflow|Machine Learning|Excel|Data Warehousing|Git|Python,10.91,2024-05-03,"['machine learning', 'excel', 'git', 'airflow', 'etl', 'data warehousing', 'pandas', 'python']"
1576,Accenture,Data Analyst,Remote,Onsite,Full-time,0,NumPy|AWS|Machine Learning|Power BI|Azure,7.49,2023-06-09,"['machine learning', 'numpy', 'aws', 'power bi', 'azure']"
1577,Walmart,Senior Data Analyst,Hyderabad,Remote,Full-time,1,Machine Learning|ETL|Excel|Azure|Tableau|Spark,11.07,2023-04-23,"['machine learning', 'excel', 'spark', 'etl', 'tableau', 'azure']"
1578,Amazon,BI Analyst,Bengaluru,Remote,Internship,5,NumPy|Python|Azure|Power BI|Spark|Git|ETL|Docker,21.44,2023-10-11,"['numpy', 'git', 'docker', 'power bi', 'spark', 'etl', 'python', 'azure']"
1579,Swiggy,Data Scientist,Chennai,Onsite,Contract,2,Excel|Data Warehousing|Spark|Statistics|Docker,14.13,2023-09-07,"['statistics', 'excel', 'spark', 'data warehousing', 'docker']"
1580,Microsoft,Data Scientist,Bengaluru,Hybrid,Internship,3,Excel|Power BI|NumPy|Pandas,17.19,2023-01-03,"['pandas', 'numpy', 'power bi', 'excel']"
1581,Amazon,Data Analyst,Mumbai,Remote,Internship,5,Statistics|Git|Data Warehousing|ETL|Pandas|NumPy|AWS|SQL,16.9,2023-03-14,"['statistics', 'numpy', 'aws', 'git', 'sql', 'etl', 'data warehousing', 'pandas']"
1582,Walmart,Data Analyst,Chennai,Hybrid,Internship,2,Power BI|Docker|Azure|ETL|Git|Spark|SQL|Statistics,9.32,2023-06-12,"['statistics', 'git', 'docker', 'sql', 'power bi', 'spark', 'etl', 'azure']"
1583,TCS,Data Scientist,Mumbai,Hybrid,Full-time,8,Tableau|Python|Excel|Data Warehousing|Spark,28.36,2024-02-06,"['excel', 'spark', 'data warehousing', 'tableau', 'python']"
1584,Zoho,Business Analyst,Bengaluru,Hybrid,Contract,1,Tableau|Docker|Statistics|Python|Machine Learning,11.67,2024-01-13,"['machine learning', 'statistics', 'tableau', 'python', 'docker']"
1585,Cognizant,BI Analyst,Hyderabad,Onsite,Contract,7,Airflow|Statistics|Spark|NumPy,21.54,2024-02-08,"['spark', 'numpy', 'statistics', 'airflow']"
1586,Amazon,Senior Data Analyst,Pune,Hybrid,Full-time,0,AWS|Machine Learning|Excel|Azure|Python|Statistics,7.55,2024-09-11,"['machine learning', 'statistics', 'aws', 'excel', 'python', 'azure']"
1587,Accenture,Data Scientist,Pune,Onsite,Full-time,3,Docker|Spark|Python|Excel|Azure|AWS|NumPy|Power BI,16.54,2024-01-30,"['numpy', 'aws', 'excel', 'docker', 'power bi', 'spark', 'python', 'azure']"
1588,Paytm,BI Analyst,Remote,Hybrid,Internship,1,AWS|Excel|ETL|Tableau,5.41,2023-12-18,"['tableau', 'etl', 'aws', 'excel']"
1589,Swiggy,Analytics Engineer,Bengaluru,Remote,Internship,5,Excel|Tableau|Azure|Machine Learning|Docker|Git,22.98,2024-08-31,"['machine learning', 'excel', 'git', 'azure', 'tableau', 'docker']"
1590,Zoho,Analytics Engineer,Mumbai,Remote,Internship,1,Docker|Excel|Azure|Tableau|Spark|ETL|SQL|AWS,7.29,2023-07-25,"['aws', 'excel', 'docker', 'sql', 'spark', 'etl', 'tableau', 'azure']"
1591,Deloitte,Senior Data Analyst,Bengaluru,Hybrid,Contract,3,AWS|Git|Power BI|Pandas|Azure,12.71,2023-09-09,"['aws', 'git', 'power bi', 'pandas', 'azure']"
1592,Deloitte,Business Analyst,Remote,Remote,Contract,0,Power BI|Data Warehousing|Spark|Docker|Pandas,5.5,2023-01-29,"['power bi', 'spark', 'data warehousing', 'pandas', 'docker']"
1593,Flipkart,Data Scientist,Chennai,Hybrid,Internship,4,Git|Airflow|Data Warehousing|Spark|AWS|Azure,18.89,2024-02-16,"['aws', 'git', 'airflow', 'spark', 'data warehousing', 'azure']"
1594,Zoho,Data Scientist,Pune,Hybrid,Internship,4,NumPy|Spark|Tableau|Data Warehousing|Pandas|AWS,17.66,2024-08-31,"['numpy', 'aws', 'spark', 'data warehousing', 'tableau', 'pandas']"
1595,Deloitte,BI Analyst,Chennai,Onsite,Internship,1,NumPy|Machine Learning|Power BI|SQL|Git|Pandas|Excel,10.09,2023-01-09,"['machine learning', 'numpy', 'excel', 'git', 'sql', 'power bi', 'pandas']"
1596,Cognizant,Senior Data Analyst,Remote,Hybrid,Contract,4,Power BI|Azure|Data Warehousing|Airflow|NumPy|AWS|Git|Pandas,13.64,2023-11-06,"['numpy', 'aws', 'git', 'airflow', 'power bi', 'data warehousing', 'pandas', 'azure']"
1597,Razorpay,Business Analyst,Hyderabad,Hybrid,Contract,1,Python|Git|Docker|Excel|Power BI,7.15,2023-05-02,"['excel', 'git', 'power bi', 'python', 'docker']"
1598,Cognizant,Business Analyst,Delhi,Remote,Contract,6,AWS|SQL|Azure|Excel,19.59,2023-06-11,"['azure', 'sql', 'aws', 'excel']"
1599,Amazon,Data Analyst,Mumbai,Hybrid,Full-time,4,AWS|NumPy|Spark|Airflow|Python|Statistics,14.47,2024-04-13,"['numpy', 'statistics', 'aws', 'airflow', 'spark', 'python']"
1600,Accenture,Data Analyst,Chennai,Onsite,Contract,0,Tableau|ETL|Machine Learning|Docker,8.3,2023-03-23,"['machine learning', 'tableau', 'etl', 'docker']"
1601,Accenture,Data Scientist,Chennai,Remote,Contract,8,Power BI|Machine Learning|Pandas|Data Warehousing|Tableau|Git|Azure,32.3,2024-06-01,"['machine learning', 'tableau', 'git', 'power bi', 'data warehousing', 'pandas', 'azure']"
1602,Infosys,Senior Data Analyst,Remote,Remote,Contract,4,SQL|Tableau|Statistics|ETL|Azure|Power BI|Airflow,16.07,2024-02-25,"['statistics', 'sql', 'airflow', 'power bi', 'etl', 'tableau', 'azure']"
1603,Paytm,Data Scientist,Pune,Hybrid,Full-time,2,Git|Data Warehousing|Statistics|Power BI|AWS,12.47,2023-07-12,"['statistics', 'aws', 'git', 'power bi', 'data warehousing']"
1604,Swiggy,BI Analyst,Bengaluru,Remote,Contract,0,Machine Learning|SQL|Azure|Docker,10.07,2023-06-06,"['machine learning', 'sql', 'azure', 'docker']"
1605,Infosys,Analytics Engineer,Delhi,Onsite,Contract,1,Spark|Azure|ETL|Machine Learning,8.08,2023-06-05,"['spark', 'machine learning', 'etl', 'azure']"
1606,TCS,Data Scientist,Delhi,Onsite,Contract,2,Power BI|AWS|Data Warehousing|Pandas|Statistics,12.78,2024-09-10,"['statistics', 'aws', 'power bi', 'data warehousing', 'pandas']"
1607,Amazon,Business Analyst,Hyderabad,Onsite,Contract,1,Airflow|Power BI|Statistics|ETL|Python,6.13,2023-12-21,"['statistics', 'airflow', 'power bi', 'etl', 'python']"
1608,Paytm,Data Scientist,Mumbai,Remote,Contract,2,Airflow|Pandas|Git|Spark|Python|AWS|Azure|Power BI,15.57,2023-09-10,"['aws', 'git', 'airflow', 'power bi', 'spark', 'pandas', 'python', 'azure']"
1609,Cognizant,Business Analyst,Hyderabad,Remote,Internship,5,Spark|NumPy|Git|Tableau|Power BI|Airflow|Data Warehousing|Statistics,17.07,2024-06-18,"['numpy', 'statistics', 'git', 'airflow', 'power bi', 'spark', 'data warehousing', 'tableau']"
1610,Walmart,Analytics Engineer,Delhi,Remote,Contract,2,AWS|Spark|Docker|Statistics,11.68,2023-08-16,"['spark', 'statistics', 'docker', 'aws']"
1611,Zoho,Business Analyst,Bengaluru,Hybrid,Internship,2,Docker|Data Warehousing|SQL|Machine Learning|Pandas,12.77,2023-02-20,"['machine learning', 'sql', 'data warehousing', 'pandas', 'docker']"
1612,Zoho,BI Analyst,Remote,Onsite,Contract,0,Pandas|Airflow|AWS|Statistics|ETL|SQL|Machine Learning|Power BI,5.62,2023-01-15,"['machine learning', 'statistics', 'aws', 'sql', 'airflow', 'power bi', 'etl', 'pandas']"
1613,Paytm,Data Analyst,Delhi,Remote,Contract,2,Tableau|Spark|Azure|Docker|Machine Learning|Data Warehousing|Airflow,14.89,2023-04-02,"['machine learning', 'airflow', 'spark', 'azure', 'data warehousing', 'tableau', 'docker']"
1614,Accenture,Data Scientist,Remote,Hybrid,Internship,6,Machine Learning|Airflow|Statistics|Tableau|Pandas|Git,24.94,2023-08-10,"['machine learning', 'statistics', 'git', 'airflow', 'pandas', 'tableau']"
1615,Microsoft,Business Analyst,Mumbai,Hybrid,Internship,2,Data Warehousing|Python|Azure|SQL|Airflow,10.49,2023-12-21,"['sql', 'airflow', 'data warehousing', 'python', 'azure']"
1616,Flipkart,Data Scientist,Hyderabad,Remote,Full-time,2,Pandas|Spark|NumPy|Python|Git,13.63,2024-11-02,"['numpy', 'git', 'spark', 'pandas', 'python']"
1617,Paytm,BI Analyst,Chennai,Hybrid,Full-time,3,Statistics|Power BI|Docker|Azure|SQL|Machine Learning|Python,15.38,2023-10-10,"['machine learning', 'statistics', 'sql', 'docker', 'power bi', 'python', 'azure']"
1618,Accenture,Business Analyst,Mumbai,Hybrid,Full-time,0,Azure|Statistics|Docker|Machine Learning|Excel|SQL|Data Warehousing,5.54,2024-11-06,"['machine learning', 'statistics', 'excel', 'sql', 'azure', 'data warehousing', 'docker']"
1619,Amazon,Business Analyst,Delhi,Hybrid,Internship,6,Airflow|SQL|Machine Learning|Data Warehousing|Excel,22.21,2024-04-29,"['machine learning', 'excel', 'sql', 'airflow', 'data warehousing']"
1620,Flipkart,Senior Data Analyst,Bengaluru,Hybrid,Full-time,6,Azure|Machine Learning|Airflow|Statistics,23.25,2023-03-16,"['airflow', 'machine learning', 'statistics', 'azure']"
1621,Flipkart,Data Scientist,Mumbai,Remote,Full-time,1,Power BI|Docker|Spark|Excel|SQL|Airflow,11.49,2023-10-06,"['excel', 'sql', 'airflow', 'power bi', 'spark', 'docker']"
1622,Infosys,Analytics Engineer,Remote,Onsite,Full-time,1,Airflow|NumPy|AWS|Pandas|Statistics|Machine Learning|Data Warehousing|Docker,9.43,2023-01-01,"['machine learning', 'numpy', 'statistics', 'aws', 'airflow', 'data warehousing', 'pandas', 'docker']"
1623,Freshworks,Data Analyst,Mumbai,Remote,Full-time,4,Docker|Pandas|Azure|Python|SQL,14.29,2024-11-08,"['sql', 'docker', 'pandas', 'python', 'azure']"
1624,Zoho,Business Analyst,Pune,Remote,Internship,4,NumPy|Statistics|Airflow|Spark,15.39,2024-08-03,"['spark', 'numpy', 'statistics', 'airflow']"
1625,Freshworks,BI Analyst,Hyderabad,Hybrid,Full-time,6,Data Warehousing|ETL|Tableau|SQL,20.18,2023-08-25,"['data warehousing', 'tableau', 'sql', 'etl']"
1626,Swiggy,Analytics Engineer,Pune,Hybrid,Internship,2,Git|Airflow|Azure|ETL|Python,9.23,2024-06-27,"['git', 'airflow', 'etl', 'python', 'azure']"
1627,Microsoft,Analytics Engineer,Delhi,Remote,Full-time,7,Docker|Spark|Tableau|Data Warehousing|Azure|Git|Airflow|AWS,22.11,2024-09-09,"['aws', 'git', 'docker', 'airflow', 'spark', 'data warehousing', 'tableau', 'azure']"
1628,Paytm,Data Scientist,Remote,Remote,Full-time,6,AWS|NumPy|Python|Machine Learning|Azure|Spark,27.0,2023-08-27,"['machine learning', 'numpy', 'aws', 'spark', 'python', 'azure']"
1629,Freshworks,Business Analyst,Remote,Hybrid,Contract,0,Tableau|Power BI|Pandas|Docker|Python,4.92,2023-10-06,"['power bi', 'tableau', 'pandas', 'python', 'docker']"
1630,Freshworks,Analytics Engineer,Pune,Remote,Internship,7,ETL|Python|Spark|Data Warehousing|Docker|Power BI,22.69,2023-11-13,"['power bi', 'spark', 'etl', 'data warehousing', 'python', 'docker']"
1631,Walmart,Data Scientist,Bengaluru,Hybrid,Contract,6,Airflow|AWS|ETL|Statistics|Git|Docker|Excel,24.1,2023-12-22,"['statistics', 'aws', 'excel', 'git', 'airflow', 'etl', 'docker']"
1632,Amazon,Data Scientist,Chennai,Remote,Internship,0,Azure|SQL|Python|NumPy|Tableau|Pandas,9.41,2023-02-08,"['numpy', 'sql', 'pandas', 'tableau', 'python', 'azure']"
1633,Paytm,Data Scientist,Delhi,Remote,Internship,6,Docker|Pandas|Statistics|Git|SQL|Airflow,24.07,2024-08-05,"['statistics', 'git', 'sql', 'airflow', 'pandas', 'docker']"
1634,Accenture,BI Analyst,Delhi,Onsite,Full-time,3,NumPy|SQL|Spark|Pandas|AWS|Statistics,11.1,2023-04-23,"['numpy', 'statistics', 'aws', 'sql', 'spark', 'pandas']"
1635,Deloitte,Analytics Engineer,Mumbai,Hybrid,Internship,2,Docker|NumPy|ETL|Excel|Tableau|SQL|Pandas,9.36,2024-07-27,"['numpy', 'excel', 'sql', 'pandas', 'etl', 'tableau', 'docker']"
1636,Walmart,Senior Data Analyst,Chennai,Hybrid,Internship,6,AWS|Docker|Azure|NumPy|Tableau|Excel,20.2,2023-10-27,"['numpy', 'aws', 'excel', 'docker', 'tableau', 'azure']"
1637,Amazon,Business Analyst,Mumbai,Remote,Internship,4,Power BI|AWS|ETL|SQL|NumPy|Git,16.26,2023-09-06,"['numpy', 'aws', 'git', 'sql', 'power bi', 'etl']"
1638,Walmart,Senior Data Analyst,Mumbai,Remote,Full-time,4,Git|AWS|Tableau|ETL|Excel|NumPy|Airflow|Python,15.97,2024-07-28,"['numpy', 'aws', 'excel', 'git', 'airflow', 'etl', 'tableau', 'python']"
1639,Swiggy,Business Analyst,Delhi,Hybrid,Internship,3,Azure|Docker|Power BI|AWS,12.81,2024-08-12,"['aws', 'docker', 'azure', 'power bi']"
1640,Swiggy,Analytics Engineer,Hyderabad,Onsite,Full-time,8,Machine Learning|Tableau|ETL|Power BI|SQL|Python|AWS|Statistics,26.02,2024-05-05,"['machine learning', 'statistics', 'aws', 'sql', 'power bi', 'etl', 'tableau', 'python']"
1641,Flipkart,BI Analyst,Remote,Hybrid,Full-time,5,Data Warehousing|Spark|Tableau|Excel|Azure|ETL,16.01,2024-08-22,"['excel', 'spark', 'etl', 'data warehousing', 'tableau', 'azure']"
1642,Zoho,Business Analyst,Pune,Hybrid,Internship,0,Python|SQL|Excel|Git|AWS,5.29,2023-06-01,"['aws', 'excel', 'git', 'sql', 'python']"
1643,Walmart,Analytics Engineer,Hyderabad,Remote,Contract,3,SQL|Python|Power BI|Spark|Pandas|Data Warehousing|Git|Docker,12.88,2024-02-07,"['git', 'sql', 'power bi', 'spark', 'data warehousing', 'pandas', 'python', 'docker']"
1644,Zoho,Analytics Engineer,Bengaluru,Remote,Internship,6,Azure|Data Warehousing|ETL|Git|Statistics,23.91,2023-03-22,"['statistics', 'git', 'etl', 'data warehousing', 'azure']"
1645,Swiggy,Analytics Engineer,Hyderabad,Hybrid,Full-time,3,Machine Learning|Spark|Data Warehousing|Excel,13.98,2024-02-02,"['spark', 'machine learning', 'data warehousing', 'excel']"
1646,Walmart,Data Analyst,Hyderabad,Onsite,Internship,1,Spark|SQL|Git|Tableau|Excel,6.22,2024-11-17,"['excel', 'git', 'sql', 'spark', 'tableau']"
1647,Amazon,Business Analyst,Chennai,Hybrid,Contract,0,NumPy|AWS|Statistics|Excel|Power BI,4.47,2023-01-20,"['numpy', 'statistics', 'aws', 'excel', 'power bi']"
1648,Flipkart,Business Analyst,Remote,Remote,Internship,7,Docker|Airflow|ETL|Data Warehousing|Machine Learning|Python|Spark|Git,26.63,2023-05-25,"['machine learning', 'git', 'airflow', 'spark', 'etl', 'data warehousing', 'python', 'docker']"
1649,TCS,Senior Data Analyst,Pune,Hybrid,Full-time,6,SQL|Excel|Git|Airflow|Azure|Data Warehousing|Docker|Statistics,18.9,2023-07-12,"['statistics', 'excel', 'git', 'sql', 'docker', 'airflow', 'data warehousing', 'azure']"
1650,Accenture,Senior Data Analyst,Bengaluru,Onsite,Contract,3,SQL|Excel|Tableau|Machine Learning|Airflow|Pandas,17.45,2024-09-16,"['machine learning', 'excel', 'sql', 'airflow', 'pandas', 'tableau']"
1651,Accenture,BI Analyst,Hyderabad,Onsite,Internship,6,Pandas|Git|Airflow|Data Warehousing|Spark|Power BI,19.06,2023-06-06,"['git', 'airflow', 'power bi', 'spark', 'data warehousing', 'pandas']"
1652,Amazon,Business Analyst,Bengaluru,Onsite,Full-time,0,Python|Excel|Pandas|NumPy|AWS,7.13,2023-08-24,"['numpy', 'aws', 'excel', 'pandas', 'python']"
1653,Zoho,Business Analyst,Bengaluru,Remote,Full-time,3,Docker|Git|Statistics|SQL|Spark|Airflow,15.85,2024-01-09,"['statistics', 'git', 'sql', 'airflow', 'spark', 'docker']"
1654,Infosys,BI Analyst,Hyderabad,Remote,Contract,6,ETL|Spark|Airflow|Docker|Pandas,19.52,2024-10-19,"['airflow', 'spark', 'etl', 'pandas', 'docker']"
1655,Walmart,Business Analyst,Mumbai,Hybrid,Full-time,0,Pandas|Statistics|Spark|AWS,3.96,2023-08-29,"['spark', 'pandas', 'statistics', 'aws']"
1656,Razorpay,Business Analyst,Bengaluru,Remote,Full-time,4,SQL|Excel|Machine Learning|ETL|Statistics,21.22,2023-01-17,"['machine learning', 'statistics', 'excel', 'sql', 'etl']"
1657,Zoho,BI Analyst,Pune,Remote,Internship,2,Excel|AWS|Python|Pandas|Git,11.75,2023-09-23,"['aws', 'excel', 'git', 'pandas', 'python']"
1658,TCS,Analytics Engineer,Chennai,Hybrid,Full-time,7,ETL|Data Warehousing|Pandas|Docker,21.87,2024-09-07,"['data warehousing', 'pandas', 'etl', 'docker']"
1659,Accenture,Senior Data Analyst,Pune,Remote,Full-time,0,Spark|Statistics|Machine Learning|Docker|ETL|Power BI|Azure,8.02,2023-03-07,"['machine learning', 'statistics', 'power bi', 'spark', 'azure', 'etl', 'docker']"
1660,Swiggy,Business Analyst,Mumbai,Remote,Contract,5,SQL|Azure|NumPy|Git|Airflow|Machine Learning|Excel|ETL,19.94,2023-09-11,"['machine learning', 'numpy', 'excel', 'git', 'sql', 'airflow', 'etl', 'azure']"
1661,Freshworks,Business Analyst,Bengaluru,Remote,Full-time,3,Power BI|Pandas|SQL|Data Warehousing|Git|Airflow|Python,16.4,2023-02-12,"['git', 'sql', 'airflow', 'power bi', 'data warehousing', 'pandas', 'python']"
1662,Razorpay,Data Scientist,Delhi,Onsite,Internship,5,Docker|SQL|Azure|ETL|Statistics|Python|Airflow|Excel,20.89,2023-08-19,"['statistics', 'excel', 'sql', 'docker', 'airflow', 'etl', 'python', 'azure']"
1663,Razorpay,Business Analyst,Chennai,Remote,Full-time,5,Machine Learning|Spark|Power BI|AWS,19.83,2023-04-15,"['spark', 'machine learning', 'aws', 'power bi']"
1664,Flipkart,Business Analyst,Hyderabad,Onsite,Full-time,2,Airflow|Machine Learning|Tableau|Git|ETL|Statistics|Power BI,13.07,2023-06-03,"['machine learning', 'statistics', 'git', 'airflow', 'power bi', 'etl', 'tableau']"
1665,Zoho,Data Analyst,Mumbai,Remote,Full-time,6,Airflow|Azure|ETL|Data Warehousing|Excel,21.55,2023-07-16,"['excel', 'airflow', 'etl', 'data warehousing', 'azure']"
1666,Freshworks,Data Scientist,Mumbai,Remote,Contract,0,NumPy|Data Warehousing|Excel|Git|Docker|Statistics|Python|Airflow,9.53,2024-08-17,"['numpy', 'statistics', 'excel', 'git', 'airflow', 'data warehousing', 'python', 'docker']"
1667,Paytm,Data Analyst,Pune,Remote,Contract,4,Python|Pandas|Data Warehousing|Docker|ETL|AWS|Azure,15.05,2024-09-18,"['aws', 'azure', 'etl', 'data warehousing', 'pandas', 'python', 'docker']"
1668,Swiggy,Business Analyst,Hyderabad,Remote,Contract,7,Machine Learning|Pandas|NumPy|Git|Azure|Airflow|Tableau,25.45,2023-08-27,"['machine learning', 'numpy', 'git', 'airflow', 'tableau', 'pandas', 'azure']"
1669,Zoho,Business Analyst,Hyderabad,Onsite,Contract,7,ETL|Azure|Airflow|Power BI|Docker|Pandas|AWS,20.24,2024-02-13,"['aws', 'airflow', 'power bi', 'azure', 'etl', 'pandas', 'docker']"
1670,Accenture,Analytics Engineer,Delhi,Onsite,Full-time,1,Excel|Python|Azure|Pandas|AWS,6.78,2023-04-30,"['aws', 'excel', 'pandas', 'python', 'azure']"
1671,Swiggy,Senior Data Analyst,Remote,Remote,Contract,6,SQL|Excel|AWS|Pandas|Docker,20.74,2023-08-27,"['aws', 'excel', 'sql', 'pandas', 'docker']"
1672,Razorpay,Business Analyst,Chennai,Remote,Contract,7,Docker|Pandas|Data Warehousing|AWS|Spark,24.36,2023-02-13,"['aws', 'spark', 'data warehousing', 'pandas', 'docker']"
1673,Amazon,BI Analyst,Bengaluru,Onsite,Internship,1,Machine Learning|Python|Azure|Git|Data Warehousing|Pandas,12.17,2023-08-17,"['machine learning', 'git', 'data warehousing', 'pandas', 'python', 'azure']"
1674,Walmart,Analytics Engineer,Hyderabad,Onsite,Full-time,0,Machine Learning|Statistics|Spark|Docker,7.43,2023-07-01,"['spark', 'machine learning', 'statistics', 'docker']"
1675,Flipkart,Data Analyst,Bengaluru,Remote,Internship,2,Spark|AWS|Machine Learning|Azure,15.61,2024-03-21,"['spark', 'machine learning', 'azure', 'aws']"
1676,Microsoft,BI Analyst,Mumbai,Hybrid,Contract,8,Airflow|AWS|Git|Python|SQL|ETL|Data Warehousing,24.17,2023-03-01,"['aws', 'git', 'sql', 'airflow', 'etl', 'data warehousing', 'python']"
1677,Freshworks,Senior Data Analyst,Mumbai,Remote,Contract,4,Python|SQL|Airflow|NumPy|Power BI,15.33,2024-06-21,"['numpy', 'sql', 'airflow', 'power bi', 'python']"
1678,Swiggy,Business Analyst,Mumbai,Hybrid,Internship,5,Azure|Airflow|Data Warehousing|NumPy|Excel|Docker|ETL|SQL,15.39,2023-10-31,"['numpy', 'excel', 'docker', 'sql', 'airflow', 'etl', 'data warehousing', 'azure']"
1679,Swiggy,Business Analyst,Bengaluru,Hybrid,Full-time,1,Excel|Docker|Airflow|Power BI|ETL|SQL|Tableau|Git,7.19,2023-10-19,"['excel', 'git', 'sql', 'airflow', 'power bi', 'etl', 'tableau', 'docker']"
1680,Walmart,Analytics Engineer,Bengaluru,Hybrid,Contract,4,NumPy|Tableau|Excel|Spark|Statistics|Machine Learning|AWS|SQL,19.34,2023-06-07,"['machine learning', 'numpy', 'statistics', 'aws', 'excel', 'sql', 'spark', 'tableau']"
1681,Infosys,Analytics Engineer,Delhi,Remote,Contract,4,Data Warehousing|Tableau|Azure|Power BI|Machine Learning|Spark|ETL|SQL,17.17,2024-03-18,"['machine learning', 'sql', 'power bi', 'spark', 'etl', 'data warehousing', 'tableau', 'azure']"
1682,Deloitte,BI Analyst,Delhi,Onsite,Contract,0,Python|SQL|Data Warehousing|Pandas|Tableau,3.51,2024-07-11,"['tableau', 'sql', 'data warehousing', 'pandas', 'python']"
1683,Amazon,Business Analyst,Hyderabad,Hybrid,Internship,1,Azure|SQL|Pandas|Airflow,7.66,2023-08-29,"['airflow', 'pandas', 'sql', 'azure']"
1684,Razorpay,Data Scientist,Delhi,Remote,Contract,0,Pandas|Docker|ETL|Airflow|AWS|Power BI,9.83,2023-03-03,"['aws', 'airflow', 'power bi', 'etl', 'pandas', 'docker']"
1685,Amazon,BI Analyst,Remote,Remote,Internship,8,Pandas|Git|Airflow|NumPy|Tableau|ETL|Power BI,26.65,2024-05-28,"['numpy', 'git', 'airflow', 'pandas', 'power bi', 'etl', 'tableau']"
1686,Paytm,BI Analyst,Mumbai,Hybrid,Internship,3,ETL|Docker|Git|Spark|SQL,10.34,2024-10-08,"['git', 'sql', 'spark', 'etl', 'docker']"
1687,Amazon,BI Analyst,Bengaluru,Onsite,Full-time,2,Git|Tableau|ETL|NumPy|Machine Learning|Excel|SQL,12.97,2024-06-01,"['machine learning', 'numpy', 'excel', 'git', 'sql', 'etl', 'tableau']"
1688,Swiggy,Business Analyst,Hyderabad,Hybrid,Internship,3,Excel|Tableau|Azure|Machine Learning|Docker|Spark|ETL|Pandas,14.8,2023-03-06,"['machine learning', 'excel', 'pandas', 'spark', 'azure', 'etl', 'tableau', 'docker']"
1689,Infosys,BI Analyst,Bengaluru,Remote,Internship,5,Airflow|ETL|Statistics|NumPy,19.77,2024-10-06,"['numpy', 'statistics', 'etl', 'airflow']"
1690,Amazon,Senior Data Analyst,Remote,Hybrid,Full-time,2,Data Warehousing|Tableau|Docker|Azure,9.81,2024-09-28,"['data warehousing', 'tableau', 'azure', 'docker']"
1691,Cognizant,BI Analyst,Mumbai,Hybrid,Full-time,7,Tableau|Git|ETL|Machine Learning|Spark|SQL|Pandas,25.56,2024-10-20,"['machine learning', 'git', 'sql', 'pandas', 'spark', 'etl', 'tableau']"
1692,Accenture,Analytics Engineer,Remote,Remote,Contract,4,ETL|Pandas|Spark|Azure|Python|Git,16.1,2024-01-21,"['git', 'spark', 'etl', 'pandas', 'python', 'azure']"
1693,Amazon,Data Scientist,Chennai,Hybrid,Internship,6,Airflow|Pandas|AWS|Docker|ETL|Git|SQL|Power BI,22.42,2024-06-03,"['aws', 'git', 'sql', 'airflow', 'power bi', 'etl', 'pandas', 'docker']"
1694,Infosys,Analytics Engineer,Delhi,Remote,Full-time,2,Azure|Statistics|AWS|Excel|Data Warehousing|NumPy,11.29,2023-11-02,"['statistics', 'numpy', 'aws', 'excel', 'data warehousing', 'azure']"
1695,TCS,Analytics Engineer,Mumbai,Hybrid,Internship,0,Machine Learning|ETL|Power BI|Airflow|AWS|NumPy|Spark,7.79,2024-08-10,"['machine learning', 'numpy', 'aws', 'airflow', 'power bi', 'spark', 'etl']"
1696,Microsoft,BI Analyst,Delhi,Hybrid,Internship,7,Python|Git|Excel|Azure,21.68,2024-09-24,"['git', 'python', 'azure', 'excel']"
1697,TCS,Senior Data Analyst,Remote,Hybrid,Contract,6,Power BI|NumPy|Airflow|AWS|Git|Machine Learning,21.73,2023-09-06,"['machine learning', 'numpy', 'aws', 'git', 'airflow', 'power bi']"
1698,Microsoft,BI Analyst,Bengaluru,Hybrid,Full-time,8,NumPy|Airflow|Spark|AWS|Machine Learning|ETL,29.83,2024-06-30,"['machine learning', 'numpy', 'aws', 'airflow', 'spark', 'etl']"
1699,Accenture,Senior Data Analyst,Bengaluru,Hybrid,Full-time,4,Python|Pandas|Azure|Git|Machine Learning|NumPy,17.85,2023-02-02,"['machine learning', 'numpy', 'git', 'pandas', 'python', 'azure']"
1700,Accenture,BI Analyst,Bengaluru,Remote,Contract,2,SQL|Airflow|NumPy|Excel|Machine Learning|AWS|Python,14.81,2023-09-16,"['machine learning', 'numpy', 'aws', 'excel', 'sql', 'airflow', 'python']"
1701,Freshworks,Analytics Engineer,Bengaluru,Hybrid,Internship,1,Python|NumPy|Docker|Azure|Airflow,7.92,2024-07-07,"['numpy', 'docker', 'airflow', 'python', 'azure']"
1702,Razorpay,Business Analyst,Hyderabad,Hybrid,Full-time,7,Tableau|Spark|NumPy|Docker|Data Warehousing|Python,21.11,2023-01-14,"['numpy', 'spark', 'data warehousing', 'tableau', 'python', 'docker']"
1703,Cognizant,Data Analyst,Pune,Onsite,Contract,3,Spark|Airflow|ETL|Azure,12.67,2024-09-02,"['spark', 'azure', 'etl', 'airflow']"
1704,Razorpay,Data Scientist,Mumbai,Hybrid,Internship,3,Spark|Airflow|Excel|SQL,15.7,2024-03-24,"['spark', 'sql', 'airflow', 'excel']"
1705,Deloitte,Data Scientist,Delhi,Onsite,Internship,4,Git|SQL|Machine Learning|Airflow|Statistics|Spark|Python,20.92,2024-02-29,"['machine learning', 'statistics', 'git', 'sql', 'airflow', 'spark', 'python']"
1706,Amazon,Data Analyst,Bengaluru,Onsite,Contract,0,NumPy|Docker|Pandas|Spark,5.31,2023-10-30,"['spark', 'numpy', 'docker', 'pandas']"
1707,Accenture,Senior Data Analyst,Pune,Hybrid,Contract,2,SQL|Airflow|Statistics|Excel|Azure|Pandas|NumPy|Machine Learning,11.4,2023-02-09,"['machine learning', 'statistics', 'numpy', 'excel', 'sql', 'airflow', 'pandas', 'azure']"
1708,Accenture,Business Analyst,Pune,Hybrid,Full-time,2,Azure|Spark|AWS|Git,8.45,2024-03-11,"['spark', 'git', 'aws', 'azure']"
1709,Paytm,Business Analyst,Delhi,Remote,Contract,2,Python|Azure|Tableau|Git,9.88,2023-01-31,"['git', 'tableau', 'python', 'azure']"
1710,Cognizant,BI Analyst,Mumbai,Onsite,Full-time,4,Airflow|AWS|Machine Learning|Excel|Azure|Pandas|Spark,16.81,2023-06-24,"['machine learning', 'aws', 'excel', 'airflow', 'spark', 'pandas', 'azure']"
1711,Flipkart,Business Analyst,Hyderabad,Hybrid,Full-time,8,Azure|Python|Statistics|Docker|SQL,24.69,2023-08-12,"['statistics', 'sql', 'docker', 'python', 'azure']"
1712,Walmart,Business Analyst,Hyderabad,Onsite,Full-time,0,Statistics|Airflow|Power BI|Azure,2.7,2024-04-28,"['statistics', 'azure', 'airflow', 'power bi']"
1713,Amazon,Data Scientist,Mumbai,Remote,Contract,2,ETL|Pandas|NumPy|Airflow|Excel|Machine Learning|Azure,17.85,2024-07-23,"['machine learning', 'numpy', 'excel', 'airflow', 'etl', 'pandas', 'azure']"
1714,Walmart,Data Scientist,Hyderabad,Remote,Full-time,5,Azure|Pandas|Power BI|AWS|Data Warehousing|Excel|Git|ETL,21.44,2024-02-20,"['aws', 'excel', 'git', 'power bi', 'etl', 'data warehousing', 'pandas', 'azure']"
1715,Infosys,Analytics Engineer,Mumbai,Remote,Full-time,5,Spark|Power BI|Statistics|SQL|Python|Pandas|Airflow,17.59,2024-09-05,"['statistics', 'sql', 'airflow', 'power bi', 'spark', 'pandas', 'python']"
1716,Razorpay,Senior Data Analyst,Hyderabad,Hybrid,Internship,7,AWS|Machine Learning|Statistics|Tableau|Airflow|Pandas|Azure,23.42,2024-03-24,"['machine learning', 'statistics', 'aws', 'airflow', 'pandas', 'tableau', 'azure']"
1717,Razorpay,Data Scientist,Chennai,Remote,Full-time,4,Git|Tableau|Pandas|AWS,20.94,2024-04-15,"['git', 'tableau', 'aws', 'pandas']"
1718,TCS,Senior Data Analyst,Hyderabad,Onsite,Full-time,4,NumPy|SQL|Pandas|Tableau|Statistics|Machine Learning|Spark|Python,17.09,2024-03-07,"['machine learning', 'numpy', 'statistics', 'sql', 'pandas', 'spark', 'tableau', 'python']"
1719,Deloitte,Data Analyst,Pune,Remote,Full-time,3,Data Warehousing|Pandas|NumPy|Python|Machine Learning,17.17,2024-07-24,"['machine learning', 'numpy', 'data warehousing', 'pandas', 'python']"
1720,TCS,Senior Data Analyst,Chennai,Remote,Contract,2,ETL|NumPy|Python|Excel|Machine Learning|Data Warehousing|Power BI,12.94,2023-05-06,"['machine learning', 'numpy', 'excel', 'power bi', 'etl', 'data warehousing', 'python']"
1721,Infosys,Data Scientist,Remote,Remote,Full-time,4,Azure|NumPy|Git|Pandas|Spark|Tableau|Statistics,18.3,2024-08-01,"['numpy', 'statistics', 'git', 'spark', 'tableau', 'pandas', 'azure']"
1722,Freshworks,Senior Data Analyst,Delhi,Hybrid,Internship,6,NumPy|AWS|Excel|Docker|Data Warehousing|Statistics|SQL,19.73,2023-06-16,"['numpy', 'statistics', 'aws', 'excel', 'sql', 'data warehousing', 'docker']"
1723,Microsoft,BI Analyst,Mumbai,Remote,Contract,1,Statistics|NumPy|Docker|ETL|Power BI|AWS,9.17,2024-10-06,"['numpy', 'statistics', 'aws', 'power bi', 'etl', 'docker']"
1724,Deloitte,Senior Data Analyst,Mumbai,Remote,Internship,5,Python|SQL|ETL|Data Warehousing,17.52,2023-08-22,"['data warehousing', 'python', 'etl', 'sql']"
1725,Zoho,Data Analyst,Mumbai,Remote,Contract,8,Azure|Pandas|SQL|Spark|Git,25.99,2023-10-25,"['git', 'sql', 'spark', 'pandas', 'azure']"
1726,Freshworks,Business Analyst,Mumbai,Hybrid,Contract,4,Machine Learning|AWS|ETL|Airflow|Azure|Git|Statistics,16.01,2024-01-15,"['machine learning', 'statistics', 'aws', 'git', 'airflow', 'etl', 'azure']"
1727,Cognizant,Senior Data Analyst,Pune,Remote,Internship,5,Excel|Tableau|Docker|AWS|Python|Power BI|Spark|SQL,17.89,2024-07-05,"['aws', 'excel', 'sql', 'power bi', 'spark', 'tableau', 'python', 'docker']"
1728,Infosys,Data Scientist,Bengaluru,Hybrid,Internship,1,AWS|NumPy|Azure|Data Warehousing|Statistics,13.78,2024-08-17,"['numpy', 'statistics', 'aws', 'data warehousing', 'azure']"
1729,Deloitte,Senior Data Analyst,Remote,Onsite,Full-time,4,Tableau|Machine Learning|Airflow|Data Warehousing|NumPy|Statistics,18.48,2024-06-19,"['machine learning', 'numpy', 'statistics', 'airflow', 'data warehousing', 'tableau']"
1730,Walmart,Data Analyst,Remote,Hybrid,Internship,2,Python|NumPy|Machine Learning|Git|Pandas,12.11,2023-03-25,"['machine learning', 'numpy', 'git', 'pandas', 'python']"
1731,Cognizant,Business Analyst,Delhi,Remote,Full-time,7,Power BI|Machine Learning|Git|Pandas|AWS|Python|Spark|Airflow,26.39,2023-06-20,"['machine learning', 'aws', 'git', 'airflow', 'power bi', 'spark', 'pandas', 'python']"
1732,Walmart,BI Analyst,Hyderabad,Onsite,Internship,7,SQL|Spark|Pandas|Power BI|Machine Learning|NumPy|ETL|AWS,25.37,2023-04-02,"['machine learning', 'numpy', 'aws', 'sql', 'power bi', 'spark', 'etl', 'pandas']"
1733,Zoho,Data Scientist,Hyderabad,Remote,Full-time,5,Python|Git|Spark|Data Warehousing|Airflow|Azure|Pandas|Tableau,20.56,2023-05-05,"['tableau', 'git', 'airflow', 'spark', 'data warehousing', 'pandas', 'python', 'azure']"
1734,Paytm,Analytics Engineer,Chennai,Onsite,Full-time,3,Power BI|Python|Tableau|Docker|Machine Learning|Data Warehousing|AWS|Statistics,15.6,2023-12-24,"['machine learning', 'statistics', 'aws', 'power bi', 'data warehousing', 'tableau', 'python', 'docker']"
1735,Walmart,Business Analyst,Remote,Onsite,Full-time,6,SQL|Azure|Docker|Machine Learning,22.01,2023-05-06,"['machine learning', 'sql', 'azure', 'docker']"
1736,Zoho,Senior Data Analyst,Pune,Onsite,Internship,5,Excel|AWS|Tableau|Spark,15.21,2023-12-18,"['spark', 'tableau', 'aws', 'excel']"
1737,Flipkart,Analytics Engineer,Hyderabad,Remote,Contract,7,Airflow|Data Warehousing|Power BI|Statistics|SQL,23.03,2024-09-05,"['statistics', 'sql', 'airflow', 'power bi', 'data warehousing']"
1738,Paytm,Analytics Engineer,Delhi,Onsite,Contract,3,Spark|Statistics|Airflow|AWS|Python,11.0,2023-11-26,"['statistics', 'aws', 'airflow', 'spark', 'python']"
1739,Amazon,Data Analyst,Remote,Hybrid,Full-time,5,Git|Statistics|SQL|Azure|Pandas|NumPy,16.75,2024-08-04,"['statistics', 'numpy', 'git', 'sql', 'pandas', 'azure']"
1740,Cognizant,Senior Data Analyst,Pune,Remote,Internship,5,Tableau|Airflow|Excel|Data Warehousing,16.63,2023-05-18,"['data warehousing', 'tableau', 'airflow', 'excel']"
1741,Zoho,Business Analyst,Pune,Remote,Full-time,7,Pandas|Git|Python|Docker|Power BI|Machine Learning|AWS,25.73,2023-12-18,"['machine learning', 'aws', 'git', 'power bi', 'pandas', 'python', 'docker']"
1742,TCS,Senior Data Analyst,Bengaluru,Onsite,Contract,2,Power BI|Airflow|ETL|Excel|Docker|SQL|Azure|NumPy,11.37,2024-04-17,"['numpy', 'excel', 'sql', 'airflow', 'power bi', 'azure', 'etl', 'docker']"
1743,Amazon,Data Scientist,Bengaluru,Onsite,Full-time,3,AWS|Docker|ETL|Excel|Python|Pandas,18.01,2024-07-13,"['aws', 'excel', 'etl', 'pandas', 'python', 'docker']"
1744,Accenture,Business Analyst,Hyderabad,Hybrid,Full-time,7,Python|Machine Learning|Power BI|Statistics|NumPy,25.8,2024-06-05,"['machine learning', 'statistics', 'numpy', 'power bi', 'python']"
1745,Razorpay,Senior Data Analyst,Mumbai,Hybrid,Internship,4,Git|Tableau|Machine Learning|Airflow|AWS|ETL,16.13,2023-01-23,"['machine learning', 'aws', 'git', 'airflow', 'etl', 'tableau']"
1746,Infosys,BI Analyst,Delhi,Remote,Internship,0,ETL|Airflow|Excel|Spark|Data Warehousing|Azure|AWS,5.71,2023-06-27,"['aws', 'excel', 'airflow', 'spark', 'etl', 'data warehousing', 'azure']"
1747,Deloitte,Analytics Engineer,Remote,Hybrid,Full-time,4,Data Warehousing|Git|Airflow|Excel|Pandas|ETL|SQL|Tableau,14.75,2024-04-09,"['tableau', 'excel', 'git', 'sql', 'airflow', 'etl', 'data warehousing', 'pandas']"
1748,Razorpay,BI Analyst,Bengaluru,Onsite,Internship,1,Machine Learning|NumPy|Python|Azure|ETL|Data Warehousing|Spark,11.15,2023-10-05,"['machine learning', 'numpy', 'spark', 'etl', 'data warehousing', 'python', 'azure']"
1749,Paytm,Data Analyst,Pune,Hybrid,Full-time,3,NumPy|Power BI|Machine Learning|Statistics|Tableau|Git,15.24,2024-06-08,"['machine learning', 'numpy', 'statistics', 'git', 'power bi', 'tableau']"
1750,TCS,Data Scientist,Bengaluru,Hybrid,Internship,3,Airflow|AWS|Data Warehousing|Statistics|Docker,16.7,2023-01-09,"['statistics', 'aws', 'airflow', 'data warehousing', 'docker']"
1751,Flipkart,Data Analyst,Pune,Onsite,Full-time,1,NumPy|Docker|Python|Power BI|Machine Learning|ETL,8.79,2023-06-20,"['machine learning', 'numpy', 'power bi', 'etl', 'python', 'docker']"
1752,Freshworks,Senior Data Analyst,Delhi,Hybrid,Contract,1,Statistics|Power BI|AWS|Python|Spark,6.39,2023-01-08,"['statistics', 'aws', 'power bi', 'spark', 'python']"
1753,Microsoft,Senior Data Analyst,Remote,Remote,Full-time,1,SQL|ETL|Spark|AWS,6.8,2023-08-09,"['spark', 'sql', 'etl', 'aws']"
1754,TCS,Senior Data Analyst,Mumbai,Hybrid,Full-time,5,Power BI|SQL|AWS|Statistics|Spark,17.86,2023-05-28,"['statistics', 'aws', 'sql', 'power bi', 'spark']"
1755,Accenture,Senior Data Analyst,Pune,Onsite,Contract,8,Python|ETL|Power BI|Spark|NumPy|Excel|AWS,23.03,2023-03-22,"['numpy', 'aws', 'excel', 'power bi', 'spark', 'etl', 'python']"
1756,Amazon,Senior Data Analyst,Delhi,Remote,Full-time,2,AWS|Python|Excel|Docker|Spark,9.52,2023-04-13,"['aws', 'excel', 'spark', 'python', 'docker']"
1757,Swiggy,Analytics Engineer,Pune,Onsite,Contract,0,NumPy|AWS|Data Warehousing|Machine Learning,6.64,2023-02-21,"['data warehousing', 'machine learning', 'numpy', 'aws']"
1758,Flipkart,Data Analyst,Bengaluru,Remote,Contract,2,Airflow|Git|Spark|Azure|Power BI|Python|Data Warehousing|ETL,13.34,2023-08-31,"['git', 'airflow', 'power bi', 'spark', 'etl', 'data warehousing', 'python', 'azure']"
1759,Infosys,BI Analyst,Mumbai,Onsite,Internship,2,Spark|NumPy|ETL|Machine Learning,11.52,2024-05-02,"['spark', 'machine learning', 'numpy', 'etl']"
1760,Infosys,Senior Data Analyst,Chennai,Remote,Full-time,0,Tableau|ETL|Data Warehousing|Power BI,4.08,2024-04-17,"['data warehousing', 'tableau', 'etl', 'power bi']"
1761,TCS,Analytics Engineer,Hyderabad,Onsite,Contract,7,NumPy|SQL|Azure|Statistics,20.33,2024-07-07,"['numpy', 'sql', 'statistics', 'azure']"
1762,Flipkart,Analytics Engineer,Bengaluru,Hybrid,Internship,0,ETL|Power BI|Azure|NumPy|Statistics|Data Warehousing|Spark|SQL,7.11,2023-10-14,"['numpy', 'statistics', 'sql', 'power bi', 'spark', 'etl', 'data warehousing', 'azure']"
1763,Microsoft,BI Analyst,Pune,Hybrid,Full-time,1,Tableau|Pandas|Machine Learning|Airflow|SQL|Statistics|Python,8.73,2023-02-25,"['machine learning', 'statistics', 'sql', 'airflow', 'pandas', 'tableau', 'python']"
1764,Accenture,Business Analyst,Pune,Onsite,Internship,4,Excel|Pandas|ETL|Power BI|SQL|Azure,13.53,2023-08-08,"['excel', 'sql', 'power bi', 'etl', 'pandas', 'azure']"
1765,Accenture,Senior Data Analyst,Remote,Hybrid,Full-time,1,Python|Machine Learning|Excel|Spark|Statistics,9.13,2023-01-24,"['machine learning', 'statistics', 'excel', 'spark', 'python']"
1766,Freshworks,Data Scientist,Bengaluru,Remote,Internship,2,Spark|Azure|SQL|Tableau|Power BI|Statistics|NumPy,16.81,2023-11-04,"['statistics', 'numpy', 'sql', 'power bi', 'spark', 'tableau', 'azure']"
1767,Flipkart,Analytics Engineer,Mumbai,Remote,Full-time,0,Machine Learning|Spark|Docker|ETL|Pandas,7.34,2023-02-07,"['machine learning', 'spark', 'etl', 'pandas', 'docker']"
1768,Razorpay,Data Analyst,Mumbai,Hybrid,Internship,1,Tableau|Azure|Git|Machine Learning|AWS|SQL|Power BI|NumPy,10.11,2024-09-13,"['machine learning', 'numpy', 'aws', 'git', 'sql', 'power bi', 'tableau', 'azure']"
1769,Deloitte,BI Analyst,Bengaluru,Remote,Contract,4,Docker|Data Warehousing|Power BI|Tableau|Statistics|NumPy|Python,16.81,2024-04-12,"['statistics', 'numpy', 'power bi', 'data warehousing', 'tableau', 'python', 'docker']"
1770,Microsoft,Data Analyst,Bengaluru,Hybrid,Full-time,8,Git|Power BI|AWS|SQL|Data Warehousing,26.36,2024-08-03,"['aws', 'git', 'sql', 'power bi', 'data warehousing']"
1771,Walmart,Data Analyst,Remote,Remote,Contract,6,SQL|Data Warehousing|NumPy|AWS|Spark|Airflow,21.31,2023-07-26,"['numpy', 'aws', 'sql', 'airflow', 'spark', 'data warehousing']"
1772,Microsoft,Analytics Engineer,Mumbai,Hybrid,Internship,2,Azure|Statistics|Excel|Machine Learning|Git,11.85,2023-02-10,"['machine learning', 'statistics', 'excel', 'git', 'azure']"
1773,Swiggy,Business Analyst,Hyderabad,Onsite,Full-time,1,Data Warehousing|Docker|Pandas|Excel|NumPy,7.57,2023-06-22,"['numpy', 'excel', 'data warehousing', 'pandas', 'docker']"
1774,Infosys,Business Analyst,Bengaluru,Onsite,Contract,3,Excel|Python|Pandas|Git|ETL|Tableau|Spark,12.05,2024-06-15,"['excel', 'git', 'spark', 'etl', 'tableau', 'pandas', 'python']"
1775,Cognizant,Business Analyst,Mumbai,Remote,Full-time,4,Git|Statistics|AWS|SQL|Data Warehousing|Python|Spark,16.3,2024-08-04,"['statistics', 'aws', 'git', 'sql', 'spark', 'data warehousing', 'python']"
1776,Zoho,Data Analyst,Remote,Onsite,Full-time,4,Airflow|Python|ETL|AWS,14.2,2024-10-04,"['aws', 'python', 'etl', 'airflow']"
1777,Swiggy,Business Analyst,Remote,Remote,Full-time,2,NumPy|Git|Spark|Docker|AWS|Azure|Machine Learning,13.38,2024-09-24,"['machine learning', 'numpy', 'aws', 'git', 'spark', 'azure', 'docker']"
1778,Amazon,BI Analyst,Chennai,Hybrid,Internship,0,Azure|AWS|Machine Learning|Docker|SQL|Git|NumPy|Statistics,5.62,2023-01-24,"['machine learning', 'numpy', 'statistics', 'aws', 'git', 'sql', 'azure', 'docker']"
1779,Freshworks,Analytics Engineer,Remote,Onsite,Internship,8,Statistics|Data Warehousing|NumPy|SQL|Docker|Spark,22.75,2023-04-09,"['numpy', 'statistics', 'sql', 'spark', 'data warehousing', 'docker']"
1780,Razorpay,Data Analyst,Hyderabad,Remote,Full-time,5,Spark|Machine Learning|Pandas|ETL,20.43,2023-01-19,"['spark', 'machine learning', 'pandas', 'etl']"
1781,Microsoft,Data Scientist,Remote,Onsite,Contract,4,Power BI|Spark|Tableau|Pandas,17.74,2023-01-31,"['spark', 'tableau', 'pandas', 'power bi']"
1782,Infosys,Senior Data Analyst,Hyderabad,Remote,Full-time,6,Machine Learning|AWS|ETL|Spark|Excel|NumPy|Docker|Statistics,22.29,2024-07-17,"['machine learning', 'numpy', 'statistics', 'aws', 'excel', 'spark', 'etl', 'docker']"
1783,Freshworks,Senior Data Analyst,Hyderabad,Remote,Full-time,0,Power BI|Excel|Git|Data Warehousing|Azure,5.79,2023-10-23,"['excel', 'git', 'power bi', 'data warehousing', 'azure']"
1784,Flipkart,Business Analyst,Chennai,Remote,Full-time,6,SQL|Spark|Machine Learning|Data Warehousing|Statistics,24.71,2024-04-23,"['machine learning', 'statistics', 'sql', 'spark', 'data warehousing']"
1785,TCS,Senior Data Analyst,Bengaluru,Hybrid,Internship,3,AWS|Pandas|Git|Tableau|ETL|Statistics|Python,12.48,2023-04-07,"['statistics', 'aws', 'git', 'pandas', 'etl', 'tableau', 'python']"
1786,Flipkart,Business Analyst,Hyderabad,Remote,Contract,8,Tableau|Data Warehousing|Azure|NumPy|SQL|Git,25.04,2023-01-19,"['numpy', 'git', 'sql', 'data warehousing', 'tableau', 'azure']"
1787,Infosys,Data Scientist,Hyderabad,Onsite,Full-time,6,SQL|Data Warehousing|Statistics|AWS,22.29,2024-02-23,"['data warehousing', 'statistics', 'sql', 'aws']"
1788,Swiggy,Data Analyst,Bengaluru,Remote,Full-time,1,Statistics|Excel|Data Warehousing|SQL|Python,11.22,2023-07-25,"['statistics', 'excel', 'sql', 'data warehousing', 'python']"
1789,Deloitte,Analytics Engineer,Delhi,Hybrid,Contract,6,Spark|Power BI|ETL|Python,19.65,2023-01-12,"['spark', 'python', 'etl', 'power bi']"
1790,Infosys,Data Scientist,Pune,Remote,Internship,6,Azure|Statistics|Docker|Airflow|Spark|Excel|Git,25.91,2023-11-09,"['statistics', 'excel', 'git', 'airflow', 'spark', 'azure', 'docker']"
1791,TCS,Business Analyst,Bengaluru,Remote,Contract,2,Docker|Statistics|Data Warehousing|Azure|Excel|NumPy|Python,12.0,2023-01-08,"['statistics', 'numpy', 'excel', 'docker', 'data warehousing', 'python', 'azure']"
1792,Freshworks,BI Analyst,Pune,Onsite,Full-time,3,ETL|Excel|Data Warehousing|Tableau|Pandas|Machine Learning,16.0,2024-07-01,"['machine learning', 'tableau', 'excel', 'etl', 'data warehousing', 'pandas']"
1793,Infosys,Business Analyst,Pune,Hybrid,Internship,5,Excel|Git|Azure|Power BI,16.53,2024-03-04,"['git', 'power bi', 'azure', 'excel']"
1794,Freshworks,BI Analyst,Remote,Remote,Internship,5,Excel|Data Warehousing|ETL|SQL|AWS|Statistics|NumPy,18.03,2023-10-04,"['statistics', 'numpy', 'aws', 'excel', 'sql', 'etl', 'data warehousing']"
1795,Zoho,Senior Data Analyst,Bengaluru,Onsite,Internship,7,Power BI|Pandas|AWS|Python|Azure|Tableau|ETL,24.92,2023-04-22,"['aws', 'power bi', 'etl', 'tableau', 'pandas', 'python', 'azure']"
1796,Microsoft,Senior Data Analyst,Chennai,Onsite,Internship,8,ETL|AWS|Power BI|Git|Tableau|Pandas|Excel|Airflow,24.68,2024-01-23,"['aws', 'excel', 'git', 'airflow', 'power bi', 'pandas', 'etl', 'tableau']"
1797,Cognizant,Business Analyst,Remote,Hybrid,Full-time,1,Power BI|Azure|Airflow|ETL|NumPy,7.21,2023-12-31,"['numpy', 'airflow', 'power bi', 'etl', 'azure']"
1798,TCS,Senior Data Analyst,Remote,Onsite,Contract,4,Pandas|Python|NumPy|Azure|Spark|Excel|Airflow|SQL,14.51,2024-09-19,"['numpy', 'excel', 'sql', 'airflow', 'spark', 'pandas', 'python', 'azure']"
1799,Flipkart,Business Analyst,Chennai,Onsite,Internship,8,Power BI|Excel|Statistics|Tableau|Python|Azure|NumPy|Docker,24.53,2023-10-22,"['statistics', 'numpy', 'excel', 'docker', 'power bi', 'tableau', 'python', 'azure']"
1800,Infosys,Analytics Engineer,Pune,Remote,Contract,2,Data Warehousing|Machine Learning|AWS|Airflow,14.98,2024-02-19,"['data warehousing', 'machine learning', 'airflow', 'aws']"
1801,Microsoft,Data Analyst,Hyderabad,Hybrid,Full-time,5,Tableau|SQL|Power BI|ETL,15.59,2023-10-13,"['tableau', 'sql', 'etl', 'power bi']"
1802,Swiggy,Data Scientist,Chennai,Remote,Full-time,2,Python|Tableau|Spark|NumPy|Data Warehousing,15.85,2024-03-10,"['numpy', 'spark', 'data warehousing', 'tableau', 'python']"
1803,Swiggy,Business Analyst,Hyderabad,Onsite,Contract,7,Tableau|Airflow|Python|Git|Data Warehousing,20.6,2024-08-31,"['git', 'airflow', 'data warehousing', 'tableau', 'python']"
1804,Freshworks,Analytics Engineer,Hyderabad,Hybrid,Full-time,0,Power BI|Machine Learning|Python|Git,7.94,2023-09-04,"['git', 'machine learning', 'python', 'power bi']"
1805,Paytm,Data Scientist,Delhi,Onsite,Contract,7,Git|Docker|Python|Airflow,26.27,2023-06-09,"['airflow', 'git', 'python', 'docker']"
1806,Infosys,Data Scientist,Chennai,Hybrid,Full-time,0,Machine Learning|Tableau|AWS|Azure|Excel|Docker|Statistics|Data Warehousing,11.39,2023-03-20,"['machine learning', 'statistics', 'aws', 'excel', 'docker', 'data warehousing', 'tableau', 'azure']"
1807,Deloitte,BI Analyst,Pune,Onsite,Internship,5,Azure|Pandas|Spark|SQL|Python,16.59,2024-03-30,"['sql', 'spark', 'pandas', 'python', 'azure']"
1808,Zoho,Data Scientist,Pune,Onsite,Internship,0,Excel|Git|AWS|Airflow|Python|Spark|Tableau,6.82,2023-01-29,"['aws', 'excel', 'git', 'airflow', 'spark', 'tableau', 'python']"
1809,Razorpay,Data Scientist,Delhi,Remote,Contract,8,ETL|Excel|Power BI|Tableau,29.76,2024-01-29,"['tableau', 'etl', 'power bi', 'excel']"
1810,Freshworks,BI Analyst,Hyderabad,Onsite,Full-time,7,NumPy|ETL|Pandas|Docker,22.63,2024-07-27,"['numpy', 'etl', 'docker', 'pandas']"
1811,Accenture,Data Analyst,Bengaluru,Onsite,Contract,2,Python|Spark|Airflow|Pandas|Statistics|Machine Learning,14.45,2024-11-16,"['machine learning', 'statistics', 'airflow', 'spark', 'pandas', 'python']"
1812,Infosys,Business Analyst,Pune,Remote,Internship,2,Airflow|Pandas|Power BI|Docker|SQL,11.37,2024-01-29,"['sql', 'airflow', 'power bi', 'pandas', 'docker']"
1813,Paytm,Data Scientist,Remote,Hybrid,Contract,6,Spark|Git|Excel|NumPy|Azure|Statistics|Python|Docker,23.55,2023-03-09,"['numpy', 'statistics', 'excel', 'git', 'docker', 'spark', 'python', 'azure']"
1814,Walmart,Analytics Engineer,Delhi,Onsite,Full-time,1,Spark|Excel|SQL|Pandas|Python,6.22,2023-11-02,"['excel', 'sql', 'spark', 'pandas', 'python']"
1815,Walmart,BI Analyst,Chennai,Onsite,Full-time,1,ETL|Python|Tableau|Git,6.95,2023-09-22,"['git', 'tableau', 'python', 'etl']"
1816,Deloitte,Senior Data Analyst,Remote,Hybrid,Full-time,3,Statistics|Excel|ETL|Machine Learning,13.2,2023-01-25,"['machine learning', 'statistics', 'etl', 'excel']"
1817,TCS,Senior Data Analyst,Bengaluru,Hybrid,Internship,1,Power BI|Python|Pandas|Docker|Tableau|ETL|Data Warehousing,8.13,2024-01-09,"['pandas', 'power bi', 'etl', 'data warehousing', 'tableau', 'python', 'docker']"
1818,Deloitte,Analytics Engineer,Hyderabad,Hybrid,Contract,6,Airflow|Statistics|Tableau|Azure|AWS|Pandas,17.77,2023-01-04,"['statistics', 'aws', 'airflow', 'pandas', 'tableau', 'azure']"
1819,Razorpay,Data Analyst,Mumbai,Remote,Contract,1,ETL|Docker|Excel|Airflow|Power BI|Statistics,7.77,2023-05-06,"['statistics', 'excel', 'airflow', 'power bi', 'etl', 'docker']"
1820,Flipkart,BI Analyst,Pune,Hybrid,Full-time,3,Azure|Data Warehousing|Spark|Airflow|SQL|Power BI|Machine Learning|Docker,15.42,2023-05-18,"['machine learning', 'sql', 'docker', 'airflow', 'power bi', 'spark', 'data warehousing', 'azure']"
1821,Razorpay,Analytics Engineer,Remote,Remote,Full-time,5,ETL|Tableau|Pandas|Git|Excel|Power BI|NumPy|Python,18.3,2023-06-14,"['numpy', 'excel', 'git', 'pandas', 'power bi', 'etl', 'tableau', 'python']"
1822,Walmart,Data Scientist,Pune,Remote,Contract,6,Excel|AWS|Airflow|Data Warehousing,25.97,2023-10-14,"['airflow', 'data warehousing', 'aws', 'excel']"
1823,Amazon,BI Analyst,Bengaluru,Hybrid,Contract,7,SQL|Spark|Data Warehousing|Statistics|Git,22.18,2024-05-27,"['statistics', 'git', 'sql', 'spark', 'data warehousing']"
1824,Infosys,Data Analyst,Delhi,Remote,Contract,5,Machine Learning|ETL|Data Warehousing|Azure|Airflow|Tableau|Statistics,20.15,2024-05-13,"['machine learning', 'statistics', 'airflow', 'etl', 'data warehousing', 'tableau', 'azure']"
1825,Swiggy,Senior Data Analyst,Remote,Hybrid,Contract,3,Python|Pandas|Git|Statistics|Excel|SQL|Airflow|Machine Learning,14.38,2023-07-05,"['machine learning', 'statistics', 'excel', 'git', 'sql', 'airflow', 'pandas', 'python']"
1826,Freshworks,Data Analyst,Pune,Onsite,Contract,2,Pandas|Azure|Excel|Airflow|Docker|NumPy|ETL|Machine Learning,11.06,2024-06-12,"['machine learning', 'numpy', 'excel', 'airflow', 'azure', 'etl', 'pandas', 'docker']"
1827,Accenture,Data Analyst,Delhi,Onsite,Internship,7,Docker|Machine Learning|Power BI|Python|Statistics|Azure|NumPy,24.43,2023-03-11,"['machine learning', 'statistics', 'numpy', 'power bi', 'azure', 'python', 'docker']"
1828,Accenture,Business Analyst,Chennai,Remote,Contract,5,Airflow|ETL|NumPy|Spark|Power BI,17.15,2024-06-25,"['numpy', 'airflow', 'power bi', 'spark', 'etl']"
1829,Zoho,Data Scientist,Mumbai,Remote,Full-time,8,SQL|Docker|Git|Azure|Spark|Python|Excel,29.77,2023-08-28,"['excel', 'git', 'sql', 'docker', 'spark', 'python', 'azure']"
1830,Walmart,Data Analyst,Delhi,Remote,Contract,5,Statistics|Machine Learning|Python|Pandas|Airflow|Git,21.31,2023-05-29,"['machine learning', 'statistics', 'git', 'airflow', 'pandas', 'python']"
1831,Flipkart,Business Analyst,Remote,Onsite,Internship,6,Azure|Git|NumPy|Excel,18.08,2024-11-02,"['git', 'numpy', 'azure', 'excel']"
1832,Accenture,Senior Data Analyst,Chennai,Hybrid,Internship,6,SQL|ETL|Machine Learning|AWS|Statistics|Airflow|Pandas,21.81,2023-03-20,"['machine learning', 'statistics', 'aws', 'sql', 'airflow', 'etl', 'pandas']"
1833,Walmart,Data Scientist,Pune,Onsite,Contract,0,Data Warehousing|Machine Learning|Power BI|Docker|Git,10.71,2023-05-14,"['machine learning', 'git', 'power bi', 'data warehousing', 'docker']"
1834,TCS,Data Scientist,Pune,Onsite,Contract,3,SQL|Pandas|Power BI|Azure|Git,16.28,2024-04-20,"['git', 'sql', 'power bi', 'pandas', 'azure']"
1835,Deloitte,Data Scientist,Hyderabad,Remote,Contract,7,Tableau|ETL|SQL|NumPy|Power BI|Python|Excel,26.62,2023-10-23,"['numpy', 'excel', 'sql', 'power bi', 'etl', 'tableau', 'python']"
1836,Walmart,Analytics Engineer,Hyderabad,Remote,Full-time,6,Statistics|SQL|Pandas|Power BI|ETL|NumPy|AWS|Python,21.42,2023-07-11,"['statistics', 'numpy', 'aws', 'sql', 'power bi', 'etl', 'pandas', 'python']"
1837,Infosys,Business Analyst,Pune,Onsite,Full-time,6,Python|Tableau|Git|Excel|Power BI|Azure|NumPy|Docker,18.77,2023-01-26,"['numpy', 'excel', 'git', 'docker', 'power bi', 'tableau', 'python', 'azure']"
1838,Flipkart,BI Analyst,Pune,Onsite,Contract,7,NumPy|Power BI|Data Warehousing|Tableau,22.06,2023-02-03,"['data warehousing', 'numpy', 'tableau', 'power bi']"
1839,Zoho,Analytics Engineer,Chennai,Hybrid,Contract,3,Pandas|Docker|ETL|Statistics|Power BI,11.73,2023-04-26,"['statistics', 'power bi', 'etl', 'pandas', 'docker']"
1840,Swiggy,Business Analyst,Mumbai,Onsite,Contract,4,Docker|Statistics|Git|Machine Learning|Python|Data Warehousing|Tableau,16.69,2023-11-29,"['machine learning', 'statistics', 'git', 'data warehousing', 'tableau', 'python', 'docker']"
1841,Accenture,Data Analyst,Mumbai,Onsite,Contract,2,Azure|Tableau|Spark|AWS|ETL|Git,8.89,2023-06-11,"['aws', 'git', 'spark', 'etl', 'tableau', 'azure']"
1842,Paytm,Business Analyst,Hyderabad,Hybrid,Contract,8,Pandas|Tableau|Docker|NumPy,22.64,2024-07-30,"['tableau', 'numpy', 'pandas', 'docker']"
1843,Deloitte,Data Analyst,Remote,Onsite,Full-time,2,Docker|Git|NumPy|Azure|Pandas|Power BI|Statistics,9.43,2023-12-31,"['numpy', 'statistics', 'git', 'docker', 'power bi', 'pandas', 'azure']"
1844,Zoho,Analytics Engineer,Remote,Remote,Contract,7,Spark|Python|Statistics|Data Warehousing|ETL|Machine Learning,25.4,2023-01-03,"['machine learning', 'statistics', 'spark', 'etl', 'data warehousing', 'python']"
1845,TCS,Data Scientist,Delhi,Remote,Internship,7,Docker|Python|Power BI|ETL|Machine Learning|Data Warehousing,30.2,2023-06-25,"['machine learning', 'power bi', 'etl', 'data warehousing', 'python', 'docker']"
1846,Cognizant,Data Analyst,Remote,Onsite,Internship,2,Power BI|Spark|Airflow|Docker|Excel,7.6,2023-09-23,"['excel', 'airflow', 'power bi', 'spark', 'docker']"
1847,Accenture,Analytics Engineer,Hyderabad,Onsite,Full-time,0,Statistics|Pandas|Git|Power BI|ETL|Tableau|Spark|Azure,3.23,2023-03-10,"['statistics', 'git', 'power bi', 'spark', 'etl', 'tableau', 'pandas', 'azure']"
1848,Flipkart,Business Analyst,Chennai,Hybrid,Full-time,5,Spark|SQL|ETL|AWS|Data Warehousing|Tableau,17.39,2024-11-30,"['aws', 'sql', 'spark', 'etl', 'data warehousing', 'tableau']"
1849,Microsoft,Business Analyst,Hyderabad,Onsite,Full-time,6,Data Warehousing|AWS|Spark|Airflow|Tableau|ETL|Docker|Azure,20.05,2024-02-08,"['aws', 'airflow', 'spark', 'azure', 'etl', 'data warehousing', 'tableau', 'docker']"
1850,Paytm,Analytics Engineer,Delhi,Remote,Contract,6,Python|Data Warehousing|Pandas|AWS|Spark,19.69,2023-05-10,"['aws', 'spark', 'data warehousing', 'pandas', 'python']"
1851,Flipkart,Senior Data Analyst,Mumbai,Hybrid,Internship,1,SQL|Git|Airflow|Pandas|ETL,7.72,2024-09-18,"['git', 'sql', 'airflow', 'etl', 'pandas']"
1852,TCS,Analytics Engineer,Pune,Onsite,Internship,2,Tableau|Excel|Data Warehousing|Statistics,8.94,2023-11-13,"['data warehousing', 'tableau', 'statistics', 'excel']"
1853,Paytm,Senior Data Analyst,Remote,Hybrid,Contract,4,Power BI|Python|NumPy|Data Warehousing|AWS,12.78,2023-07-28,"['numpy', 'aws', 'power bi', 'data warehousing', 'python']"
1854,Amazon,Senior Data Analyst,Pune,Hybrid,Contract,1,Excel|Pandas|NumPy|Statistics|SQL|Spark|Tableau|Airflow,7.17,2023-05-12,"['numpy', 'statistics', 'excel', 'sql', 'airflow', 'spark', 'tableau', 'pandas']"
1855,Cognizant,Senior Data Analyst,Delhi,Onsite,Full-time,7,Excel|Airflow|Data Warehousing|NumPy|SQL|Power BI,21.28,2024-04-04,"['numpy', 'excel', 'sql', 'airflow', 'power bi', 'data warehousing']"
1856,TCS,Data Analyst,Hyderabad,Remote,Contract,0,Pandas|Machine Learning|Data Warehousing|Docker|Power BI|Excel|Python|Tableau,7.19,2023-08-24,"['machine learning', 'tableau', 'excel', 'power bi', 'data warehousing', 'pandas', 'python', 'docker']"
1857,Paytm,Senior Data Analyst,Bengaluru,Remote,Internship,0,Tableau|Machine Learning|Data Warehousing|Spark|Airflow|Power BI,9.32,2023-09-01,"['machine learning', 'airflow', 'power bi', 'spark', 'data warehousing', 'tableau']"
1858,Swiggy,Data Analyst,Hyderabad,Hybrid,Full-time,8,ETL|Git|Azure|Power BI|Excel|Statistics|AWS,24.72,2023-05-15,"['statistics', 'aws', 'excel', 'git', 'power bi', 'etl', 'azure']"
1859,Swiggy,Data Analyst,Mumbai,Onsite,Contract,8,Statistics|Machine Learning|Azure|Airflow|Git|Pandas|ETL|SQL,28.28,2023-01-08,"['machine learning', 'statistics', 'git', 'sql', 'airflow', 'etl', 'pandas', 'azure']"
1860,Razorpay,Analytics Engineer,Hyderabad,Onsite,Internship,7,SQL|Docker|Statistics|Azure|NumPy|AWS|Tableau,20.51,2024-08-26,"['numpy', 'statistics', 'aws', 'sql', 'docker', 'tableau', 'azure']"
1861,Deloitte,BI Analyst,Pune,Remote,Contract,5,Spark|SQL|Power BI|Pandas,18.5,2024-03-19,"['spark', 'pandas', 'sql', 'power bi']"
1862,Deloitte,Data Analyst,Remote,Remote,Internship,8,Data Warehousing|Spark|ETL|Machine Learning|Docker|Tableau,27.52,2023-11-25,"['machine learning', 'spark', 'etl', 'data warehousing', 'tableau', 'docker']"
1863,Freshworks,BI Analyst,Chennai,Hybrid,Full-time,7,Airflow|Pandas|Python|Spark|Machine Learning,23.38,2024-08-21,"['machine learning', 'airflow', 'spark', 'pandas', 'python']"
1864,Deloitte,Senior Data Analyst,Pune,Onsite,Contract,4,Azure|Spark|SQL|Airflow|AWS,12.98,2023-07-07,"['aws', 'sql', 'airflow', 'spark', 'azure']"
1865,Freshworks,Data Analyst,Remote,Hybrid,Full-time,1,Pandas|Spark|ETL|Airflow|Azure|Docker|NumPy|Power BI,5.52,2024-02-26,"['numpy', 'docker', 'airflow', 'power bi', 'spark', 'etl', 'pandas', 'azure']"
1866,Microsoft,Analytics Engineer,Hyderabad,Onsite,Internship,4,Python|Power BI|Docker|ETL|Airflow,12.76,2024-08-06,"['airflow', 'power bi', 'etl', 'python', 'docker']"
1867,Infosys,Business Analyst,Delhi,Hybrid,Full-time,0,Docker|Airflow|Power BI|Data Warehousing,2.9,2024-02-13,"['airflow', 'data warehousing', 'docker', 'power bi']"
1868,Walmart,Senior Data Analyst,Bengaluru,Hybrid,Full-time,5,Spark|Docker|Tableau|Power BI,17.86,2023-02-10,"['spark', 'tableau', 'docker', 'power bi']"
1869,Deloitte,Data Scientist,Chennai,Onsite,Full-time,3,Power BI|SQL|Spark|Airflow|ETL|AWS|Tableau|Azure,15.86,2023-05-18,"['aws', 'sql', 'airflow', 'power bi', 'spark', 'etl', 'tableau', 'azure']"
1870,Infosys,Senior Data Analyst,Bengaluru,Remote,Internship,7,Power BI|Statistics|NumPy|Docker,24.76,2023-01-22,"['numpy', 'statistics', 'docker', 'power bi']"
1871,Walmart,Business Analyst,Delhi,Hybrid,Contract,7,SQL|Azure|NumPy|Excel|Git|Data Warehousing|ETL,22.52,2024-04-30,"['numpy', 'excel', 'git', 'sql', 'etl', 'data warehousing', 'azure']"
1872,Accenture,Business Analyst,Hyderabad,Hybrid,Full-time,6,NumPy|Spark|Python|Git|AWS|Pandas,18.1,2024-03-09,"['numpy', 'aws', 'git', 'spark', 'pandas', 'python']"
1873,TCS,BI Analyst,Remote,Hybrid,Contract,6,Statistics|Tableau|ETL|Docker|Git,17.54,2024-09-24,"['statistics', 'git', 'etl', 'tableau', 'docker']"
1874,TCS,Senior Data Analyst,Chennai,Hybrid,Contract,1,AWS|Excel|Tableau|Spark|SQL|NumPy|Pandas,7.75,2023-07-21,"['numpy', 'aws', 'excel', 'sql', 'pandas', 'spark', 'tableau']"
1875,Amazon,Business Analyst,Remote,Remote,Contract,7,Airflow|Spark|Statistics|NumPy|Data Warehousing|Python|Docker,23.87,2024-09-10,"['numpy', 'statistics', 'airflow', 'spark', 'data warehousing', 'python', 'docker']"
1876,Freshworks,Business Analyst,Mumbai,Remote,Contract,0,Docker|Power BI|Statistics|Pandas|Data Warehousing|SQL,4.06,2023-03-30,"['statistics', 'sql', 'power bi', 'data warehousing', 'pandas', 'docker']"
1877,Freshworks,Analytics Engineer,Mumbai,Onsite,Full-time,3,AWS|Pandas|Python|Power BI|Excel,10.92,2023-10-01,"['aws', 'excel', 'power bi', 'pandas', 'python']"
1878,Deloitte,BI Analyst,Remote,Onsite,Contract,2,Machine Learning|Spark|NumPy|Airflow|Pandas,12.97,2024-08-09,"['machine learning', 'numpy', 'airflow', 'spark', 'pandas']"
1879,Zoho,BI Analyst,Delhi,Onsite,Contract,0,Spark|AWS|Airflow|Machine Learning|Pandas,8.03,2023-05-21,"['machine learning', 'aws', 'airflow', 'spark', 'pandas']"
1880,TCS,Analytics Engineer,Delhi,Hybrid,Internship,0,Git|Pandas|Tableau|Machine Learning|NumPy|Spark,7.46,2023-01-04,"['machine learning', 'numpy', 'git', 'pandas', 'spark', 'tableau']"
1881,Amazon,Senior Data Analyst,Delhi,Hybrid,Internship,3,Azure|Data Warehousing|Statistics|Spark|Excel|Power BI|SQL|NumPy,10.96,2024-08-27,"['statistics', 'numpy', 'excel', 'sql', 'power bi', 'spark', 'data warehousing', 'azure']"
1882,Walmart,Data Analyst,Chennai,Hybrid,Internship,0,Statistics|ETL|Machine Learning|SQL|Excel|Azure|NumPy|Python,7.44,2024-02-25,"['machine learning', 'statistics', 'numpy', 'excel', 'sql', 'etl', 'python', 'azure']"
1883,Swiggy,Data Analyst,Bengaluru,Hybrid,Contract,4,Git|Machine Learning|Excel|Tableau|Statistics,18.63,2024-07-09,"['machine learning', 'statistics', 'excel', 'git', 'tableau']"
1884,Zoho,Data Scientist,Remote,Onsite,Contract,5,Machine Learning|Docker|ETL|Statistics|Power BI|Azure|NumPy,23.66,2023-03-10,"['machine learning', 'statistics', 'numpy', 'power bi', 'azure', 'etl', 'docker']"
1885,Cognizant,Data Scientist,Delhi,Remote,Full-time,4,Data Warehousing|Spark|Docker|Machine Learning,21.1,2023-03-03,"['data warehousing', 'spark', 'machine learning', 'docker']"
1886,Swiggy,BI Analyst,Chennai,Onsite,Contract,7,Tableau|Python|Airflow|Machine Learning|Excel,24.36,2024-07-29,"['machine learning', 'excel', 'airflow', 'tableau', 'python']"
1887,Amazon,Data Analyst,Chennai,Onsite,Contract,4,Spark|Docker|Airflow|NumPy|Python,14.62,2024-03-30,"['numpy', 'airflow', 'spark', 'python', 'docker']"
1888,Amazon,BI Analyst,Pune,Remote,Contract,8,NumPy|Python|Data Warehousing|Statistics|Azure,24.07,2024-02-19,"['numpy', 'statistics', 'data warehousing', 'python', 'azure']"
1889,Razorpay,Data Scientist,Delhi,Hybrid,Internship,1,Excel|Pandas|Spark|Power BI|NumPy|Airflow|Statistics|AWS,9.24,2023-01-17,"['numpy', 'statistics', 'aws', 'excel', 'airflow', 'power bi', 'spark', 'pandas']"
1890,Zoho,BI Analyst,Remote,Onsite,Internship,8,Docker|Azure|Tableau|Machine Learning|Airflow|Pandas|ETL|AWS,26.91,2023-07-30,"['machine learning', 'aws', 'docker', 'airflow', 'pandas', 'etl', 'tableau', 'azure']"
1891,Flipkart,BI Analyst,Remote,Remote,Internship,3,Pandas|ETL|NumPy|Python|Spark|Data Warehousing,14.04,2024-11-17,"['numpy', 'spark', 'etl', 'data warehousing', 'pandas', 'python']"
1892,Zoho,Senior Data Analyst,Remote,Remote,Internship,2,Tableau|Git|Python|Excel|Azure,11.29,2023-03-21,"['excel', 'git', 'tableau', 'python', 'azure']"
1893,Razorpay,BI Analyst,Remote,Onsite,Internship,7,Docker|Airflow|Tableau|Power BI,20.21,2023-06-16,"['airflow', 'tableau', 'docker', 'power bi']"
1894,Walmart,Data Scientist,Delhi,Remote,Contract,0,NumPy|Pandas|Airflow|Docker|Machine Learning|AWS|SQL,12.61,2023-06-13,"['machine learning', 'numpy', 'aws', 'sql', 'airflow', 'pandas', 'docker']"
1895,Freshworks,Data Analyst,Remote,Onsite,Internship,8,Docker|Azure|Git|Airflow|Tableau,22.77,2023-01-07,"['git', 'docker', 'airflow', 'tableau', 'azure']"
1896,Cognizant,BI Analyst,Delhi,Remote,Full-time,4,Machine Learning|Pandas|NumPy|AWS|Excel|Power BI|Python|Tableau,18.61,2024-11-11,"['machine learning', 'numpy', 'aws', 'excel', 'power bi', 'tableau', 'pandas', 'python']"
1897,Freshworks,Data Analyst,Mumbai,Hybrid,Internship,3,AWS|Python|SQL|Excel|Pandas|Data Warehousing,10.08,2024-01-25,"['aws', 'excel', 'sql', 'data warehousing', 'pandas', 'python']"
1898,Amazon,Business Analyst,Hyderabad,Hybrid,Internship,1,Azure|Git|Tableau|Python|Pandas|Excel|AWS|Machine Learning,9.68,2024-06-08,"['machine learning', 'aws', 'excel', 'git', 'pandas', 'tableau', 'python', 'azure']"
1899,Zoho,Senior Data Analyst,Mumbai,Onsite,Contract,3,Excel|Power BI|Statistics|Spark,11.41,2023-01-06,"['spark', 'statistics', 'power bi', 'excel']"
1900,TCS,Data Scientist,Remote,Onsite,Internship,6,Statistics|Tableau|Pandas|Azure|Machine Learning|AWS,25.64,2023-09-16,"['machine learning', 'statistics', 'aws', 'pandas', 'tableau', 'azure']"
1901,Accenture,Data Scientist,Bengaluru,Remote,Full-time,2,Power BI|Azure|Python|Tableau|Statistics|Git|SQL|Airflow,16.24,2023-11-02,"['statistics', 'git', 'sql', 'airflow', 'power bi', 'tableau', 'python', 'azure']"
1902,Zoho,BI Analyst,Pune,Onsite,Internship,0,Python|SQL|Machine Learning|Azure|ETL,5.95,2023-06-19,"['machine learning', 'sql', 'etl', 'python', 'azure']"
1903,Paytm,BI Analyst,Remote,Onsite,Full-time,8,AWS|Data Warehousing|Docker|Machine Learning|Pandas,28.05,2024-04-13,"['machine learning', 'aws', 'data warehousing', 'pandas', 'docker']"
1904,Deloitte,Analytics Engineer,Bengaluru,Hybrid,Internship,8,Azure|Pandas|Data Warehousing|Git|Statistics|Docker|Excel|SQL,24.51,2024-08-29,"['statistics', 'excel', 'git', 'docker', 'sql', 'data warehousing', 'pandas', 'azure']"
1905,Deloitte,Data Analyst,Hyderabad,Onsite,Full-time,6,Pandas|ETL|NumPy|Git,17.6,2023-05-17,"['git', 'numpy', 'pandas', 'etl']"
1906,Amazon,Business Analyst,Chennai,Hybrid,Contract,1,SQL|Pandas|Git|NumPy|Tableau|Azure|Excel,5.98,2024-09-01,"['numpy', 'excel', 'git', 'sql', 'pandas', 'tableau', 'azure']"
1907,Swiggy,Data Scientist,Bengaluru,Remote,Internship,2,Azure|ETL|Git|Python|SQL|Power BI,15.89,2024-11-08,"['git', 'sql', 'power bi', 'etl', 'python', 'azure']"
1908,Accenture,Business Analyst,Mumbai,Onsite,Contract,4,Spark|NumPy|ETL|AWS|Python,15.37,2024-04-14,"['numpy', 'aws', 'spark', 'etl', 'python']"
1909,Cognizant,Business Analyst,Bengaluru,Onsite,Full-time,0,Machine Learning|Git|NumPy|Docker|Spark,8.63,2024-04-04,"['machine learning', 'numpy', 'git', 'spark', 'docker']"
1910,Infosys,Business Analyst,Delhi,Hybrid,Internship,4,Airflow|Azure|Power BI|Docker|Data Warehousing,13.56,2023-08-16,"['docker', 'airflow', 'power bi', 'data warehousing', 'azure']"
1911,Walmart,BI Analyst,Hyderabad,Hybrid,Internship,4,Power BI|Git|Airflow|Pandas|ETL|Excel|Azure|Python,14.61,2024-06-06,"['excel', 'git', 'airflow', 'power bi', 'etl', 'pandas', 'python', 'azure']"
1912,Zoho,Business Analyst,Delhi,Hybrid,Full-time,1,Git|ETL|Tableau|Machine Learning|Pandas|Excel,8.46,2023-07-22,"['machine learning', 'excel', 'git', 'pandas', 'etl', 'tableau']"
1913,Deloitte,Business Analyst,Mumbai,Remote,Full-time,6,Airflow|Data Warehousing|ETL|Statistics,20.22,2024-08-22,"['data warehousing', 'statistics', 'etl', 'airflow']"
1914,Cognizant,Business Analyst,Chennai,Onsite,Full-time,5,AWS|ETL|Git|Docker|Azure|Power BI|Spark|Python,16.57,2023-07-08,"['aws', 'git', 'docker', 'power bi', 'spark', 'etl', 'python', 'azure']"
1915,Cognizant,BI Analyst,Pune,Remote,Contract,2,Airflow|Docker|NumPy|SQL,10.22,2023-07-13,"['sql', 'numpy', 'docker', 'airflow']"
1916,Freshworks,BI Analyst,Mumbai,Remote,Internship,2,Statistics|NumPy|Pandas|Airflow|Machine Learning|Spark|Data Warehousing|ETL,14.13,2024-04-06,"['machine learning', 'numpy', 'statistics', 'airflow', 'spark', 'etl', 'data warehousing', 'pandas']"
1917,Walmart,Business Analyst,Bengaluru,Remote,Full-time,5,Python|AWS|SQL|Tableau|Excel|Machine Learning|Power BI,23.92,2024-09-14,"['machine learning', 'aws', 'excel', 'sql', 'power bi', 'tableau', 'python']"
1918,Zoho,Data Analyst,Hyderabad,Onsite,Full-time,5,Data Warehousing|NumPy|Airflow|AWS|SQL,15.03,2023-01-05,"['numpy', 'aws', 'sql', 'airflow', 'data warehousing']"
1919,Swiggy,Senior Data Analyst,Mumbai,Remote,Internship,4,Git|Airflow|Power BI|Docker,16.83,2023-11-09,"['git', 'docker', 'airflow', 'power bi']"
1920,Amazon,Data Scientist,Bengaluru,Onsite,Contract,3,AWS|Power BI|Tableau|Excel,17.55,2024-08-11,"['tableau', 'excel', 'aws', 'power bi']"
1921,Zoho,Senior Data Analyst,Remote,Remote,Internship,2,ETL|Excel|Python|AWS|Docker|Machine Learning|NumPy|Pandas,12.89,2024-11-14,"['machine learning', 'numpy', 'aws', 'excel', 'etl', 'pandas', 'python', 'docker']"
1922,Flipkart,Business Analyst,Hyderabad,Onsite,Internship,4,Azure|Excel|Python|Machine Learning,17.99,2023-02-01,"['machine learning', 'python', 'azure', 'excel']"
1923,Walmart,BI Analyst,Remote,Remote,Contract,6,Tableau|Machine Learning|ETL|AWS|NumPy|Power BI|Docker,22.1,2024-01-14,"['machine learning', 'numpy', 'aws', 'power bi', 'etl', 'tableau', 'docker']"
1924,Infosys,Analytics Engineer,Hyderabad,Remote,Contract,2,Power BI|ETL|Azure|Pandas,10.35,2024-02-23,"['pandas', 'etl', 'azure', 'power bi']"
1925,Walmart,Data Analyst,Remote,Hybrid,Full-time,8,Azure|ETL|Power BI|Airflow|Docker|Data Warehousing|Spark,25.04,2023-11-14,"['airflow', 'power bi', 'spark', 'azure', 'etl', 'data warehousing', 'docker']"
1926,Paytm,Senior Data Analyst,Hyderabad,Hybrid,Full-time,7,Tableau|Pandas|ETL|Data Warehousing|SQL|Azure,21.86,2024-02-19,"['sql', 'pandas', 'etl', 'data warehousing', 'tableau', 'azure']"
1927,Amazon,Data Analyst,Chennai,Onsite,Internship,0,ETL|Data Warehousing|Tableau|Azure|Power BI|SQL|Statistics,3.76,2024-08-12,"['statistics', 'sql', 'power bi', 'etl', 'data warehousing', 'tableau', 'azure']"
1928,Amazon,Business Analyst,Pune,Onsite,Contract,0,Azure|Power BI|AWS|Tableau|Machine Learning,6.88,2023-07-14,"['machine learning', 'aws', 'power bi', 'tableau', 'azure']"
1929,Razorpay,Data Scientist,Mumbai,Onsite,Full-time,2,AWS|Machine Learning|Docker|Statistics|Excel|ETL,15.31,2024-03-17,"['machine learning', 'statistics', 'aws', 'excel', 'etl', 'docker']"
1930,TCS,BI Analyst,Pune,Hybrid,Full-time,8,Excel|Statistics|Pandas|SQL|Python|Spark|ETL,24.83,2024-09-14,"['statistics', 'excel', 'sql', 'spark', 'etl', 'pandas', 'python']"
1931,TCS,BI Analyst,Mumbai,Hybrid,Full-time,0,Spark|Power BI|Statistics|Data Warehousing|Tableau|Azure|ETL|Machine Learning,6.3,2024-01-28,"['machine learning', 'statistics', 'power bi', 'spark', 'etl', 'data warehousing', 'tableau', 'azure']"
1932,Razorpay,Senior Data Analyst,Delhi,Remote,Contract,0,Power BI|Spark|Machine Learning|Python|Pandas|Airflow|Git|SQL,7.29,2024-04-07,"['machine learning', 'git', 'sql', 'airflow', 'power bi', 'spark', 'pandas', 'python']"
1933,Infosys,Senior Data Analyst,Pune,Hybrid,Internship,6,Statistics|Tableau|Git|NumPy|Python|Azure,17.65,2023-01-12,"['statistics', 'numpy', 'git', 'tableau', 'python', 'azure']"
1934,Cognizant,Business Analyst,Remote,Onsite,Full-time,0,Azure|AWS|SQL|Machine Learning|Excel|Python,8.27,2024-07-13,"['machine learning', 'aws', 'excel', 'sql', 'python', 'azure']"
1935,Walmart,Business Analyst,Mumbai,Hybrid,Internship,1,Python|NumPy|AWS|ETL|Docker|Power BI|Data Warehousing|Tableau,6.63,2024-02-13,"['numpy', 'aws', 'power bi', 'etl', 'data warehousing', 'tableau', 'python', 'docker']"
1936,Microsoft,Senior Data Analyst,Bengaluru,Hybrid,Full-time,0,Python|Excel|NumPy|Pandas|Power BI|AWS|Docker,6.58,2024-09-06,"['numpy', 'aws', 'excel', 'power bi', 'pandas', 'python', 'docker']"
1937,Microsoft,Business Analyst,Pune,Hybrid,Internship,3,Docker|Excel|Tableau|Python|Git|AWS,12.55,2024-05-30,"['aws', 'excel', 'git', 'tableau', 'python', 'docker']"
1938,Cognizant,Data Analyst,Delhi,Onsite,Internship,6,SQL|ETL|Python|AWS|Power BI|Git|Azure,19.6,2023-04-05,"['aws', 'git', 'sql', 'power bi', 'etl', 'python', 'azure']"
1939,Zoho,Data Scientist,Remote,Hybrid,Internship,4,Power BI|Data Warehousing|Tableau|Azure|ETL,16.8,2023-12-10,"['power bi', 'etl', 'data warehousing', 'tableau', 'azure']"
1940,TCS,Senior Data Analyst,Hyderabad,Remote,Contract,8,SQL|Azure|Power BI|Airflow|NumPy|Tableau,24.33,2024-11-02,"['numpy', 'sql', 'airflow', 'power bi', 'tableau', 'azure']"
1941,Freshworks,Data Analyst,Delhi,Onsite,Contract,4,Pandas|Excel|Python|Data Warehousing|Tableau|AWS|Statistics,13.93,2023-10-07,"['statistics', 'tableau', 'aws', 'excel', 'data warehousing', 'pandas', 'python']"
1942,Paytm,Data Scientist,Remote,Onsite,Contract,4,ETL|SQL|Docker|Machine Learning|Azure|Airflow,22.19,2023-03-23,"['machine learning', 'sql', 'docker', 'airflow', 'etl', 'azure']"
1943,Razorpay,Data Analyst,Remote,Hybrid,Full-time,4,Power BI|Azure|Spark|Tableau|AWS|Excel|NumPy,13.66,2024-02-22,"['numpy', 'aws', 'excel', 'power bi', 'spark', 'tableau', 'azure']"
1944,Accenture,BI Analyst,Hyderabad,Onsite,Internship,2,Azure|Airflow|Git|Python|Pandas,9.75,2023-03-17,"['git', 'airflow', 'pandas', 'python', 'azure']"
1945,Infosys,Analytics Engineer,Mumbai,Hybrid,Internship,4,Excel|Spark|Statistics|Docker,13.15,2024-02-02,"['spark', 'statistics', 'docker', 'excel']"
1946,Walmart,BI Analyst,Hyderabad,Hybrid,Full-time,0,SQL|Airflow|Tableau|Python|NumPy|ETL,2.53,2023-02-15,"['numpy', 'sql', 'airflow', 'etl', 'tableau', 'python']"
1947,Cognizant,Data Scientist,Mumbai,Remote,Internship,8,Docker|Machine Learning|Data Warehousing|Python,31.36,2023-08-10,"['data warehousing', 'machine learning', 'python', 'docker']"
1948,Infosys,Data Analyst,Chennai,Onsite,Full-time,1,SQL|Statistics|Azure|Python|Power BI,6.82,2023-12-14,"['statistics', 'sql', 'power bi', 'python', 'azure']"
1949,Walmart,Data Scientist,Mumbai,Remote,Full-time,3,Spark|Git|Data Warehousing|AWS|Pandas|Tableau|SQL,16.06,2024-02-06,"['tableau', 'aws', 'git', 'sql', 'spark', 'data warehousing', 'pandas']"
1950,Microsoft,Data Analyst,Delhi,Hybrid,Internship,8,SQL|Excel|Docker|Statistics|Pandas|Git|ETL,24.93,2024-10-07,"['statistics', 'excel', 'git', 'sql', 'etl', 'pandas', 'docker']"
1951,TCS,Business Analyst,Mumbai,Onsite,Internship,0,AWS|Data Warehousing|Spark|Excel|Pandas|Tableau,4.17,2024-10-07,"['tableau', 'aws', 'excel', 'spark', 'data warehousing', 'pandas']"
1952,Zoho,Data Analyst,Remote,Hybrid,Full-time,8,Airflow|Spark|Azure|Pandas|Machine Learning|Tableau|Excel|Git,28.44,2023-06-10,"['machine learning', 'excel', 'git', 'airflow', 'spark', 'tableau', 'pandas', 'azure']"
1953,Zoho,Analytics Engineer,Chennai,Remote,Contract,5,Tableau|ETL|AWS|Statistics|Python,17.64,2023-08-29,"['statistics', 'aws', 'etl', 'tableau', 'python']"
1954,Walmart,Data Analyst,Chennai,Hybrid,Contract,6,AWS|Docker|Python|Statistics|Git,19.42,2024-03-07,"['statistics', 'aws', 'git', 'python', 'docker']"
1955,Flipkart,Data Analyst,Bengaluru,Onsite,Full-time,2,Spark|Power BI|Pandas|Machine Learning|Git,15.36,2024-11-28,"['machine learning', 'git', 'power bi', 'spark', 'pandas']"
1956,Infosys,Data Analyst,Chennai,Hybrid,Internship,7,Power BI|Docker|Statistics|Airflow|SQL,21.04,2024-03-26,"['statistics', 'sql', 'airflow', 'power bi', 'docker']"
1957,Flipkart,Data Analyst,Hyderabad,Remote,Contract,5,Pandas|Machine Learning|Excel|SQL|Tableau,20.42,2024-08-03,"['machine learning', 'excel', 'sql', 'pandas', 'tableau']"
1958,Cognizant,Data Analyst,Delhi,Hybrid,Full-time,6,Spark|NumPy|SQL|Azure|Airflow|Pandas,17.66,2024-04-16,"['numpy', 'sql', 'airflow', 'spark', 'pandas', 'azure']"
1959,Zoho,Analytics Engineer,Pune,Hybrid,Full-time,1,Airflow|Docker|Spark|Excel|Git|NumPy|AWS|Tableau,7.66,2024-07-21,"['numpy', 'aws', 'excel', 'git', 'airflow', 'spark', 'tableau', 'docker']"
1960,Paytm,Business Analyst,Bengaluru,Hybrid,Full-time,5,ETL|Machine Learning|Azure|Git|Data Warehousing|Statistics|NumPy|Airflow,21.41,2023-07-10,"['machine learning', 'statistics', 'numpy', 'git', 'airflow', 'etl', 'data warehousing', 'azure']"
1961,Accenture,Data Scientist,Mumbai,Onsite,Contract,7,Power BI|Machine Learning|Tableau|Docker|Python|Azure|SQL,27.08,2024-01-04,"['machine learning', 'sql', 'power bi', 'azure', 'tableau', 'python', 'docker']"
1962,Amazon,BI Analyst,Delhi,Hybrid,Full-time,3,NumPy|Excel|Spark|Git|AWS,12.36,2023-05-17,"['numpy', 'aws', 'excel', 'git', 'spark']"
1963,Razorpay,Analytics Engineer,Chennai,Onsite,Contract,6,Machine Learning|SQL|Power BI|Docker|Data Warehousing|Git,20.99,2024-02-09,"['machine learning', 'git', 'sql', 'power bi', 'data warehousing', 'docker']"
1964,Swiggy,BI Analyst,Hyderabad,Onsite,Internship,2,Pandas|Git|Statistics|Tableau|AWS|Spark,9.1,2023-12-13,"['statistics', 'aws', 'git', 'pandas', 'spark', 'tableau']"
1965,Infosys,Business Analyst,Chennai,Remote,Full-time,0,Statistics|Pandas|Python|AWS|SQL,4.2,2024-09-23,"['statistics', 'aws', 'sql', 'pandas', 'python']"
1966,Deloitte,Business Analyst,Mumbai,Remote,Full-time,2,Machine Learning|AWS|Power BI|Tableau|Excel|Statistics|Azure|SQL,12.45,2024-09-14,"['machine learning', 'statistics', 'aws', 'excel', 'sql', 'power bi', 'tableau', 'azure']"
1967,Zoho,Data Scientist,Chennai,Onsite,Contract,7,Azure|Power BI|Pandas|Docker|Excel|Spark,24.17,2024-03-29,"['excel', 'power bi', 'spark', 'azure', 'pandas', 'docker']"
1968,Razorpay,BI Analyst,Remote,Hybrid,Full-time,1,Statistics|Tableau|Python|Git|Spark,5.85,2023-09-09,"['statistics', 'git', 'spark', 'tableau', 'python']"
1969,Freshworks,Data Scientist,Pune,Hybrid,Contract,2,Docker|Excel|Git|Power BI|Statistics,12.16,2023-03-19,"['statistics', 'excel', 'git', 'power bi', 'docker']"
1970,Infosys,Data Scientist,Delhi,Hybrid,Full-time,8,Airflow|Data Warehousing|Git|Excel,29.28,2024-03-29,"['data warehousing', 'git', 'airflow', 'excel']"
1971,Accenture,Business Analyst,Mumbai,Hybrid,Full-time,8,SQL|Statistics|NumPy|Airflow|Python|Pandas,24.37,2023-11-08,"['numpy', 'statistics', 'sql', 'airflow', 'pandas', 'python']"
1972,Infosys,Data Scientist,Chennai,Remote,Contract,4,SQL|ETL|Airflow|Spark,18.4,2024-05-22,"['spark', 'sql', 'etl', 'airflow']"
1973,Walmart,Data Analyst,Mumbai,Onsite,Full-time,6,Spark|Pandas|NumPy|Statistics|Git|Power BI|ETL,20.28,2023-06-13,"['numpy', 'statistics', 'git', 'power bi', 'spark', 'etl', 'pandas']"
1974,TCS,Data Analyst,Pune,Remote,Contract,3,NumPy|Spark|Azure|Docker|Airflow|Data Warehousing|Excel,12.35,2024-04-03,"['numpy', 'excel', 'airflow', 'spark', 'azure', 'data warehousing', 'docker']"
1975,Walmart,Senior Data Analyst,Delhi,Remote,Internship,7,NumPy|Tableau|Machine Learning|ETL|AWS|Spark|Airflow|Statistics,26.13,2023-10-12,"['machine learning', 'numpy', 'statistics', 'aws', 'airflow', 'spark', 'etl', 'tableau']"
1976,Cognizant,Data Analyst,Bengaluru,Hybrid,Full-time,4,Data Warehousing|Docker|Python|AWS|Spark|ETL|Pandas|Azure,16.61,2024-11-08,"['aws', 'spark', 'azure', 'etl', 'data warehousing', 'pandas', 'python', 'docker']"
1977,TCS,Business Analyst,Chennai,Hybrid,Internship,6,AWS|NumPy|Power BI|Git|Spark|Tableau|Data Warehousing,17.89,2023-06-10,"['numpy', 'aws', 'git', 'power bi', 'spark', 'data warehousing', 'tableau']"
1978,Amazon,Analytics Engineer,Mumbai,Hybrid,Internship,8,Tableau|Azure|AWS|Excel,23.25,2023-01-05,"['aws', 'tableau', 'azure', 'excel']"
1979,Accenture,Data Analyst,Pune,Hybrid,Full-time,2,Docker|Pandas|Power BI|Tableau|AWS|Machine Learning|Excel,12.98,2024-10-14,"['machine learning', 'aws', 'excel', 'pandas', 'power bi', 'tableau', 'docker']"
1980,Amazon,Senior Data Analyst,Hyderabad,Onsite,Internship,6,Data Warehousing|ETL|SQL|Docker|Machine Learning|Airflow|Spark,21.85,2024-10-20,"['machine learning', 'sql', 'airflow', 'spark', 'etl', 'data warehousing', 'docker']"
1981,Zoho,Data Scientist,Mumbai,Onsite,Internship,7,Azure|AWS|SQL|NumPy,26.09,2023-07-24,"['aws', 'numpy', 'sql', 'azure']"
1982,Zoho,Data Scientist,Remote,Hybrid,Contract,4,Spark|Airflow|Excel|Statistics|Data Warehousing|AWS|ETL|Machine Learning,19.57,2024-11-26,"['machine learning', 'statistics', 'aws', 'excel', 'airflow', 'spark', 'etl', 'data warehousing']"
1983,Walmart,Analytics Engineer,Remote,Remote,Full-time,6,Machine Learning|Airflow|Tableau|Azure|Data Warehousing|Git|Python,24.75,2023-06-07,"['machine learning', 'git', 'airflow', 'data warehousing', 'tableau', 'python', 'azure']"
1984,Accenture,BI Analyst,Pune,Hybrid,Contract,1,SQL|Excel|NumPy|Data Warehousing,5.02,2024-03-04,"['data warehousing', 'numpy', 'sql', 'excel']"
1985,Flipkart,Senior Data Analyst,Pune,Hybrid,Contract,5,Data Warehousing|Docker|Excel|Pandas|Statistics|Azure|Machine Learning,20.25,2024-01-03,"['machine learning', 'statistics', 'excel', 'azure', 'data warehousing', 'pandas', 'docker']"
1986,Zoho,Senior Data Analyst,Bengaluru,Onsite,Internship,1,Machine Learning|ETL|NumPy|Excel|Python,11.57,2023-12-12,"['machine learning', 'numpy', 'excel', 'etl', 'python']"
1987,Microsoft,BI Analyst,Pune,Hybrid,Full-time,8,AWS|SQL|Pandas|ETL|NumPy,23.48,2023-06-07,"['numpy', 'aws', 'sql', 'etl', 'pandas']"
1988,Amazon,Senior Data Analyst,Remote,Onsite,Contract,4,Power BI|ETL|Git|Excel|Python|Data Warehousing,14.09,2024-07-01,"['excel', 'git', 'power bi', 'etl', 'data warehousing', 'python']"
1989,Infosys,Data Analyst,Bengaluru,Hybrid,Full-time,8,Azure|ETL|Docker|Python|Spark,27.37,2024-02-23,"['spark', 'azure', 'etl', 'python', 'docker']"
1990,Razorpay,Data Analyst,Hyderabad,Onsite,Internship,4,Excel|NumPy|Machine Learning|Azure|ETL|Python,17.58,2023-02-19,"['machine learning', 'numpy', 'excel', 'etl', 'python', 'azure']"
1991,Cognizant,Analytics Engineer,Chennai,Remote,Internship,8,Python|Machine Learning|Spark|SQL|Tableau,27.04,2024-03-19,"['machine learning', 'sql', 'spark', 'tableau', 'python']"
1992,Amazon,Data Analyst,Chennai,Onsite,Contract,7,ETL|Data Warehousing|Power BI|Docker|Excel|Pandas|Git|Machine Learning,24.09,2024-09-16,"['machine learning', 'excel', 'git', 'power bi', 'etl', 'data warehousing', 'pandas', 'docker']"
1993,Freshworks,Analytics Engineer,Remote,Remote,Full-time,0,Azure|SQL|Statistics|Tableau|Pandas|NumPy,4.9,2024-06-05,"['statistics', 'numpy', 'sql', 'pandas', 'tableau', 'azure']"
1994,Infosys,Analytics Engineer,Remote,Remote,Full-time,5,Statistics|Machine Learning|Azure|Python|Pandas|AWS|Git,19.92,2024-03-18,"['machine learning', 'statistics', 'aws', 'git', 'pandas', 'python', 'azure']"
1995,Razorpay,Business Analyst,Mumbai,Remote,Contract,4,Excel|SQL|Airflow|Tableau|ETL|Pandas,14.42,2024-06-17,"['excel', 'sql', 'airflow', 'pandas', 'etl', 'tableau']"
1996,Paytm,Analytics Engineer,Delhi,Hybrid,Internship,0,NumPy|AWS|Power BI|Python|Tableau|SQL|ETL,3.88,2023-10-20,"['numpy', 'aws', 'sql', 'power bi', 'etl', 'tableau', 'python']"
1997,Microsoft,BI Analyst,Pune,Remote,Internship,7,Spark|Tableau|Azure|Excel|SQL|Machine Learning,27.48,2024-06-19,"['machine learning', 'excel', 'sql', 'spark', 'tableau', 'azure']"
1998,Deloitte,Business Analyst,Chennai,Remote,Contract,3,Data Warehousing|Excel|Docker|AWS,14.12,2024-06-10,"['data warehousing', 'aws', 'docker', 'excel']"
1999,Flipkart,Data Analyst,Delhi,Remote,Internship,6,Statistics|Data Warehousing|Power BI|NumPy|Python,21.17,2024-01-21,"['numpy', 'statistics', 'power bi', 'data warehousing', 'python']"
2000,TCS,Analytics Engineer,Mumbai,Onsite,Full-time,4,Git|Docker|ETL|Statistics|Excel,15.05,2024-03-30,"['statistics', 'excel', 'git', 'etl', 'docker']"
2001,Flipkart,Data Scientist,Delhi,Onsite,Full-time,0,Airflow|Pandas|Docker|AWS|Tableau|Azure|Spark,6.78,2024-06-26,"['aws', 'airflow', 'spark', 'azure', 'tableau', 'pandas', 'docker']"
2002,Cognizant,BI Analyst,Chennai,Hybrid,Contract,8,Excel|AWS|Airflow|Power BI|NumPy|Pandas|Spark|ETL,24.15,2023-01-24,"['numpy', 'aws', 'excel', 'airflow', 'power bi', 'spark', 'etl', 'pandas']"
2003,Cognizant,Business Analyst,Bengaluru,Hybrid,Full-time,3,Git|Excel|Tableau|Azure|Statistics,13.51,2024-08-16,"['statistics', 'excel', 'git', 'tableau', 'azure']"
2004,Flipkart,Business Analyst,Remote,Hybrid,Internship,2,ETL|SQL|Python|Spark|Airflow,9.97,2024-07-09,"['sql', 'airflow', 'spark', 'etl', 'python']"
2005,Microsoft,Data Scientist,Chennai,Remote,Contract,7,Machine Learning|Git|Statistics|AWS,28.71,2024-03-31,"['git', 'machine learning', 'statistics', 'aws']"
2006,Infosys,BI Analyst,Mumbai,Remote,Contract,5,NumPy|Power BI|Docker|Git|Machine Learning|Airflow,22.03,2023-08-04,"['machine learning', 'numpy', 'git', 'airflow', 'power bi', 'docker']"
2007,Flipkart,Analytics Engineer,Mumbai,Hybrid,Internship,1,Power BI|Azure|Statistics|AWS|Python|Machine Learning,9.53,2024-09-15,"['machine learning', 'statistics', 'aws', 'power bi', 'python', 'azure']"
2008,Zoho,Data Scientist,Mumbai,Hybrid,Full-time,6,Airflow|NumPy|Machine Learning|Excel|Git,25.12,2023-01-24,"['machine learning', 'numpy', 'excel', 'git', 'airflow']"
2009,Paytm,Data Analyst,Hyderabad,Onsite,Full-time,7,Power BI|Excel|Tableau|AWS|NumPy|Azure|SQL,22.36,2024-09-09,"['numpy', 'aws', 'excel', 'sql', 'power bi', 'tableau', 'azure']"
2010,Deloitte,Data Scientist,Delhi,Remote,Full-time,5,Tableau|Excel|Git|AWS,22.43,2024-11-02,"['git', 'tableau', 'aws', 'excel']"
2011,Razorpay,Analytics Engineer,Pune,Remote,Full-time,2,ETL|Python|Git|NumPy,11.55,2024-09-02,"['git', 'numpy', 'python', 'etl']"
2012,Deloitte,Data Analyst,Hyderabad,Hybrid,Full-time,0,Excel|Statistics|ETL|Airflow|Power BI|AWS|Machine Learning,7.32,2023-08-25,"['machine learning', 'statistics', 'aws', 'excel', 'airflow', 'power bi', 'etl']"
2013,Freshworks,Senior Data Analyst,Bengaluru,Hybrid,Internship,8,AWS|Git|ETL|Python|Tableau|Spark|Pandas,25.48,2024-06-07,"['aws', 'git', 'pandas', 'spark', 'etl', 'tableau', 'python']"
2014,Freshworks,BI Analyst,Bengaluru,Hybrid,Full-time,8,NumPy|Azure|Pandas|Spark|Statistics,25.21,2023-04-14,"['numpy', 'statistics', 'spark', 'pandas', 'azure']"
2015,Walmart,Data Scientist,Bengaluru,Remote,Internship,3,Azure|Data Warehousing|Pandas|ETL,19.8,2024-03-26,"['data warehousing', 'pandas', 'etl', 'azure']"
2016,Deloitte,Data Analyst,Delhi,Onsite,Contract,5,Power BI|ETL|AWS|Git|Azure,15.82,2023-10-14,"['aws', 'git', 'power bi', 'etl', 'azure']"
2017,Infosys,Data Analyst,Chennai,Hybrid,Full-time,4,Data Warehousing|NumPy|SQL|Git|Excel|Docker,14.45,2023-04-15,"['numpy', 'excel', 'git', 'sql', 'data warehousing', 'docker']"
2018,Paytm,Business Analyst,Bengaluru,Hybrid,Internship,5,NumPy|Airflow|Machine Learning|Statistics,22.25,2024-06-30,"['machine learning', 'numpy', 'statistics', 'airflow']"
2019,Razorpay,Data Analyst,Delhi,Hybrid,Contract,0,Git|Data Warehousing|AWS|Statistics|Machine Learning|Python|Power BI|Tableau,7.83,2023-10-01,"['machine learning', 'statistics', 'aws', 'git', 'power bi', 'data warehousing', 'tableau', 'python']"
2020,Walmart,BI Analyst,Bengaluru,Onsite,Contract,8,Machine Learning|Docker|Statistics|AWS|Airflow|Excel,29.82,2024-03-13,"['machine learning', 'statistics', 'aws', 'excel', 'airflow', 'docker']"
2021,Amazon,Data Analyst,Mumbai,Remote,Internship,1,NumPy|Excel|AWS|Pandas|Statistics|Tableau|Airflow,9.11,2023-12-30,"['numpy', 'statistics', 'aws', 'excel', 'airflow', 'tableau', 'pandas']"
2022,Razorpay,BI Analyst,Pune,Remote,Full-time,5,Pandas|Excel|Azure|Statistics|Tableau|SQL|Machine Learning,21.73,2023-02-08,"['machine learning', 'statistics', 'excel', 'sql', 'pandas', 'tableau', 'azure']"
2023,TCS,Analytics Engineer,Hyderabad,Hybrid,Full-time,1,Spark|AWS|Azure|Power BI|Tableau|Airflow,6.13,2024-01-17,"['aws', 'airflow', 'power bi', 'spark', 'tableau', 'azure']"
2024,Microsoft,Analytics Engineer,Hyderabad,Hybrid,Internship,5,Statistics|Docker|Airflow|NumPy|Python|Data Warehousing,17.38,2024-04-27,"['numpy', 'statistics', 'airflow', 'data warehousing', 'python', 'docker']"
2025,Microsoft,Senior Data Analyst,Chennai,Remote,Contract,6,Tableau|Spark|ETL|Azure|AWS,20.95,2024-10-04,"['aws', 'spark', 'etl', 'tableau', 'azure']"
2026,Paytm,Senior Data Analyst,Bengaluru,Remote,Internship,1,Power BI|Git|Python|Pandas|ETL|Data Warehousing|Spark,8.78,2024-08-01,"['git', 'power bi', 'spark', 'etl', 'data warehousing', 'pandas', 'python']"
2027,Zoho,Data Analyst,Delhi,Hybrid,Internship,4,Statistics|AWS|Docker|Excel,14.6,2023-03-01,"['statistics', 'docker', 'aws', 'excel']"
2028,Walmart,Analytics Engineer,Remote,Remote,Contract,4,NumPy|ETL|Airflow|Statistics|Excel|Python|Power BI|AWS,14.38,2024-02-19,"['numpy', 'statistics', 'aws', 'excel', 'airflow', 'power bi', 'etl', 'python']"
2029,Infosys,Data Scientist,Chennai,Remote,Internship,3,Python|Excel|NumPy|Docker|Azure,17.23,2024-10-23,"['numpy', 'excel', 'docker', 'python', 'azure']"
2030,Cognizant,BI Analyst,Pune,Onsite,Contract,2,NumPy|Docker|Data Warehousing|Statistics,9.74,2024-03-01,"['data warehousing', 'numpy', 'statistics', 'docker']"
2031,Accenture,BI Analyst,Hyderabad,Hybrid,Full-time,1,Excel|Azure|Spark|NumPy,7.43,2023-02-02,"['spark', 'numpy', 'azure', 'excel']"
2032,Deloitte,Business Analyst,Pune,Hybrid,Contract,2,Machine Learning|SQL|ETL|Tableau|Spark,11.16,2024-03-07,"['machine learning', 'sql', 'spark', 'etl', 'tableau']"
2033,Paytm,Senior Data Analyst,Chennai,Onsite,Full-time,0,ETL|Git|AWS|SQL,3.41,2024-02-18,"['git', 'sql', 'etl', 'aws']"
2034,TCS,Senior Data Analyst,Remote,Hybrid,Contract,4,Pandas|NumPy|Tableau|Airflow,13.87,2024-02-09,"['tableau', 'numpy', 'pandas', 'airflow']"
2035,Razorpay,BI Analyst,Hyderabad,Hybrid,Full-time,4,Airflow|SQL|ETL|Machine Learning|NumPy,15.88,2023-08-12,"['machine learning', 'numpy', 'sql', 'airflow', 'etl']"
2036,Freshworks,Analytics Engineer,Pune,Remote,Full-time,5,Azure|Spark|AWS|Airflow|Power BI|Data Warehousing|Docker,17.63,2023-09-27,"['aws', 'docker', 'airflow', 'power bi', 'spark', 'data warehousing', 'azure']"
2037,Flipkart,Senior Data Analyst,Delhi,Hybrid,Contract,0,NumPy|Azure|Python|Power BI,2.69,2023-08-02,"['numpy', 'python', 'azure', 'power bi']"
2038,Freshworks,Senior Data Analyst,Bengaluru,Hybrid,Full-time,4,Airflow|ETL|Power BI|Git|Machine Learning|Data Warehousing|Tableau|AWS,19.77,2023-08-28,"['machine learning', 'aws', 'git', 'airflow', 'power bi', 'etl', 'data warehousing', 'tableau']"
2039,Accenture,Senior Data Analyst,Mumbai,Onsite,Contract,5,Airflow|Power BI|Pandas|Azure|Statistics|Excel,16.07,2023-04-28,"['statistics', 'excel', 'airflow', 'power bi', 'pandas', 'azure']"
2040,Infosys,Data Scientist,Remote,Remote,Contract,7,Data Warehousing|Git|AWS|Docker|Pandas|Tableau|SQL|Power BI,26.37,2024-08-20,"['tableau', 'aws', 'git', 'sql', 'power bi', 'data warehousing', 'pandas', 'docker']"
2041,Razorpay,Senior Data Analyst,Delhi,Remote,Full-time,3,ETL|Docker|NumPy|SQL|Machine Learning|Tableau|Python,15.62,2023-02-22,"['machine learning', 'numpy', 'sql', 'etl', 'tableau', 'python', 'docker']"
2042,Microsoft,Data Analyst,Bengaluru,Onsite,Internship,8,Statistics|Power BI|Excel|Tableau|AWS|SQL|Pandas,25.19,2024-05-07,"['statistics', 'aws', 'excel', 'sql', 'power bi', 'pandas', 'tableau']"
2043,Freshworks,BI Analyst,Bengaluru,Remote,Internship,2,Python|ETL|Airflow|Machine Learning,14.29,2024-09-21,"['machine learning', 'python', 'etl', 'airflow']"
2044,Zoho,BI Analyst,Remote,Onsite,Full-time,8,Docker|AWS|Power BI|Pandas|Airflow|Statistics,24.43,2024-10-29,"['statistics', 'aws', 'airflow', 'power bi', 'pandas', 'docker']"
2045,Swiggy,Business Analyst,Hyderabad,Remote,Full-time,6,NumPy|Statistics|Git|Airflow|Spark|SQL|Pandas|Excel,19.59,2024-02-18,"['numpy', 'statistics', 'excel', 'git', 'sql', 'airflow', 'spark', 'pandas']"
2046,Flipkart,Data Analyst,Delhi,Remote,Internship,2,SQL|Pandas|Machine Learning|NumPy|ETL,14.73,2023-01-20,"['machine learning', 'numpy', 'sql', 'etl', 'pandas']"
2047,Zoho,Senior Data Analyst,Hyderabad,Onsite,Full-time,2,AWS|Tableau|SQL|Excel|Airflow,8.73,2023-02-07,"['aws', 'excel', 'sql', 'airflow', 'tableau']"
2048,Walmart,Senior Data Analyst,Hyderabad,Onsite,Full-time,1,Azure|Excel|Python|SQL|NumPy|Airflow,7.22,2023-05-25,"['numpy', 'excel', 'sql', 'airflow', 'python', 'azure']"
2049,Accenture,Business Analyst,Hyderabad,Remote,Full-time,2,SQL|Data Warehousing|Pandas|Tableau|AWS|Power BI,9.14,2024-01-22,"['tableau', 'aws', 'sql', 'power bi', 'data warehousing', 'pandas']"
2050,Deloitte,Data Scientist,Hyderabad,Hybrid,Internship,0,SQL|Power BI|Data Warehousing|Airflow,7.42,2023-08-17,"['data warehousing', 'sql', 'airflow', 'power bi']"
2051,Accenture,Data Analyst,Bengaluru,Onsite,Contract,3,Pandas|Spark|Power BI|Machine Learning|NumPy,15.73,2024-09-04,"['machine learning', 'numpy', 'power bi', 'spark', 'pandas']"
2052,Razorpay,Senior Data Analyst,Pune,Hybrid,Contract,6,Azure|Excel|Tableau|ETL|Power BI|Machine Learning,22.91,2024-09-16,"['machine learning', 'excel', 'power bi', 'etl', 'tableau', 'azure']"
2053,Infosys,BI Analyst,Hyderabad,Remote,Contract,0,Machine Learning|Docker|NumPy|Tableau|Excel,9.19,2024-08-20,"['machine learning', 'numpy', 'excel', 'tableau', 'docker']"
2054,Accenture,Business Analyst,Delhi,Hybrid,Contract,6,ETL|Statistics|Excel|Azure|AWS|Machine Learning|Docker,22.37,2023-08-26,"['machine learning', 'statistics', 'aws', 'excel', 'docker', 'etl', 'azure']"
2055,Microsoft,BI Analyst,Remote,Onsite,Full-time,1,Pandas|Airflow|NumPy|Data Warehousing|Docker|AWS,6.46,2024-02-04,"['numpy', 'aws', 'airflow', 'data warehousing', 'pandas', 'docker']"
2056,Zoho,Senior Data Analyst,Hyderabad,Onsite,Full-time,3,SQL|Docker|NumPy|Excel|Data Warehousing|ETL|Statistics|Pandas,12.55,2024-01-15,"['numpy', 'statistics', 'excel', 'sql', 'etl', 'data warehousing', 'pandas', 'docker']"
2057,Deloitte,Senior Data Analyst,Chennai,Onsite,Full-time,7,Airflow|Docker|Spark|Pandas|Azure|Tableau,21.74,2024-02-22,"['airflow', 'spark', 'azure', 'tableau', 'pandas', 'docker']"
2058,Accenture,Data Scientist,Pune,Remote,Contract,8,Statistics|Excel|ETL|Tableau|Spark|NumPy,28.89,2023-12-13,"['statistics', 'numpy', 'excel', 'spark', 'etl', 'tableau']"
2059,Paytm,Data Analyst,Chennai,Onsite,Contract,2,Docker|NumPy|Spark|Azure|Machine Learning|Tableau|Pandas,11.36,2024-07-15,"['machine learning', 'numpy', 'docker', 'pandas', 'spark', 'tableau', 'azure']"
2060,Accenture,Analytics Engineer,Delhi,Remote,Internship,6,Python|Docker|Airflow|SQL|NumPy,19.89,2024-04-26,"['numpy', 'sql', 'airflow', 'python', 'docker']"
2061,Razorpay,Data Scientist,Bengaluru,Hybrid,Internship,3,Power BI|Docker|SQL|Pandas|Tableau|Azure|Machine Learning|Git,20.55,2023-07-21,"['machine learning', 'git', 'sql', 'pandas', 'power bi', 'azure', 'tableau', 'docker']"
2062,Accenture,BI Analyst,Hyderabad,Hybrid,Internship,1,Statistics|Python|Data Warehousing|Airflow,6.14,2024-04-27,"['data warehousing', 'statistics', 'python', 'airflow']"
2063,Infosys,Business Analyst,Mumbai,Remote,Contract,0,Machine Learning|Docker|ETL|Statistics,8.67,2023-05-24,"['machine learning', 'statistics', 'etl', 'docker']"
2064,Razorpay,Data Scientist,Remote,Hybrid,Full-time,4,NumPy|Tableau|Power BI|SQL|Excel|Data Warehousing|ETL|AWS,18.82,2024-02-11,"['numpy', 'aws', 'excel', 'sql', 'power bi', 'etl', 'data warehousing', 'tableau']"
2065,Amazon,Senior Data Analyst,Chennai,Hybrid,Internship,4,Pandas|Airflow|Docker|Spark|Excel,15.25,2023-07-15,"['excel', 'airflow', 'spark', 'pandas', 'docker']"
2066,Walmart,Data Analyst,Chennai,Remote,Full-time,7,AWS|Python|Tableau|NumPy|Data Warehousing,23.49,2024-11-14,"['numpy', 'aws', 'data warehousing', 'tableau', 'python']"
2067,Paytm,Business Analyst,Bengaluru,Hybrid,Full-time,6,AWS|Git|SQL|Data Warehousing|NumPy|Statistics|Azure,22.17,2023-08-18,"['numpy', 'statistics', 'aws', 'git', 'sql', 'data warehousing', 'azure']"
2068,Zoho,Senior Data Analyst,Bengaluru,Onsite,Internship,3,Tableau|SQL|ETL|NumPy|Git|Power BI|Pandas|AWS,14.33,2023-09-10,"['numpy', 'aws', 'git', 'sql', 'power bi', 'pandas', 'etl', 'tableau']"
2069,Zoho,Analytics Engineer,Pune,Remote,Full-time,4,SQL|Power BI|Tableau|Git|Docker|Excel|Spark|Airflow,16.5,2024-11-03,"['excel', 'git', 'sql', 'airflow', 'power bi', 'spark', 'tableau', 'docker']"
2070,TCS,Data Scientist,Delhi,Onsite,Internship,4,Tableau|AWS|Python|Docker|ETL|Machine Learning|Excel|SQL,22.09,2024-05-20,"['machine learning', 'aws', 'excel', 'sql', 'etl', 'tableau', 'python', 'docker']"
2071,Cognizant,Business Analyst,Bengaluru,Hybrid,Internship,0,Machine Learning|Power BI|SQL|NumPy,9.46,2024-08-27,"['machine learning', 'numpy', 'sql', 'power bi']"
2072,Deloitte,Data Scientist,Bengaluru,Onsite,Contract,1,SQL|AWS|Azure|Power BI,12.69,2024-03-03,"['azure', 'sql', 'aws', 'power bi']"
2073,Walmart,Data Analyst,Hyderabad,Onsite,Internship,6,SQL|Power BI|Git|AWS|Docker|Python|Tableau|Excel,19.81,2023-09-22,"['aws', 'excel', 'git', 'sql', 'power bi', 'tableau', 'python', 'docker']"
2074,Infosys,Data Scientist,Bengaluru,Hybrid,Internship,5,Machine Learning|Excel|Python|Tableau|Pandas|Docker,26.09,2024-08-02,"['machine learning', 'excel', 'tableau', 'pandas', 'python', 'docker']"
2075,TCS,Data Analyst,Remote,Hybrid,Contract,7,Tableau|NumPy|Git|Machine Learning|ETL|Python|SQL|Pandas,25.57,2023-03-30,"['machine learning', 'numpy', 'git', 'sql', 'pandas', 'etl', 'tableau', 'python']"
2076,Freshworks,Data Analyst,Hyderabad,Hybrid,Full-time,3,Tableau|AWS|Git|Docker|Python,12.01,2023-01-05,"['aws', 'git', 'tableau', 'python', 'docker']"
2077,Freshworks,Analytics Engineer,Remote,Remote,Contract,8,AWS|Power BI|SQL|ETL,26.55,2023-11-03,"['sql', 'etl', 'aws', 'power bi']"
2078,Freshworks,Business Analyst,Mumbai,Hybrid,Full-time,7,NumPy|Docker|Statistics|ETL,21.14,2024-03-14,"['numpy', 'etl', 'statistics', 'docker']"
2079,TCS,Analytics Engineer,Chennai,Remote,Full-time,1,Power BI|SQL|Git|Azure|Statistics,8.47,2024-01-24,"['statistics', 'git', 'sql', 'power bi', 'azure']"
2080,Swiggy,Analytics Engineer,Bengaluru,Onsite,Full-time,4,Statistics|Excel|SQL|Pandas|ETL,15.21,2023-12-10,"['statistics', 'excel', 'sql', 'etl', 'pandas']"
2081,Flipkart,Senior Data Analyst,Remote,Hybrid,Full-time,0,Docker|Pandas|NumPy|SQL|Git|Machine Learning|Excel,6.0,2023-11-27,"['machine learning', 'numpy', 'excel', 'git', 'sql', 'pandas', 'docker']"
2082,Razorpay,Data Scientist,Pune,Remote,Internship,7,Power BI|Python|Data Warehousing|Azure|Pandas|Excel,25.7,2024-04-22,"['excel', 'power bi', 'data warehousing', 'pandas', 'python', 'azure']"
2083,Infosys,Analytics Engineer,Mumbai,Onsite,Internship,4,Data Warehousing|Spark|NumPy|Git|AWS|Excel|Machine Learning|Airflow,15.59,2023-04-19,"['machine learning', 'numpy', 'aws', 'excel', 'git', 'airflow', 'spark', 'data warehousing']"
2084,Microsoft,Data Scientist,Remote,Remote,Contract,5,Git|Spark|Azure|NumPy|Tableau|Pandas|ETL,23.16,2023-07-08,"['numpy', 'git', 'pandas', 'spark', 'etl', 'tableau', 'azure']"
2085,Infosys,Data Scientist,Pune,Hybrid,Contract,1,Excel|Airflow|NumPy|Power BI|ETL|Azure|Pandas,9.78,2023-01-09,"['numpy', 'excel', 'airflow', 'power bi', 'etl', 'pandas', 'azure']"
2086,Walmart,Data Analyst,Hyderabad,Onsite,Contract,0,AWS|Machine Learning|SQL|Docker,6.63,2024-10-25,"['machine learning', 'sql', 'aws', 'docker']"
2087,Infosys,Business Analyst,Bengaluru,Onsite,Contract,4,Data Warehousing|Git|Airflow|ETL,17.41,2024-02-26,"['data warehousing', 'git', 'etl', 'airflow']"
2088,Accenture,Analytics Engineer,Pune,Hybrid,Full-time,0,Tableau|ETL|Power BI|Machine Learning|Git|Python,6.08,2023-04-24,"['machine learning', 'git', 'power bi', 'etl', 'tableau', 'python']"
2089,Accenture,Senior Data Analyst,Hyderabad,Remote,Contract,2,Statistics|Excel|Machine Learning|Power BI|Docker,12.85,2024-07-02,"['machine learning', 'statistics', 'excel', 'power bi', 'docker']"
2090,Infosys,BI Analyst,Mumbai,Hybrid,Full-time,5,Data Warehousing|NumPy|Pandas|AWS|Docker,15.0,2023-04-05,"['numpy', 'aws', 'data warehousing', 'pandas', 'docker']"
2091,Amazon,Data Scientist,Delhi,Onsite,Contract,8,Git|Tableau|ETL|Pandas|Airflow|SQL,27.54,2023-01-31,"['git', 'sql', 'airflow', 'pandas', 'etl', 'tableau']"
2092,Razorpay,Business Analyst,Remote,Onsite,Full-time,5,Excel|Pandas|Airflow|Azure|Machine Learning|AWS|Power BI,20.79,2023-10-24,"['machine learning', 'aws', 'excel', 'airflow', 'power bi', 'pandas', 'azure']"
2093,Infosys,Data Scientist,Bengaluru,Onsite,Internship,5,SQL|Git|Machine Learning|Tableau|Python|Power BI|ETL,26.68,2023-04-15,"['machine learning', 'git', 'sql', 'power bi', 'etl', 'tableau', 'python']"
2094,Razorpay,Senior Data Analyst,Hyderabad,Remote,Contract,5,AWS|Power BI|Data Warehousing|Pandas|Airflow,19.22,2024-11-02,"['aws', 'airflow', 'power bi', 'data warehousing', 'pandas']"
2095,Paytm,Senior Data Analyst,Hyderabad,Onsite,Internship,7,Docker|Git|Excel|Spark|Azure|Power BI|Machine Learning|Python,24.53,2024-07-22,"['machine learning', 'excel', 'git', 'docker', 'power bi', 'spark', 'python', 'azure']"
2096,Freshworks,Business Analyst,Delhi,Onsite,Internship,0,Statistics|Spark|Data Warehousing|Machine Learning|Azure|ETL|Python,7.17,2023-04-29,"['machine learning', 'statistics', 'spark', 'etl', 'data warehousing', 'python', 'azure']"
2097,Cognizant,Business Analyst,Pune,Remote,Internship,1,Git|Machine Learning|Data Warehousing|Tableau|Spark,9.54,2023-12-06,"['machine learning', 'git', 'spark', 'data warehousing', 'tableau']"
2098,Swiggy,Senior Data Analyst,Hyderabad,Remote,Internship,5,Spark|AWS|Data Warehousing|Airflow|Python|Machine Learning|Excel,19.5,2024-03-05,"['machine learning', 'aws', 'excel', 'airflow', 'spark', 'data warehousing', 'python']"
2099,Zoho,BI Analyst,Pune,Onsite,Contract,0,Spark|Excel|Machine Learning|AWS|Airflow|Git,5.7,2023-02-19,"['machine learning', 'aws', 'excel', 'git', 'airflow', 'spark']"
2100,Zoho,Senior Data Analyst,Bengaluru,Onsite,Contract,6,Statistics|Data Warehousing|ETL|Airflow|Excel|Pandas|Git,20.46,2024-03-30,"['statistics', 'excel', 'git', 'airflow', 'etl', 'data warehousing', 'pandas']"
2101,Infosys,Data Analyst,Hyderabad,Remote,Contract,3,Power BI|AWS|ETL|Machine Learning|Python|Data Warehousing|Pandas,16.04,2023-07-19,"['machine learning', 'aws', 'power bi', 'etl', 'data warehousing', 'pandas', 'python']"
2102,Deloitte,Data Scientist,Chennai,Onsite,Full-time,6,Pandas|Airflow|Excel|Git|Docker|Statistics|Spark|Power BI,22.35,2023-07-08,"['statistics', 'excel', 'git', 'airflow', 'power bi', 'spark', 'pandas', 'docker']"
2103,Freshworks,Data Scientist,Chennai,Onsite,Full-time,2,Pandas|NumPy|Excel|Machine Learning|Python|Airflow,16.63,2023-11-12,"['machine learning', 'numpy', 'excel', 'airflow', 'pandas', 'python']"
2104,Freshworks,Data Scientist,Chennai,Hybrid,Full-time,5,Statistics|Airflow|AWS|SQL|Pandas|Machine Learning,22.85,2024-08-21,"['machine learning', 'statistics', 'aws', 'sql', 'airflow', 'pandas']"
2105,Razorpay,BI Analyst,Bengaluru,Onsite,Full-time,2,Airflow|Python|Power BI|Excel|Git|Pandas|Statistics,10.14,2024-11-03,"['statistics', 'excel', 'git', 'airflow', 'power bi', 'pandas', 'python']"
2106,Deloitte,Analytics Engineer,Remote,Onsite,Contract,5,AWS|Spark|Power BI|Tableau|SQL|Pandas|Azure|Machine Learning,19.16,2023-02-17,"['machine learning', 'aws', 'sql', 'power bi', 'spark', 'pandas', 'tableau', 'azure']"
2107,Freshworks,Data Analyst,Hyderabad,Onsite,Internship,2,Docker|Airflow|Power BI|Spark|AWS|ETL|SQL|Statistics,8.39,2023-06-10,"['statistics', 'aws', 'sql', 'airflow', 'power bi', 'spark', 'etl', 'docker']"
2108,TCS,Business Analyst,Mumbai,Onsite,Internship,2,AWS|Power BI|NumPy|Statistics,8.58,2023-09-04,"['numpy', 'statistics', 'aws', 'power bi']"
2109,Razorpay,Business Analyst,Hyderabad,Hybrid,Full-time,6,NumPy|ETL|Docker|Git|Python|Data Warehousing|Tableau,17.6,2023-08-09,"['numpy', 'git', 'etl', 'data warehousing', 'tableau', 'python', 'docker']"
2110,TCS,Business Analyst,Bengaluru,Hybrid,Full-time,2,SQL|AWS|Machine Learning|Airflow|Pandas|Python|Power BI|Azure,14.51,2023-02-19,"['machine learning', 'aws', 'sql', 'airflow', 'power bi', 'pandas', 'python', 'azure']"
2111,TCS,Analytics Engineer,Mumbai,Hybrid,Full-time,3,NumPy|Spark|AWS|Tableau|Statistics,11.81,2023-01-03,"['statistics', 'numpy', 'aws', 'spark', 'tableau']"
2112,Zoho,Data Scientist,Hyderabad,Hybrid,Contract,0,Azure|Docker|SQL|NumPy|Power BI,8.65,2024-11-24,"['numpy', 'sql', 'power bi', 'azure', 'docker']"
2113,Swiggy,Data Scientist,Chennai,Onsite,Full-time,7,Data Warehousing|Spark|Pandas|AWS,25.35,2024-09-28,"['data warehousing', 'spark', 'pandas', 'aws']"
2114,Paytm,Business Analyst,Pune,Remote,Full-time,0,Spark|NumPy|Power BI|Data Warehousing|Tableau|SQL,5.41,2024-07-01,"['numpy', 'sql', 'power bi', 'spark', 'data warehousing', 'tableau']"
2115,TCS,Senior Data Analyst,Remote,Remote,Full-time,5,AWS|Git|Spark|Excel|Tableau|Statistics|Python,18.34,2023-12-28,"['statistics', 'aws', 'excel', 'git', 'spark', 'tableau', 'python']"
2116,Flipkart,Data Scientist,Delhi,Hybrid,Internship,1,Git|ETL|NumPy|Data Warehousing,9.18,2023-07-01,"['data warehousing', 'git', 'numpy', 'etl']"
2117,TCS,BI Analyst,Hyderabad,Remote,Contract,6,Excel|Python|Airflow|AWS,21.46,2024-10-25,"['aws', 'python', 'airflow', 'excel']"
2118,Accenture,BI Analyst,Mumbai,Onsite,Internship,8,Docker|Power BI|Airflow|Spark,22.9,2023-03-12,"['airflow', 'spark', 'docker', 'power bi']"
2119,Amazon,Data Analyst,Hyderabad,Hybrid,Internship,6,Git|Python|NumPy|Azure|Statistics|Docker|Data Warehousing,17.91,2023-07-23,"['numpy', 'statistics', 'git', 'docker', 'data warehousing', 'python', 'azure']"
2120,Paytm,BI Analyst,Delhi,Hybrid,Full-time,1,Spark|Excel|SQL|Docker|Power BI|NumPy|Azure|Machine Learning,9.54,2024-02-29,"['machine learning', 'numpy', 'excel', 'sql', 'power bi', 'spark', 'azure', 'docker']"
2121,Infosys,BI Analyst,Hyderabad,Onsite,Contract,1,AWS|Excel|Data Warehousing|ETL,5.09,2023-09-08,"['data warehousing', 'etl', 'aws', 'excel']"
2122,Cognizant,Senior Data Analyst,Pune,Hybrid,Contract,3,Excel|Statistics|Spark|Git|SQL|Tableau|Power BI|Data Warehousing,11.98,2024-05-29,"['statistics', 'excel', 'git', 'sql', 'power bi', 'spark', 'data warehousing', 'tableau']"
2123,Razorpay,BI Analyst,Mumbai,Onsite,Contract,3,ETL|Machine Learning|SQL|Statistics|Azure,15.05,2024-02-27,"['machine learning', 'statistics', 'sql', 'etl', 'azure']"
2124,Walmart,Analytics Engineer,Delhi,Onsite,Full-time,1,NumPy|Excel|Python|SQL|Docker|ETL,6.16,2023-12-28,"['numpy', 'excel', 'sql', 'etl', 'python', 'docker']"
2125,Freshworks,Data Scientist,Bengaluru,Onsite,Contract,6,AWS|Pandas|NumPy|Statistics|Airflow|Tableau|ETL,24.05,2023-10-14,"['numpy', 'statistics', 'aws', 'airflow', 'etl', 'tableau', 'pandas']"
2126,Cognizant,Senior Data Analyst,Remote,Hybrid,Contract,3,ETL|Spark|Azure|NumPy|Pandas,11.41,2024-02-25,"['numpy', 'spark', 'etl', 'pandas', 'azure']"
2127,Infosys,Analytics Engineer,Remote,Onsite,Full-time,7,AWS|Docker|Power BI|Git|Excel|Data Warehousing|Airflow|Pandas,20.92,2024-10-02,"['aws', 'excel', 'git', 'airflow', 'power bi', 'data warehousing', 'pandas', 'docker']"
2128,Infosys,Senior Data Analyst,Hyderabad,Remote,Contract,0,Excel|Docker|Pandas|NumPy|Machine Learning|Git|SQL,9.6,2023-05-10,"['machine learning', 'numpy', 'excel', 'git', 'sql', 'pandas', 'docker']"
2129,Razorpay,BI Analyst,Pune,Remote,Full-time,7,Statistics|Azure|Spark|Python|AWS,22.15,2023-10-03,"['statistics', 'aws', 'spark', 'python', 'azure']"
2130,Razorpay,Data Analyst,Hyderabad,Onsite,Contract,2,Tableau|AWS|NumPy|Docker|Airflow|Azure|Pandas|Python,8.09,2024-05-20,"['numpy', 'aws', 'airflow', 'pandas', 'azure', 'tableau', 'python', 'docker']"
2131,Walmart,Analytics Engineer,Chennai,Onsite,Full-time,0,Spark|ETL|Data Warehousing|AWS|Statistics|Power BI,4.06,2024-11-02,"['statistics', 'aws', 'power bi', 'spark', 'etl', 'data warehousing']"
2132,Walmart,BI Analyst,Mumbai,Remote,Full-time,0,Statistics|Excel|SQL|ETL|Data Warehousing,6.84,2023-05-28,"['statistics', 'excel', 'sql', 'etl', 'data warehousing']"
2133,Zoho,Business Analyst,Pune,Hybrid,Full-time,7,SQL|Machine Learning|Pandas|Data Warehousing|Spark,25.3,2024-03-31,"['machine learning', 'sql', 'spark', 'data warehousing', 'pandas']"
2134,TCS,BI Analyst,Hyderabad,Onsite,Full-time,3,Statistics|Excel|Docker|Git|Airflow|Machine Learning|NumPy,13.2,2023-05-22,"['machine learning', 'statistics', 'numpy', 'excel', 'git', 'airflow', 'docker']"
2135,Zoho,Data Analyst,Remote,Onsite,Internship,0,AWS|Machine Learning|Power BI|NumPy|Excel|ETL|Tableau|Azure,8.05,2024-11-22,"['machine learning', 'numpy', 'aws', 'excel', 'power bi', 'etl', 'tableau', 'azure']"
2136,Walmart,BI Analyst,Pune,Onsite,Contract,0,Pandas|Airflow|Statistics|Spark|Docker|Azure|SQL|Tableau,3.51,2024-11-24,"['statistics', 'sql', 'airflow', 'spark', 'azure', 'tableau', 'pandas', 'docker']"
2137,TCS,Analytics Engineer,Delhi,Onsite,Contract,4,Excel|Python|Machine Learning|Pandas|NumPy|Data Warehousing|AWS,18.1,2023-05-30,"['machine learning', 'numpy', 'aws', 'excel', 'data warehousing', 'pandas', 'python']"
2138,TCS,Analytics Engineer,Delhi,Onsite,Contract,5,NumPy|Spark|Python|Docker,15.32,2023-12-06,"['spark', 'numpy', 'python', 'docker']"
2139,Razorpay,BI Analyst,Mumbai,Remote,Contract,1,Spark|SQL|Machine Learning|Python|Tableau|Git|Data Warehousing,11.68,2023-02-06,"['machine learning', 'git', 'sql', 'spark', 'data warehousing', 'tableau', 'python']"
2140,Zoho,Senior Data Analyst,Bengaluru,Hybrid,Contract,1,AWS|SQL|Excel|Tableau,8.15,2024-06-05,"['tableau', 'sql', 'aws', 'excel']"
2141,Freshworks,Data Analyst,Pune,Hybrid,Full-time,3,NumPy|Tableau|Excel|Machine Learning|Azure|ETL,13.96,2024-06-01,"['machine learning', 'numpy', 'excel', 'etl', 'tableau', 'azure']"
2142,Freshworks,Business Analyst,Pune,Onsite,Internship,0,Python|Tableau|Git|NumPy|Machine Learning|Pandas|Docker|Excel,8.02,2024-04-06,"['machine learning', 'numpy', 'excel', 'git', 'pandas', 'tableau', 'python', 'docker']"
2143,TCS,Senior Data Analyst,Remote,Remote,Internship,0,SQL|Excel|Git|Statistics,5.21,2024-09-12,"['git', 'statistics', 'sql', 'excel']"
2144,Zoho,Data Scientist,Chennai,Remote,Contract,8,ETL|Tableau|NumPy|SQL|Docker,29.27,2024-06-13,"['numpy', 'sql', 'etl', 'tableau', 'docker']"
2145,Accenture,Data Analyst,Delhi,Onsite,Full-time,1,ETL|Airflow|Statistics|Pandas|AWS|Spark|Machine Learning|Tableau,9.24,2024-05-02,"['machine learning', 'statistics', 'aws', 'airflow', 'spark', 'etl', 'tableau', 'pandas']"
2146,Paytm,Data Scientist,Chennai,Hybrid,Contract,5,Azure|NumPy|Pandas|Tableau,20.62,2024-08-25,"['tableau', 'numpy', 'azure', 'pandas']"
2147,Razorpay,BI Analyst,Delhi,Remote,Contract,5,Excel|Spark|Tableau|Pandas|Git|Airflow|AWS,18.78,2023-06-17,"['aws', 'excel', 'git', 'airflow', 'pandas', 'spark', 'tableau']"
2148,TCS,Business Analyst,Mumbai,Onsite,Contract,6,Excel|Tableau|Statistics|Airflow|Spark|Git|Pandas,19.54,2024-07-06,"['statistics', 'excel', 'git', 'airflow', 'pandas', 'spark', 'tableau']"
2149,Flipkart,BI Analyst,Remote,Remote,Full-time,6,ETL|NumPy|Python|Docker|Airflow|Tableau|Git|Power BI,19.61,2024-04-18,"['numpy', 'git', 'airflow', 'power bi', 'etl', 'tableau', 'python', 'docker']"
2150,Accenture,BI Analyst,Hyderabad,Hybrid,Contract,6,Statistics|Machine Learning|Pandas|SQL|Azure|Git|Python,23.12,2024-01-15,"['machine learning', 'statistics', 'git', 'sql', 'pandas', 'python', 'azure']"
2151,Freshworks,BI Analyst,Mumbai,Remote,Internship,1,Python|Git|Docker|Tableau|Data Warehousing,6.88,2023-01-09,"['git', 'data warehousing', 'tableau', 'python', 'docker']"
2152,Microsoft,BI Analyst,Remote,Remote,Internship,3,Pandas|ETL|Airflow|Statistics|Docker|Git|SQL|Azure,11.92,2023-05-12,"['statistics', 'git', 'sql', 'airflow', 'azure', 'etl', 'pandas', 'docker']"
2153,TCS,Data Scientist,Bengaluru,Onsite,Internship,7,Airflow|NumPy|Python|Data Warehousing|AWS|Git|Spark|Statistics,26.14,2023-05-25,"['numpy', 'statistics', 'aws', 'git', 'airflow', 'spark', 'data warehousing', 'python']"
2154,Swiggy,Senior Data Analyst,Bengaluru,Hybrid,Contract,2,AWS|Data Warehousing|Statistics|Tableau|Azure,11.48,2024-11-09,"['statistics', 'aws', 'data warehousing', 'tableau', 'azure']"
2155,Swiggy,BI Analyst,Pune,Hybrid,Contract,1,Docker|Tableau|Azure|AWS|Data Warehousing|Git|Statistics|SQL,6.83,2023-12-25,"['statistics', 'aws', 'git', 'docker', 'sql', 'data warehousing', 'tableau', 'azure']"
2156,Amazon,BI Analyst,Mumbai,Onsite,Full-time,7,AWS|SQL|Data Warehousing|Git|Spark|Azure|NumPy,20.86,2023-09-30,"['numpy', 'aws', 'git', 'sql', 'spark', 'data warehousing', 'azure']"
2157,Flipkart,Data Analyst,Delhi,Remote,Internship,5,Pandas|AWS|Power BI|Azure|NumPy,17.09,2024-04-14,"['numpy', 'aws', 'power bi', 'pandas', 'azure']"
2158,Infosys,Business Analyst,Mumbai,Remote,Internship,2,Power BI|Data Warehousing|Airflow|Excel|Tableau,10.38,2024-01-06,"['excel', 'airflow', 'power bi', 'data warehousing', 'tableau']"
2159,Cognizant,Senior Data Analyst,Pune,Remote,Full-time,7,Docker|SQL|Airflow|ETL|Pandas,21.84,2023-12-03,"['sql', 'airflow', 'etl', 'pandas', 'docker']"
2160,Infosys,Data Scientist,Hyderabad,Hybrid,Full-time,1,Power BI|Airflow|Spark|Docker,9.09,2023-02-03,"['spark', 'docker', 'airflow', 'power bi']"
2161,Amazon,BI Analyst,Remote,Onsite,Internship,5,NumPy|Machine Learning|Docker|Statistics|Pandas|AWS|Git|ETL,18.96,2024-06-03,"['machine learning', 'numpy', 'statistics', 'aws', 'git', 'etl', 'pandas', 'docker']"
2162,Freshworks,Data Scientist,Mumbai,Hybrid,Contract,3,ETL|Power BI|AWS|Data Warehousing|SQL|Excel,15.71,2023-09-16,"['aws', 'excel', 'sql', 'power bi', 'etl', 'data warehousing']"
2163,Freshworks,Business Analyst,Hyderabad,Onsite,Contract,8,Airflow|AWS|Azure|Docker|Tableau|Power BI|Python,24.58,2024-11-04,"['aws', 'docker', 'airflow', 'power bi', 'tableau', 'python', 'azure']"
2164,Walmart,BI Analyst,Chennai,Hybrid,Internship,5,Data Warehousing|Excel|ETL|NumPy|Machine Learning,20.67,2023-06-20,"['machine learning', 'numpy', 'excel', 'etl', 'data warehousing']"
2165,Accenture,BI Analyst,Delhi,Remote,Internship,2,Python|SQL|Airflow|Data Warehousing|Spark|Git,9.06,2024-02-05,"['git', 'sql', 'airflow', 'spark', 'data warehousing', 'python']"
2166,Microsoft,Data Analyst,Mumbai,Hybrid,Contract,1,Airflow|Python|Pandas|SQL|AWS|ETL,5.63,2023-05-27,"['aws', 'sql', 'airflow', 'etl', 'pandas', 'python']"
2167,Amazon,Data Analyst,Remote,Remote,Full-time,6,SQL|NumPy|Tableau|Pandas|ETL,20.14,2023-07-25,"['numpy', 'sql', 'pandas', 'etl', 'tableau']"
2168,Amazon,Data Analyst,Mumbai,Remote,Internship,0,SQL|Data Warehousing|Machine Learning|Docker,7.2,2024-03-30,"['data warehousing', 'machine learning', 'sql', 'docker']"
2169,TCS,Data Analyst,Delhi,Hybrid,Full-time,0,SQL|Pandas|Machine Learning|Azure|Tableau|ETL,6.51,2024-09-06,"['machine learning', 'sql', 'pandas', 'etl', 'tableau', 'azure']"
2170,TCS,Analytics Engineer,Pune,Hybrid,Contract,0,Statistics|SQL|Git|Excel|Spark|Tableau|Azure|Data Warehousing,3.23,2024-03-03,"['statistics', 'excel', 'git', 'sql', 'spark', 'data warehousing', 'tableau', 'azure']"
2171,Zoho,Business Analyst,Delhi,Remote,Internship,8,Data Warehousing|Power BI|ETL|Git,25.56,2023-12-24,"['data warehousing', 'git', 'etl', 'power bi']"
2172,Infosys,Senior Data Analyst,Bengaluru,Onsite,Internship,7,Git|Python|Docker|Pandas|Spark|Tableau,24.94,2024-11-28,"['git', 'spark', 'tableau', 'pandas', 'python', 'docker']"
2173,Cognizant,Business Analyst,Mumbai,Hybrid,Full-time,3,Docker|ETL|Git|Tableau,11.51,2023-05-23,"['git', 'tableau', 'etl', 'docker']"
2174,Paytm,Analytics Engineer,Delhi,Hybrid,Contract,1,Excel|Docker|AWS|Tableau|Statistics|NumPy,5.09,2023-04-17,"['statistics', 'numpy', 'aws', 'excel', 'tableau', 'docker']"
2175,Zoho,BI Analyst,Mumbai,Onsite,Internship,6,Tableau|ETL|Statistics|NumPy|Power BI|Azure|Machine Learning,23.28,2024-03-18,"['machine learning', 'numpy', 'statistics', 'power bi', 'etl', 'tableau', 'azure']"
2176,Accenture,Analytics Engineer,Remote,Remote,Full-time,5,Power BI|Airflow|Git|ETL,17.88,2024-02-16,"['git', 'etl', 'airflow', 'power bi']"
2177,Deloitte,Analytics Engineer,Remote,Remote,Contract,2,Docker|Data Warehousing|NumPy|Statistics|Machine Learning,12.03,2023-07-19,"['machine learning', 'numpy', 'statistics', 'data warehousing', 'docker']"
2178,Cognizant,Data Scientist,Mumbai,Remote,Internship,6,Airflow|Azure|Power BI|Git,25.03,2024-07-04,"['git', 'azure', 'airflow', 'power bi']"
2179,Cognizant,Data Analyst,Chennai,Hybrid,Full-time,7,Statistics|Azure|AWS|Machine Learning|SQL|Power BI,24.43,2024-04-21,"['machine learning', 'statistics', 'aws', 'sql', 'power bi', 'azure']"
2180,Infosys,BI Analyst,Delhi,Remote,Internship,5,ETL|Airflow|Excel|Python|Machine Learning|Tableau|Data Warehousing|Pandas,20.45,2023-03-16,"['machine learning', 'excel', 'airflow', 'pandas', 'etl', 'data warehousing', 'tableau', 'python']"
2181,Walmart,Senior Data Analyst,Mumbai,Onsite,Contract,1,Tableau|Airflow|Pandas|Statistics|Machine Learning|AWS|Data Warehousing,8.42,2023-12-27,"['machine learning', 'statistics', 'aws', 'airflow', 'pandas', 'data warehousing', 'tableau']"
2182,Flipkart,Senior Data Analyst,Bengaluru,Remote,Internship,1,Git|Power BI|Azure|SQL|Excel|Machine Learning|NumPy|Python,13.82,2023-01-05,"['machine learning', 'numpy', 'excel', 'git', 'sql', 'power bi', 'python', 'azure']"
2183,Freshworks,Analytics Engineer,Chennai,Remote,Full-time,2,Machine Learning|Pandas|Data Warehousing|Statistics|Git|Docker,14.98,2024-10-03,"['machine learning', 'statistics', 'git', 'data warehousing', 'pandas', 'docker']"
2184,Paytm,Data Scientist,Hyderabad,Hybrid,Internship,0,NumPy|Python|SQL|Git|Spark,6.54,2024-10-21,"['numpy', 'git', 'sql', 'spark', 'python']"
2185,Flipkart,BI Analyst,Delhi,Remote,Full-time,0,Machine Learning|Pandas|AWS|Airflow|Python|NumPy|Azure,7.45,2023-07-05,"['machine learning', 'numpy', 'aws', 'airflow', 'pandas', 'python', 'azure']"
2186,Razorpay,Business Analyst,Bengaluru,Onsite,Full-time,3,NumPy|Tableau|Azure|Machine Learning|Python|Data Warehousing|Power BI,17.86,2024-10-16,"['machine learning', 'numpy', 'power bi', 'data warehousing', 'tableau', 'python', 'azure']"
2187,Razorpay,Data Analyst,Chennai,Remote,Full-time,2,Pandas|Airflow|Azure|Spark|NumPy|Power BI,10.72,2024-01-08,"['numpy', 'airflow', 'power bi', 'spark', 'pandas', 'azure']"
2188,Razorpay,BI Analyst,Delhi,Onsite,Contract,4,Azure|ETL|Git|Airflow,14.43,2023-10-11,"['airflow', 'git', 'etl', 'azure']"
2189,Flipkart,BI Analyst,Remote,Onsite,Contract,5,ETL|Machine Learning|Python|Spark|NumPy|Data Warehousing|Statistics,19.94,2023-09-17,"['machine learning', 'numpy', 'statistics', 'spark', 'etl', 'data warehousing', 'python']"
2190,Walmart,Business Analyst,Mumbai,Remote,Full-time,4,Power BI|Machine Learning|NumPy|Azure|Git|ETL,18.26,2024-06-10,"['machine learning', 'numpy', 'git', 'power bi', 'etl', 'azure']"
2191,Accenture,Data Scientist,Pune,Remote,Full-time,4,NumPy|AWS|Machine Learning|Spark|Tableau|Azure|Pandas|Git,23.56,2024-05-21,"['machine learning', 'numpy', 'aws', 'git', 'pandas', 'spark', 'tableau', 'azure']"
2192,Freshworks,BI Analyst,Remote,Hybrid,Full-time,6,Data Warehousing|Azure|Tableau|Power BI|Python|ETL,18.59,2024-04-27,"['power bi', 'etl', 'data warehousing', 'tableau', 'python', 'azure']"
2193,Paytm,Analytics Engineer,Mumbai,Onsite,Contract,4,Pandas|Docker|Airflow|Git|AWS,14.99,2023-09-15,"['aws', 'git', 'airflow', 'pandas', 'docker']"
2194,Flipkart,Business Analyst,Remote,Onsite,Internship,6,Azure|SQL|Pandas|Python|Airflow|Spark|Excel|Git,20.48,2023-02-02,"['excel', 'git', 'sql', 'airflow', 'spark', 'pandas', 'python', 'azure']"
2195,Microsoft,Business Analyst,Pune,Onsite,Full-time,8,Airflow|Git|Power BI|Spark|Python|Data Warehousing,23.02,2024-09-09,"['git', 'airflow', 'power bi', 'spark', 'data warehousing', 'python']"
2196,Paytm,Analytics Engineer,Chennai,Hybrid,Internship,0,Git|Statistics|Data Warehousing|Spark|ETL|Power BI|AWS,4.87,2023-12-20,"['statistics', 'aws', 'git', 'power bi', 'spark', 'etl', 'data warehousing']"
2197,TCS,Data Scientist,Mumbai,Hybrid,Full-time,0,Python|Power BI|NumPy|ETL|Pandas,7.56,2024-11-23,"['numpy', 'power bi', 'etl', 'pandas', 'python']"
2198,Flipkart,Data Scientist,Chennai,Onsite,Full-time,0,Azure|Python|Data Warehousing|Power BI|Machine Learning|SQL,10.18,2023-03-08,"['machine learning', 'sql', 'power bi', 'data warehousing', 'python', 'azure']"
2199,TCS,BI Analyst,Chennai,Onsite,Full-time,4,Statistics|ETL|AWS|Docker|Airflow,14.89,2023-04-13,"['statistics', 'aws', 'airflow', 'etl', 'docker']"
2200,Walmart,Business Analyst,Hyderabad,Hybrid,Contract,3,Python|Machine Learning|Docker|Power BI|NumPy|Pandas,13.79,2024-07-18,"['machine learning', 'numpy', 'power bi', 'pandas', 'python', 'docker']"
2201,Amazon,Data Scientist,Chennai,Hybrid,Internship,6,Spark|Tableau|Data Warehousing|Python|Machine Learning,26.09,2024-07-21,"['machine learning', 'spark', 'data warehousing', 'tableau', 'python']"
2202,Walmart,Data Scientist,Bengaluru,Remote,Internship,5,AWS|Azure|SQL|Excel|ETL|NumPy,25.23,2023-03-24,"['numpy', 'aws', 'excel', 'sql', 'etl', 'azure']"
2203,Flipkart,Business Analyst,Chennai,Hybrid,Internship,5,Power BI|ETL|Azure|Excel,17.27,2023-08-14,"['etl', 'excel', 'azure', 'power bi']"
2204,Freshworks,BI Analyst,Hyderabad,Onsite,Full-time,0,Excel|ETL|Power BI|Machine Learning|SQL|NumPy|Statistics,6.25,2023-04-08,"['machine learning', 'numpy', 'statistics', 'excel', 'sql', 'power bi', 'etl']"
2205,Microsoft,Data Analyst,Remote,Hybrid,Contract,5,Spark|Docker|Data Warehousing|Git|Airflow|ETL|Power BI,17.65,2023-06-27,"['git', 'airflow', 'power bi', 'spark', 'etl', 'data warehousing', 'docker']"
2206,Infosys,Data Analyst,Pune,Onsite,Contract,8,Data Warehousing|Tableau|Machine Learning|Airflow|Azure|Statistics,27.27,2023-03-02,"['machine learning', 'statistics', 'airflow', 'data warehousing', 'tableau', 'azure']"
2207,Cognizant,Analytics Engineer,Remote,Onsite,Contract,3,Docker|Statistics|Python|Airflow,11.79,2023-03-17,"['airflow', 'statistics', 'python', 'docker']"
2208,Cognizant,Data Scientist,Chennai,Remote,Full-time,7,AWS|Azure|Python|Spark,27.96,2024-07-06,"['spark', 'azure', 'python', 'aws']"
2209,Deloitte,Business Analyst,Remote,Remote,Contract,6,Statistics|Tableau|Power BI|Airflow|ETL|Excel|Docker,20.59,2023-02-09,"['statistics', 'excel', 'airflow', 'power bi', 'etl', 'tableau', 'docker']"
2210,Walmart,Analytics Engineer,Chennai,Remote,Contract,5,AWS|Excel|Python|Power BI,17.23,2023-11-01,"['python', 'power bi', 'aws', 'excel']"
2211,Freshworks,Data Analyst,Remote,Hybrid,Internship,2,Pandas|Statistics|SQL|Tableau|Excel|Power BI|ETL|Data Warehousing,8.64,2023-07-09,"['statistics', 'excel', 'sql', 'pandas', 'power bi', 'etl', 'data warehousing', 'tableau']"
2212,Paytm,Analytics Engineer,Delhi,Hybrid,Internship,1,Azure|AWS|ETL|Python,5.78,2023-03-29,"['aws', 'python', 'etl', 'azure']"
2213,Infosys,Data Scientist,Remote,Onsite,Internship,3,Statistics|Docker|Git|AWS|Pandas|Tableau,16.06,2023-06-10,"['statistics', 'aws', 'git', 'tableau', 'pandas', 'docker']"
2214,Paytm,Analytics Engineer,Mumbai,Onsite,Full-time,7,Tableau|Data Warehousing|Pandas|Python|NumPy|Power BI|Azure,22.81,2024-09-11,"['numpy', 'pandas', 'power bi', 'data warehousing', 'tableau', 'python', 'azure']"
2215,Walmart,BI Analyst,Mumbai,Onsite,Full-time,5,Git|NumPy|Docker|Power BI,16.28,2024-09-21,"['git', 'numpy', 'docker', 'power bi']"
2216,Zoho,Data Scientist,Mumbai,Onsite,Contract,0,ETL|Statistics|Docker|AWS|Power BI|Airflow|SQL|Git,8.2,2023-03-19,"['statistics', 'aws', 'git', 'sql', 'airflow', 'power bi', 'etl', 'docker']"
2217,Paytm,BI Analyst,Mumbai,Remote,Contract,3,Docker|ETL|SQL|Airflow|Python|Pandas|Power BI,12.85,2023-01-02,"['sql', 'airflow', 'power bi', 'etl', 'pandas', 'python', 'docker']"
2218,Infosys,Data Scientist,Chennai,Hybrid,Full-time,4,Power BI|Spark|Docker|Tableau|Python|Excel,16.53,2023-07-01,"['excel', 'power bi', 'spark', 'tableau', 'python', 'docker']"
2219,Cognizant,Business Analyst,Bengaluru,Onsite,Contract,6,Statistics|ETL|Machine Learning|AWS|Python|Tableau|Excel|Pandas,23.45,2024-02-14,"['machine learning', 'statistics', 'aws', 'excel', 'pandas', 'etl', 'tableau', 'python']"
2220,Microsoft,BI Analyst,Delhi,Onsite,Internship,0,SQL|Machine Learning|Python|AWS|Airflow,6.72,2024-04-15,"['machine learning', 'aws', 'sql', 'airflow', 'python']"
2221,TCS,Senior Data Analyst,Mumbai,Remote,Internship,4,Excel|Statistics|Airflow|NumPy,14.13,2023-09-07,"['numpy', 'statistics', 'airflow', 'excel']"
2222,Microsoft,Data Scientist,Hyderabad,Onsite,Internship,2,Pandas|Power BI|Python|Docker|Airflow|Data Warehousing|SQL,12.63,2023-04-13,"['sql', 'airflow', 'power bi', 'data warehousing', 'pandas', 'python', 'docker']"
2223,Flipkart,Senior Data Analyst,Mumbai,Onsite,Full-time,2,Python|Tableau|ETL|Machine Learning|Azure,12.89,2023-06-27,"['machine learning', 'etl', 'tableau', 'python', 'azure']"
2224,Amazon,Analytics Engineer,Delhi,Hybrid,Full-time,3,Airflow|Tableau|Spark|Data Warehousing,11.25,2023-01-10,"['spark', 'tableau', 'airflow', 'data warehousing']"
2225,Microsoft,Analytics Engineer,Mumbai,Remote,Contract,1,Statistics|Airflow|AWS|Python|Data Warehousing|Spark|Machine Learning,11.44,2024-03-14,"['machine learning', 'statistics', 'aws', 'airflow', 'spark', 'data warehousing', 'python']"
2226,Swiggy,Business Analyst,Chennai,Remote,Contract,0,Python|Spark|Power BI|SQL,4.3,2023-02-21,"['spark', 'python', 'sql', 'power bi']"
2227,Razorpay,Data Analyst,Chennai,Onsite,Internship,7,Docker|Statistics|Excel|Machine Learning,24.96,2024-06-29,"['machine learning', 'statistics', 'docker', 'excel']"
2228,Razorpay,Senior Data Analyst,Bengaluru,Onsite,Internship,1,NumPy|Git|Python|Machine Learning|Pandas,11.75,2023-03-24,"['machine learning', 'numpy', 'git', 'pandas', 'python']"
2229,Flipkart,Senior Data Analyst,Mumbai,Hybrid,Internship,4,Machine Learning|Spark|NumPy|AWS|Statistics|Power BI,16.52,2023-04-28,"['machine learning', 'numpy', 'statistics', 'aws', 'power bi', 'spark']"
2230,Swiggy,Business Analyst,Remote,Onsite,Internship,7,ETL|Power BI|Tableau|Statistics|Docker|Spark|Azure,22.27,2024-05-28,"['statistics', 'power bi', 'spark', 'azure', 'etl', 'tableau', 'docker']"
2231,Razorpay,BI Analyst,Remote,Hybrid,Full-time,2,Statistics|Spark|NumPy|SQL|Power BI|ETL|Git,8.82,2023-08-13,"['numpy', 'statistics', 'git', 'sql', 'power bi', 'spark', 'etl']"
2232,Walmart,Senior Data Analyst,Delhi,Hybrid,Internship,5,NumPy|Git|SQL|Tableau|Machine Learning|Airflow|Statistics,20.98,2023-06-19,"['machine learning', 'numpy', 'statistics', 'git', 'sql', 'airflow', 'tableau']"
2233,Freshworks,Business Analyst,Pune,Onsite,Full-time,3,Airflow|Power BI|Excel|Git|Data Warehousing|NumPy,11.27,2023-08-12,"['numpy', 'excel', 'git', 'airflow', 'power bi', 'data warehousing']"
2234,Accenture,Senior Data Analyst,Delhi,Hybrid,Contract,1,Git|Docker|Airflow|SQL,6.88,2023-04-15,"['airflow', 'git', 'sql', 'docker']"
2235,Freshworks,Business Analyst,Pune,Hybrid,Contract,4,Statistics|Tableau|AWS|NumPy|Machine Learning|Spark|Docker|ETL,15.58,2023-09-14,"['machine learning', 'numpy', 'statistics', 'aws', 'spark', 'etl', 'tableau', 'docker']"
2236,Infosys,Senior Data Analyst,Remote,Onsite,Full-time,6,Airflow|ETL|Git|Python|Tableau|NumPy|Machine Learning|Azure,20.58,2024-07-08,"['machine learning', 'numpy', 'git', 'airflow', 'etl', 'tableau', 'python', 'azure']"
2237,Cognizant,BI Analyst,Remote,Remote,Full-time,3,Statistics|Power BI|Airflow|Pandas|AWS|ETL|Spark,11.84,2024-10-21,"['statistics', 'aws', 'airflow', 'power bi', 'spark', 'etl', 'pandas']"
2238,Paytm,BI Analyst,Pune,Remote,Full-time,0,Azure|Statistics|Excel|SQL|Python|Git|Airflow,4.44,2023-04-07,"['statistics', 'excel', 'git', 'sql', 'airflow', 'python', 'azure']"
2239,Infosys,Analytics Engineer,Mumbai,Onsite,Contract,7,Excel|Pandas|Data Warehousing|Statistics|SQL,20.26,2023-04-27,"['statistics', 'excel', 'sql', 'data warehousing', 'pandas']"
2240,Swiggy,Data Scientist,Mumbai,Remote,Internship,6,ETL|Azure|Data Warehousing|Statistics,25.37,2024-06-17,"['data warehousing', 'statistics', 'etl', 'azure']"
2241,TCS,Senior Data Analyst,Pune,Onsite,Contract,7,Git|SQL|Pandas|Power BI|Docker|ETL,20.84,2024-02-24,"['git', 'sql', 'power bi', 'etl', 'pandas', 'docker']"
2242,Walmart,BI Analyst,Delhi,Remote,Contract,5,Tableau|Data Warehousing|Git|Python|NumPy|SQL|Statistics|ETL,19.37,2023-11-17,"['numpy', 'statistics', 'git', 'sql', 'etl', 'data warehousing', 'tableau', 'python']"
2243,Swiggy,Business Analyst,Pune,Onsite,Full-time,1,NumPy|Tableau|Power BI|AWS|Statistics|Pandas|Spark,7.6,2024-02-29,"['numpy', 'statistics', 'aws', 'power bi', 'pandas', 'spark', 'tableau']"
2244,Deloitte,BI Analyst,Remote,Onsite,Internship,4,Docker|NumPy|Statistics|Machine Learning|Data Warehousing|SQL|Spark|AWS,18.06,2024-08-27,"['machine learning', 'numpy', 'statistics', 'aws', 'sql', 'spark', 'data warehousing', 'docker']"
2245,Freshworks,Analytics Engineer,Remote,Onsite,Contract,0,Data Warehousing|Pandas|Spark|Python|SQL|Tableau|Azure,2.73,2024-05-20,"['tableau', 'sql', 'spark', 'data warehousing', 'pandas', 'python', 'azure']"
2246,TCS,Business Analyst,Hyderabad,Hybrid,Full-time,2,Airflow|Statistics|Data Warehousing|Spark,9.91,2023-09-05,"['data warehousing', 'spark', 'statistics', 'airflow']"
2247,Walmart,BI Analyst,Delhi,Remote,Internship,8,Machine Learning|SQL|Airflow|Docker|Python|Excel,27.17,2024-05-02,"['machine learning', 'excel', 'sql', 'airflow', 'python', 'docker']"
2248,Paytm,Business Analyst,Pune,Onsite,Internship,5,Spark|Azure|Machine Learning|Tableau|Pandas|Data Warehousing,19.79,2024-08-23,"['machine learning', 'pandas', 'spark', 'data warehousing', 'tableau', 'azure']"
2249,TCS,Data Analyst,Remote,Hybrid,Full-time,2,Machine Learning|NumPy|AWS|Azure|Power BI|Airflow|Pandas,11.81,2023-10-06,"['machine learning', 'numpy', 'aws', 'airflow', 'power bi', 'pandas', 'azure']"
2250,Accenture,Analytics Engineer,Bengaluru,Remote,Full-time,2,Power BI|Machine Learning|Docker|Statistics|NumPy|Data Warehousing,16.12,2024-02-20,"['machine learning', 'statistics', 'numpy', 'power bi', 'data warehousing', 'docker']"
2251,Amazon,Data Analyst,Chennai,Hybrid,Full-time,8,Statistics|Machine Learning|Pandas|Excel|SQL|Tableau|ETL,25.78,2024-02-03,"['machine learning', 'statistics', 'excel', 'sql', 'etl', 'tableau', 'pandas']"
2252,Razorpay,Data Analyst,Delhi,Hybrid,Internship,3,ETL|Airflow|Machine Learning|Azure,15.87,2023-02-17,"['machine learning', 'azure', 'etl', 'airflow']"
2253,Swiggy,Analytics Engineer,Bengaluru,Remote,Internship,6,Spark|Git|Power BI|Azure|Excel|Data Warehousing,22.83,2023-06-30,"['excel', 'git', 'power bi', 'spark', 'data warehousing', 'azure']"
2254,TCS,Data Analyst,Mumbai,Onsite,Internship,7,NumPy|Azure|ETL|Airflow|SQL|Data Warehousing|Spark,22.63,2023-08-09,"['numpy', 'sql', 'airflow', 'spark', 'etl', 'data warehousing', 'azure']"
2255,Swiggy,BI Analyst,Delhi,Onsite,Internship,3,Git|Python|Statistics|Spark|Power BI|SQL|Data Warehousing,10.88,2023-01-12,"['statistics', 'git', 'sql', 'power bi', 'spark', 'data warehousing', 'python']"
2256,Cognizant,Business Analyst,Bengaluru,Remote,Full-time,4,Pandas|Data Warehousing|Spark|Docker|Excel,17.58,2023-08-24,"['excel', 'spark', 'data warehousing', 'pandas', 'docker']"
2257,TCS,BI Analyst,Bengaluru,Remote,Contract,3,Statistics|Docker|Pandas|Excel|Python,15.45,2023-11-14,"['statistics', 'excel', 'pandas', 'python', 'docker']"
2258,Amazon,Senior Data Analyst,Delhi,Hybrid,Full-time,2,Machine Learning|Excel|Azure|Git|Python|Power BI,12.93,2024-01-12,"['machine learning', 'excel', 'git', 'power bi', 'python', 'azure']"
2259,TCS,Data Scientist,Pune,Remote,Contract,4,Docker|Spark|ETL|SQL|Data Warehousing|Azure|Machine Learning,23.94,2024-03-02,"['machine learning', 'sql', 'spark', 'azure', 'etl', 'data warehousing', 'docker']"
2260,Cognizant,Data Analyst,Mumbai,Remote,Contract,4,AWS|ETL|Pandas|Tableau,16.12,2023-07-17,"['tableau', 'pandas', 'etl', 'aws']"
2261,Infosys,Data Analyst,Delhi,Remote,Contract,5,Excel|AWS|Docker|Pandas|SQL|Azure,18.03,2023-07-03,"['aws', 'excel', 'sql', 'azure', 'pandas', 'docker']"
2262,Accenture,Data Analyst,Mumbai,Hybrid,Full-time,1,NumPy|Azure|Data Warehousing|Pandas,7.25,2024-08-30,"['data warehousing', 'numpy', 'azure', 'pandas']"
2263,Zoho,Data Analyst,Mumbai,Remote,Internship,2,ETL|Airflow|Spark|NumPy|Docker,10.8,2023-06-21,"['numpy', 'airflow', 'spark', 'etl', 'docker']"
2264,Paytm,Senior Data Analyst,Remote,Onsite,Internship,3,Airflow|Power BI|AWS|Excel|SQL,12.47,2023-07-16,"['aws', 'excel', 'sql', 'airflow', 'power bi']"
2265,Zoho,Data Scientist,Bengaluru,Hybrid,Internship,0,Statistics|AWS|Power BI|Excel|Azure|Airflow|Git|Docker,10.52,2024-06-08,"['statistics', 'aws', 'excel', 'git', 'docker', 'airflow', 'power bi', 'azure']"
2266,Amazon,Business Analyst,Mumbai,Onsite,Contract,4,NumPy|Data Warehousing|Airflow|Excel|Azure|Machine Learning|Spark,16.27,2024-04-28,"['machine learning', 'numpy', 'excel', 'airflow', 'spark', 'data warehousing', 'azure']"
2267,Accenture,Data Analyst,Remote,Hybrid,Full-time,8,Docker|Machine Learning|Spark|Python|ETL|NumPy|Pandas,26.35,2024-07-29,"['machine learning', 'numpy', 'spark', 'etl', 'pandas', 'python', 'docker']"
2268,Accenture,BI Analyst,Mumbai,Hybrid,Internship,2,Azure|Data Warehousing|Python|Statistics|Excel|Tableau|Pandas|Git,10.42,2024-07-26,"['statistics', 'excel', 'git', 'pandas', 'data warehousing', 'tableau', 'python', 'azure']"
2269,Walmart,Analytics Engineer,Remote,Remote,Contract,5,Machine Learning|ETL|Docker|Azure|Python|Tableau|AWS|NumPy,22.38,2023-10-18,"['machine learning', 'numpy', 'aws', 'docker', 'etl', 'tableau', 'python', 'azure']"
2270,Deloitte,Business Analyst,Remote,Remote,Internship,5,Tableau|ETL|NumPy|Pandas|Python|Excel|Statistics|SQL,17.1,2023-02-08,"['numpy', 'statistics', 'excel', 'sql', 'pandas', 'etl', 'tableau', 'python']"
2271,Paytm,Analytics Engineer,Delhi,Remote,Internship,5,Excel|Git|Tableau|Data Warehousing|Docker|Spark,17.71,2024-01-22,"['excel', 'git', 'spark', 'data warehousing', 'tableau', 'docker']"
2272,Infosys,BI Analyst,Delhi,Remote,Internship,6,Machine Learning|Git|Python|NumPy|Spark|SQL|Statistics,24.62,2024-03-19,"['machine learning', 'numpy', 'statistics', 'git', 'sql', 'spark', 'python']"
2273,Microsoft,Data Analyst,Remote,Remote,Full-time,1,Git|Power BI|SQL|Python|Airflow|Tableau,8.89,2024-04-03,"['git', 'sql', 'airflow', 'power bi', 'tableau', 'python']"
2274,Deloitte,Senior Data Analyst,Chennai,Onsite,Full-time,6,Spark|Docker|NumPy|Data Warehousing|Pandas|Python|Azure,19.68,2024-03-08,"['numpy', 'spark', 'azure', 'data warehousing', 'pandas', 'python', 'docker']"
2275,Swiggy,Data Scientist,Hyderabad,Hybrid,Internship,1,ETL|AWS|Excel|Data Warehousing|Spark|Azure|Power BI,9.62,2024-01-12,"['aws', 'excel', 'power bi', 'spark', 'etl', 'data warehousing', 'azure']"
2276,Zoho,Data Scientist,Remote,Hybrid,Full-time,6,Data Warehousing|Azure|Python|Excel|Pandas|Git|ETL|Airflow,24.07,2024-08-13,"['excel', 'git', 'airflow', 'etl', 'data warehousing', 'pandas', 'python', 'azure']"
2277,Zoho,BI Analyst,Hyderabad,Remote,Internship,5,SQL|Excel|Docker|Spark|Git|ETL,16.72,2024-07-03,"['excel', 'git', 'sql', 'spark', 'etl', 'docker']"
2278,Walmart,Business Analyst,Remote,Remote,Internship,5,Tableau|AWS|Python|Docker|Power BI|Pandas|Git,17.22,2023-11-28,"['aws', 'git', 'power bi', 'pandas', 'tableau', 'python', 'docker']"
2279,Razorpay,BI Analyst,Delhi,Hybrid,Internship,6,Airflow|AWS|Machine Learning|Data Warehousing|SQL,22.77,2024-06-13,"['machine learning', 'aws', 'sql', 'airflow', 'data warehousing']"
2280,Walmart,Senior Data Analyst,Bengaluru,Remote,Full-time,3,SQL|Airflow|Tableau|Pandas|Machine Learning|Docker|Git,16.75,2023-03-23,"['machine learning', 'git', 'sql', 'airflow', 'pandas', 'tableau', 'docker']"
2281,Paytm,BI Analyst,Remote,Hybrid,Full-time,8,Airflow|Azure|SQL|Data Warehousing|AWS|ETL|Tableau|Python,25.26,2024-01-13,"['aws', 'sql', 'airflow', 'etl', 'data warehousing', 'tableau', 'python', 'azure']"
2282,Accenture,Data Scientist,Chennai,Hybrid,Internship,7,Spark|Airflow|ETL|Statistics|Python|Tableau|NumPy,24.15,2023-07-18,"['statistics', 'numpy', 'airflow', 'spark', 'etl', 'tableau', 'python']"
2283,Razorpay,BI Analyst,Pune,Remote,Full-time,3,AWS|Data Warehousing|Tableau|Azure|ETL|Excel,13.29,2023-09-08,"['aws', 'excel', 'etl', 'data warehousing', 'tableau', 'azure']"
2284,Zoho,Data Analyst,Pune,Remote,Contract,8,Excel|NumPy|Tableau|Pandas,24.27,2023-02-18,"['tableau', 'numpy', 'pandas', 'excel']"
2285,Zoho,Business Analyst,Hyderabad,Remote,Full-time,1,AWS|Machine Learning|Docker|Pandas|Statistics|Airflow|NumPy,12.17,2024-02-02,"['machine learning', 'statistics', 'numpy', 'aws', 'airflow', 'pandas', 'docker']"
2286,Razorpay,BI Analyst,Chennai,Hybrid,Contract,7,Azure|SQL|Machine Learning|AWS|Git|Docker|Statistics|Data Warehousing,25.58,2024-09-19,"['machine learning', 'statistics', 'aws', 'git', 'sql', 'docker', 'data warehousing', 'azure']"
2287,Freshworks,Data Scientist,Remote,Onsite,Full-time,4,AWS|Azure|Power BI|Data Warehousing|Pandas,18.75,2023-09-17,"['aws', 'power bi', 'data warehousing', 'pandas', 'azure']"
2288,Infosys,Business Analyst,Remote,Onsite,Contract,7,Git|Docker|Machine Learning|Statistics|Excel|Python|Airflow,25.87,2024-05-06,"['machine learning', 'statistics', 'excel', 'git', 'airflow', 'python', 'docker']"
2289,TCS,BI Analyst,Chennai,Onsite,Full-time,5,AWS|Git|Pandas|Tableau,15.95,2024-04-27,"['tableau', 'git', 'pandas', 'aws']"
2290,Walmart,Data Scientist,Bengaluru,Remote,Contract,3,SQL|Data Warehousing|Azure|Spark,18.33,2023-02-04,"['data warehousing', 'spark', 'sql', 'azure']"
2291,Amazon,Senior Data Analyst,Chennai,Hybrid,Internship,6,Data Warehousing|Excel|Tableau|Spark|ETL|Docker,19.08,2023-12-08,"['excel', 'spark', 'etl', 'data warehousing', 'tableau', 'docker']"
2292,Infosys,Data Scientist,Pune,Hybrid,Full-time,6,Statistics|Azure|Power BI|Tableau|ETL|Git,23.39,2024-11-18,"['statistics', 'git', 'power bi', 'etl', 'tableau', 'azure']"
2293,Flipkart,Data Analyst,Mumbai,Remote,Full-time,4,Python|Power BI|SQL|Data Warehousing|Spark|Tableau|Excel,16.47,2023-03-21,"['excel', 'sql', 'power bi', 'spark', 'data warehousing', 'tableau', 'python']"
2294,Swiggy,Analytics Engineer,Mumbai,Onsite,Contract,8,Airflow|Azure|SQL|Git|Machine Learning|Docker|ETL|Pandas,28.38,2023-10-11,"['machine learning', 'git', 'sql', 'docker', 'airflow', 'etl', 'pandas', 'azure']"
2295,Zoho,BI Analyst,Delhi,Remote,Full-time,1,AWS|ETL|Statistics|NumPy|SQL|Machine Learning,11.03,2024-11-15,"['machine learning', 'numpy', 'statistics', 'aws', 'sql', 'etl']"
2296,Infosys,Senior Data Analyst,Delhi,Remote,Contract,7,Docker|Airflow|Azure|Git|ETL|NumPy|Machine Learning|Power BI,26.72,2023-05-17,"['machine learning', 'numpy', 'git', 'docker', 'airflow', 'power bi', 'etl', 'azure']"
2297,Swiggy,BI Analyst,Delhi,Onsite,Internship,5,Spark|Python|Machine Learning|Azure|AWS|SQL|Excel|Power BI,18.69,2023-07-04,"['machine learning', 'aws', 'excel', 'sql', 'power bi', 'spark', 'python', 'azure']"
2298,Cognizant,Data Scientist,Delhi,Onsite,Full-time,2,Docker|AWS|Data Warehousing|Python|Pandas|Excel|Statistics,13.11,2023-06-28,"['statistics', 'aws', 'excel', 'data warehousing', 'pandas', 'python', 'docker']"
2299,Zoho,Data Analyst,Mumbai,Hybrid,Contract,4,Spark|Power BI|Tableau|SQL,12.6,2024-05-11,"['spark', 'tableau', 'sql', 'power bi']"
2300,Accenture,BI Analyst,Mumbai,Hybrid,Contract,3,Power BI|Machine Learning|Statistics|Spark|Docker,13.78,2023-11-03,"['machine learning', 'statistics', 'power bi', 'spark', 'docker']"
2301,Accenture,Business Analyst,Delhi,Remote,Internship,0,Azure|Machine Learning|Excel|SQL|Python,9.75,2023-08-20,"['machine learning', 'excel', 'sql', 'python', 'azure']"
2302,Amazon,BI Analyst,Chennai,Onsite,Contract,3,Power BI|Docker|NumPy|Excel|Statistics|Airflow,10.27,2023-07-28,"['numpy', 'statistics', 'excel', 'airflow', 'power bi', 'docker']"
2303,Zoho,Data Analyst,Hyderabad,Hybrid,Full-time,8,Python|Excel|Pandas|Machine Learning|Git,27.82,2024-07-01,"['machine learning', 'excel', 'git', 'pandas', 'python']"
2304,Flipkart,Senior Data Analyst,Mumbai,Hybrid,Full-time,3,Data Warehousing|Spark|Azure|Power BI|ETL|SQL|Statistics|Machine Learning,15.63,2024-09-26,"['machine learning', 'statistics', 'sql', 'power bi', 'spark', 'etl', 'data warehousing', 'azure']"
2305,Walmart,Analytics Engineer,Remote,Remote,Contract,8,Power BI|Pandas|Machine Learning|NumPy|ETL|Airflow,29.66,2023-04-24,"['machine learning', 'numpy', 'airflow', 'power bi', 'etl', 'pandas']"
2306,TCS,BI Analyst,Mumbai,Remote,Internship,5,Pandas|NumPy|Machine Learning|Tableau|SQL|AWS|Docker|Excel,21.14,2023-02-12,"['machine learning', 'numpy', 'aws', 'excel', 'sql', 'pandas', 'tableau', 'docker']"
2307,Microsoft,Data Analyst,Remote,Onsite,Internship,3,Power BI|Machine Learning|Docker|NumPy|Tableau|Excel|Data Warehousing|AWS,15.74,2023-04-16,"['machine learning', 'numpy', 'aws', 'excel', 'power bi', 'data warehousing', 'tableau', 'docker']"
2308,Flipkart,Analytics Engineer,Bengaluru,Remote,Contract,5,Git|Statistics|Airflow|Docker|Python|AWS|SQL|Power BI,18.96,2023-07-17,"['statistics', 'aws', 'git', 'sql', 'airflow', 'power bi', 'python', 'docker']"
2309,Flipkart,Data Analyst,Delhi,Hybrid,Full-time,1,Airflow|Power BI|Tableau|Git|SQL|Pandas,5.59,2023-02-25,"['git', 'sql', 'airflow', 'power bi', 'pandas', 'tableau']"
2310,Freshworks,Senior Data Analyst,Chennai,Onsite,Internship,3,NumPy|SQL|Airflow|Excel,11.32,2023-04-01,"['numpy', 'sql', 'airflow', 'excel']"
2311,Razorpay,Data Scientist,Chennai,Remote,Contract,1,Docker|Spark|AWS|Machine Learning,14.44,2024-04-12,"['spark', 'machine learning', 'aws', 'docker']"
2312,Swiggy,Data Scientist,Remote,Remote,Internship,6,AWS|Azure|Git|Excel|SQL,25.92,2024-09-03,"['aws', 'excel', 'git', 'sql', 'azure']"
2313,Swiggy,Data Analyst,Bengaluru,Remote,Contract,2,Machine Learning|Azure|Power BI|Python|NumPy|Excel|ETL,16.41,2023-01-24,"['machine learning', 'numpy', 'excel', 'power bi', 'etl', 'python', 'azure']"
2314,Accenture,Data Analyst,Delhi,Onsite,Internship,6,Power BI|Python|ETL|Airflow|Spark|Docker|Machine Learning,22.49,2023-05-18,"['machine learning', 'airflow', 'power bi', 'spark', 'etl', 'python', 'docker']"
2315,Flipkart,Data Analyst,Delhi,Hybrid,Full-time,6,Excel|Docker|ETL|Machine Learning|Power BI|Airflow|Azure|SQL,23.28,2024-02-16,"['machine learning', 'excel', 'sql', 'airflow', 'power bi', 'azure', 'etl', 'docker']"
2316,TCS,Data Scientist,Mumbai,Remote,Contract,6,Airflow|Excel|Python|Machine Learning|Tableau|Azure|ETL|Statistics,28.24,2023-01-12,"['machine learning', 'statistics', 'excel', 'airflow', 'etl', 'tableau', 'python', 'azure']"
2317,Freshworks,Analytics Engineer,Mumbai,Remote,Full-time,3,Spark|ETL|Power BI|Airflow|Git,11.65,2023-07-26,"['git', 'airflow', 'power bi', 'spark', 'etl']"
2318,Swiggy,Business Analyst,Mumbai,Hybrid,Internship,0,Git|Machine Learning|ETL|Pandas,5.89,2023-07-15,"['git', 'pandas', 'etl', 'machine learning']"
2319,Flipkart,BI Analyst,Delhi,Onsite,Internship,1,Spark|Power BI|Excel|Pandas|ETL,7.03,2024-06-08,"['excel', 'power bi', 'spark', 'etl', 'pandas']"
2320,Microsoft,Data Analyst,Hyderabad,Onsite,Contract,2,Airflow|Python|Data Warehousing|NumPy|ETL|Excel|Machine Learning|Git,10.54,2024-01-03,"['machine learning', 'numpy', 'excel', 'git', 'airflow', 'etl', 'data warehousing', 'python']"
2321,Paytm,BI Analyst,Remote,Onsite,Internship,4,Airflow|Azure|Python|Spark|AWS|Git|Excel,14.01,2024-08-21,"['aws', 'excel', 'git', 'airflow', 'spark', 'python', 'azure']"
2322,Zoho,Senior Data Analyst,Remote,Hybrid,Internship,6,Machine Learning|NumPy|Python|SQL|ETL|Pandas|Azure,22.92,2023-08-14,"['machine learning', 'numpy', 'sql', 'etl', 'pandas', 'python', 'azure']"
2323,TCS,Analytics Engineer,Remote,Onsite,Full-time,7,Data Warehousing|Git|Spark|NumPy|Pandas|Docker|AWS|Azure,20.62,2024-11-05,"['numpy', 'aws', 'git', 'spark', 'azure', 'data warehousing', 'pandas', 'docker']"
2324,Deloitte,BI Analyst,Remote,Onsite,Contract,2,Python|Power BI|SQL|Airflow|Spark,8.65,2023-10-14,"['sql', 'airflow', 'power bi', 'spark', 'python']"
2325,Swiggy,Analytics Engineer,Bengaluru,Remote,Internship,4,Power BI|Python|Tableau|Machine Learning|ETL|Git|Pandas,19.77,2024-06-17,"['machine learning', 'git', 'power bi', 'pandas', 'etl', 'tableau', 'python']"
2326,Swiggy,Senior Data Analyst,Pune,Remote,Full-time,3,Pandas|AWS|Excel|SQL|ETL|Spark|Docker|Git,11.64,2024-01-06,"['aws', 'excel', 'git', 'sql', 'spark', 'etl', 'pandas', 'docker']"
2327,Amazon,Senior Data Analyst,Pune,Hybrid,Contract,7,Statistics|Spark|Git|SQL|ETL,21.92,2024-07-31,"['statistics', 'git', 'sql', 'spark', 'etl']"
2328,Razorpay,Data Scientist,Chennai,Remote,Internship,3,Airflow|ETL|Python|Data Warehousing|Machine Learning,20.05,2024-10-03,"['machine learning', 'airflow', 'etl', 'data warehousing', 'python']"
2329,Paytm,Data Scientist,Delhi,Remote,Internship,6,Airflow|Excel|AWS|Power BI|Pandas|Azure,23.56,2023-06-12,"['aws', 'excel', 'airflow', 'power bi', 'pandas', 'azure']"
2330,Infosys,Business Analyst,Chennai,Onsite,Internship,8,Tableau|NumPy|Power BI|Data Warehousing,23.81,2024-06-06,"['data warehousing', 'numpy', 'tableau', 'power bi']"
2331,Microsoft,Senior Data Analyst,Mumbai,Hybrid,Full-time,6,AWS|Docker|Statistics|NumPy|Azure|Git|Machine Learning|Python,21.47,2024-07-18,"['machine learning', 'numpy', 'statistics', 'aws', 'git', 'azure', 'python', 'docker']"
2332,Amazon,BI Analyst,Chennai,Remote,Contract,4,Azure|ETL|Pandas|Power BI|SQL|Tableau,14.24,2024-05-04,"['sql', 'power bi', 'etl', 'tableau', 'pandas', 'azure']"
2333,Swiggy,Senior Data Analyst,Delhi,Onsite,Contract,5,Pandas|ETL|Excel|Machine Learning|Spark|Statistics|Git|SQL,19.91,2024-06-23,"['machine learning', 'statistics', 'excel', 'git', 'sql', 'spark', 'etl', 'pandas']"
2334,Cognizant,Data Scientist,Remote,Remote,Contract,2,Git|Azure|Airflow|SQL|Spark|ETL|Docker,14.48,2023-09-21,"['git', 'sql', 'docker', 'airflow', 'spark', 'etl', 'azure']"
2335,Cognizant,Business Analyst,Chennai,Onsite,Internship,4,Docker|Spark|Airflow|Pandas|SQL|Data Warehousing|Azure|NumPy,13.71,2024-06-26,"['numpy', 'sql', 'airflow', 'spark', 'azure', 'data warehousing', 'pandas', 'docker']"
2336,Infosys,BI Analyst,Mumbai,Onsite,Full-time,3,SQL|NumPy|Pandas|Spark,12.51,2024-02-10,"['spark', 'numpy', 'sql', 'pandas']"
2337,Razorpay,Data Analyst,Mumbai,Hybrid,Contract,1,ETL|Excel|Power BI|Data Warehousing|Git|Airflow,6.62,2023-08-09,"['excel', 'git', 'airflow', 'power bi', 'etl', 'data warehousing']"
2338,Zoho,Data Scientist,Remote,Hybrid,Full-time,2,Airflow|Docker|Machine Learning|Python|AWS|Azure|Git,16.46,2023-02-20,"['machine learning', 'aws', 'git', 'airflow', 'azure', 'python', 'docker']"
2339,Deloitte,Data Scientist,Hyderabad,Hybrid,Full-time,8,Machine Learning|Python|Airflow|Tableau,29.52,2023-12-08,"['machine learning', 'tableau', 'python', 'airflow']"
2340,Microsoft,BI Analyst,Chennai,Hybrid,Contract,3,Data Warehousing|Airflow|NumPy|Spark|Statistics|SQL,10.82,2023-01-17,"['numpy', 'statistics', 'sql', 'airflow', 'spark', 'data warehousing']"
2341,Accenture,Business Analyst,Delhi,Remote,Internship,2,SQL|Docker|Statistics|ETL|Excel|Spark|NumPy,10.49,2023-02-19,"['statistics', 'numpy', 'excel', 'sql', 'spark', 'etl', 'docker']"
2342,Zoho,Senior Data Analyst,Remote,Hybrid,Internship,3,AWS|Power BI|SQL|Data Warehousing|Spark|ETL|Machine Learning,14.33,2024-10-03,"['machine learning', 'aws', 'sql', 'power bi', 'spark', 'etl', 'data warehousing']"
2343,Walmart,Business Analyst,Remote,Remote,Full-time,8,SQL|Pandas|Data Warehousing|ETL|Docker|Spark,25.97,2024-07-24,"['sql', 'spark', 'etl', 'data warehousing', 'pandas', 'docker']"
2344,Microsoft,Data Analyst,Hyderabad,Hybrid,Contract,7,Azure|Data Warehousing|Machine Learning|Power BI|SQL|Docker|NumPy,23.65,2024-09-13,"['machine learning', 'numpy', 'sql', 'docker', 'power bi', 'data warehousing', 'azure']"
2345,Walmart,BI Analyst,Remote,Onsite,Full-time,7,Machine Learning|AWS|Spark|NumPy|Python|Statistics|Data Warehousing|ETL,24.44,2023-12-18,"['machine learning', 'numpy', 'statistics', 'aws', 'spark', 'etl', 'data warehousing', 'python']"
2346,Swiggy,Data Scientist,Mumbai,Remote,Contract,1,Data Warehousing|Power BI|Statistics|Git|Pandas|Airflow|SQL|ETL,11.33,2023-04-09,"['statistics', 'git', 'sql', 'airflow', 'power bi', 'etl', 'data warehousing', 'pandas']"
2347,Razorpay,Analytics Engineer,Hyderabad,Remote,Internship,2,NumPy|Tableau|Data Warehousing|Excel|AWS|Machine Learning,14.02,2023-09-08,"['machine learning', 'numpy', 'aws', 'excel', 'data warehousing', 'tableau']"
2348,Freshworks,Data Scientist,Mumbai,Onsite,Contract,5,ETL|Machine Learning|Statistics|Git|NumPy|Pandas|Airflow|Spark,22.06,2023-11-30,"['machine learning', 'statistics', 'numpy', 'git', 'airflow', 'spark', 'etl', 'pandas']"
2349,Freshworks,Data Scientist,Pune,Remote,Internship,4,AWS|Statistics|Airflow|NumPy|Machine Learning,21.31,2024-02-25,"['machine learning', 'numpy', 'statistics', 'aws', 'airflow']"
2350,Microsoft,Business Analyst,Delhi,Onsite,Full-time,2,Machine Learning|SQL|Statistics|NumPy,13.1,2023-12-21,"['machine learning', 'statistics', 'sql', 'numpy']"
2351,Freshworks,Senior Data Analyst,Delhi,Hybrid,Contract,7,Tableau|SQL|Azure|Python|ETL|Airflow|Pandas,21.36,2023-08-23,"['sql', 'airflow', 'pandas', 'etl', 'tableau', 'python', 'azure']"
2352,Flipkart,Analytics Engineer,Hyderabad,Onsite,Internship,4,Power BI|Machine Learning|Spark|ETL|Statistics,18.33,2024-04-24,"['machine learning', 'statistics', 'power bi', 'spark', 'etl']"
2353,Microsoft,Senior Data Analyst,Delhi,Hybrid,Contract,6,Tableau|Statistics|Pandas|Excel|Azure|Spark,17.79,2024-06-30,"['statistics', 'excel', 'pandas', 'spark', 'tableau', 'azure']"
2354,Deloitte,Data Scientist,Chennai,Hybrid,Internship,5,NumPy|Azure|Power BI|Tableau|Git|Machine Learning|Pandas,22.05,2024-11-21,"['machine learning', 'numpy', 'git', 'power bi', 'pandas', 'tableau', 'azure']"
2355,Accenture,Analytics Engineer,Pune,Onsite,Contract,5,AWS|ETL|Pandas|Machine Learning|SQL|Azure|NumPy,20.36,2024-06-27,"['machine learning', 'numpy', 'aws', 'sql', 'etl', 'pandas', 'azure']"
2356,Razorpay,Data Scientist,Delhi,Remote,Contract,1,Docker|Pandas|Tableau|Git|Spark,13.39,2023-11-06,"['git', 'pandas', 'spark', 'tableau', 'docker']"
2357,Freshworks,Data Analyst,Remote,Remote,Contract,4,Git|Tableau|Excel|NumPy,15.9,2023-04-09,"['git', 'tableau', 'numpy', 'excel']"
2358,Deloitte,Data Scientist,Chennai,Onsite,Contract,7,ETL|Statistics|Excel|SQL|Machine Learning|Pandas|Spark|AWS,29.14,2024-05-26,"['machine learning', 'statistics', 'aws', 'excel', 'sql', 'spark', 'etl', 'pandas']"
2359,TCS,Senior Data Analyst,Mumbai,Hybrid,Contract,6,Tableau|Git|Python|Data Warehousing,17.56,2024-04-16,"['data warehousing', 'git', 'tableau', 'python']"
2360,Cognizant,Analytics Engineer,Pune,Hybrid,Internship,0,Tableau|Git|Spark|Python,4.87,2023-10-04,"['spark', 'git', 'tableau', 'python']"
2361,TCS,Data Analyst,Delhi,Onsite,Internship,7,Docker|Pandas|Machine Learning|ETL|Data Warehousing|Azure|SQL|NumPy,25.25,2024-01-09,"['machine learning', 'numpy', 'sql', 'azure', 'etl', 'data warehousing', 'pandas', 'docker']"
2362,Flipkart,Business Analyst,Pune,Onsite,Internship,8,Docker|Git|NumPy|Azure|Tableau|Pandas|Airflow|ETL,25.14,2023-12-31,"['numpy', 'git', 'docker', 'airflow', 'pandas', 'etl', 'tableau', 'azure']"
2363,Deloitte,Analytics Engineer,Hyderabad,Remote,Full-time,6,ETL|SQL|Statistics|Power BI,19.64,2023-03-29,"['statistics', 'sql', 'etl', 'power bi']"
2364,Cognizant,Business Analyst,Hyderabad,Onsite,Full-time,5,NumPy|Python|SQL|Excel,16.4,2023-11-14,"['numpy', 'python', 'sql', 'excel']"
2365,Cognizant,BI Analyst,Delhi,Remote,Internship,4,Statistics|Docker|NumPy|ETL|Azure|Tableau|Pandas|Data Warehousing,15.24,2023-03-06,"['numpy', 'statistics', 'docker', 'pandas', 'etl', 'data warehousing', 'tableau', 'azure']"
2366,Swiggy,Senior Data Analyst,Pune,Remote,Internship,8,NumPy|Python|Azure|ETL,24.68,2024-01-08,"['numpy', 'python', 'etl', 'azure']"
2367,Amazon,BI Analyst,Delhi,Hybrid,Internship,5,Excel|Airflow|Docker|Python|Machine Learning|Power BI|Pandas|Spark,20.69,2024-04-27,"['machine learning', 'excel', 'airflow', 'power bi', 'spark', 'pandas', 'python', 'docker']"
2368,Paytm,Senior Data Analyst,Bengaluru,Onsite,Full-time,1,Data Warehousing|Airflow|NumPy|AWS|SQL,7.39,2023-07-20,"['numpy', 'aws', 'sql', 'airflow', 'data warehousing']"
2369,Freshworks,Data Analyst,Bengaluru,Remote,Internship,4,Azure|Pandas|Airflow|NumPy|SQL,18.37,2024-07-13,"['numpy', 'sql', 'airflow', 'pandas', 'azure']"
2370,Swiggy,Business Analyst,Pune,Hybrid,Internship,5,AWS|Airflow|ETL|Git|Pandas|Statistics|Excel|Azure,15.64,2024-01-19,"['statistics', 'aws', 'excel', 'git', 'airflow', 'etl', 'pandas', 'azure']"
2371,Walmart,Senior Data Analyst,Mumbai,Remote,Full-time,4,Power BI|Tableau|Machine Learning|SQL|Airflow|Spark,19.29,2023-12-17,"['machine learning', 'sql', 'airflow', 'power bi', 'spark', 'tableau']"
2372,Paytm,Business Analyst,Mumbai,Remote,Full-time,6,NumPy|Python|Azure|Pandas|Power BI|ETL|Tableau,20.62,2024-08-30,"['numpy', 'power bi', 'etl', 'tableau', 'pandas', 'python', 'azure']"
2373,Accenture,BI Analyst,Pune,Remote,Contract,6,AWS|Tableau|Machine Learning|Airflow|Excel|Statistics|SQL|Docker,22.5,2023-03-18,"['machine learning', 'statistics', 'aws', 'excel', 'sql', 'airflow', 'tableau', 'docker']"
2374,Accenture,Data Scientist,Bengaluru,Onsite,Full-time,8,NumPy|Statistics|Pandas|Excel|Python,29.83,2024-07-08,"['numpy', 'statistics', 'excel', 'pandas', 'python']"
2375,Freshworks,BI Analyst,Chennai,Hybrid,Full-time,0,Python|ETL|Git|Airflow|NumPy,2.64,2024-08-09,"['numpy', 'git', 'airflow', 'etl', 'python']"
2376,Freshworks,BI Analyst,Chennai,Onsite,Internship,7,Tableau|Statistics|Airflow|ETL|NumPy|Power BI|AWS,21.26,2024-05-09,"['numpy', 'statistics', 'aws', 'airflow', 'power bi', 'etl', 'tableau']"
2377,Walmart,Data Analyst,Mumbai,Remote,Full-time,6,Tableau|ETL|Power BI|Python|Excel,20.55,2024-07-28,"['excel', 'power bi', 'etl', 'tableau', 'python']"
2378,Amazon,Data Scientist,Hyderabad,Onsite,Full-time,4,Data Warehousing|Airflow|Docker|AWS,19.16,2024-11-18,"['data warehousing', 'aws', 'docker', 'airflow']"
2379,Cognizant,BI Analyst,Bengaluru,Remote,Contract,4,Airflow|Machine Learning|AWS|NumPy|Statistics|Excel,19.25,2023-02-07,"['machine learning', 'numpy', 'statistics', 'aws', 'excel', 'airflow']"
2380,Razorpay,Data Scientist,Delhi,Remote,Full-time,3,Python|Airflow|ETL|Excel|Git|AWS|Data Warehousing|Spark,16.96,2023-01-16,"['aws', 'excel', 'git', 'airflow', 'spark', 'etl', 'data warehousing', 'python']"
2381,Walmart,Senior Data Analyst,Bengaluru,Remote,Full-time,2,Tableau|Git|Azure|Python|SQL|Machine Learning,15.12,2024-08-10,"['machine learning', 'git', 'sql', 'tableau', 'python', 'azure']"
2382,TCS,Business Analyst,Chennai,Onsite,Contract,6,Excel|Airflow|Statistics|Python|Git|Data Warehousing|Power BI|SQL,19.3,2024-10-14,"['statistics', 'excel', 'git', 'sql', 'airflow', 'power bi', 'data warehousing', 'python']"
2383,Cognizant,Data Scientist,Bengaluru,Hybrid,Internship,2,Pandas|Airflow|ETL|Python|Power BI|Git,15.7,2023-01-26,"['git', 'airflow', 'power bi', 'etl', 'pandas', 'python']"
2384,Deloitte,Data Scientist,Hyderabad,Hybrid,Contract,8,Spark|Machine Learning|ETL|Python|Power BI|AWS|Tableau,30.19,2024-05-30,"['machine learning', 'aws', 'power bi', 'spark', 'etl', 'tableau', 'python']"
2385,Walmart,Business Analyst,Remote,Hybrid,Contract,1,Docker|Spark|Statistics|Tableau,5.25,2023-11-15,"['spark', 'statistics', 'tableau', 'docker']"
2386,Accenture,Senior Data Analyst,Bengaluru,Onsite,Full-time,6,NumPy|Spark|SQL|Python|Power BI|ETL|Git|Excel,22.23,2023-09-08,"['numpy', 'excel', 'git', 'sql', 'power bi', 'spark', 'etl', 'python']"
2387,Freshworks,Data Analyst,Chennai,Remote,Full-time,5,Data Warehousing|ETL|AWS|Git|Python|Tableau,16.8,2024-05-19,"['aws', 'git', 'etl', 'data warehousing', 'tableau', 'python']"
2388,Microsoft,BI Analyst,Bengaluru,Remote,Internship,0,SQL|Spark|NumPy|Machine Learning|Statistics,9.22,2023-09-17,"['machine learning', 'numpy', 'statistics', 'sql', 'spark']"
2389,Paytm,BI Analyst,Remote,Remote,Full-time,0,Power BI|Airflow|Excel|Machine Learning|ETL|Tableau,8.67,2023-11-25,"['machine learning', 'excel', 'airflow', 'power bi', 'etl', 'tableau']"
2390,Zoho,Business Analyst,Pune,Remote,Contract,7,Machine Learning|Tableau|Airflow|Data Warehousing|Statistics|NumPy|Git,27.07,2023-01-10,"['machine learning', 'statistics', 'numpy', 'git', 'airflow', 'data warehousing', 'tableau']"
2391,Paytm,Senior Data Analyst,Remote,Onsite,Full-time,3,Azure|Git|Data Warehousing|ETL|Docker|Tableau,12.29,2023-08-31,"['git', 'azure', 'etl', 'data warehousing', 'tableau', 'docker']"
2392,Flipkart,Business Analyst,Delhi,Hybrid,Contract,3,Machine Learning|Docker|Spark|ETL|Git,15.74,2024-05-26,"['machine learning', 'git', 'spark', 'etl', 'docker']"
2393,Cognizant,Senior Data Analyst,Remote,Onsite,Internship,1,AWS|Machine Learning|Git|ETL,8.91,2024-03-25,"['git', 'machine learning', 'etl', 'aws']"
2394,Cognizant,Business Analyst,Bengaluru,Hybrid,Contract,1,Power BI|Spark|NumPy|Python|Pandas|Excel|Data Warehousing|Statistics,9.34,2024-08-20,"['numpy', 'statistics', 'excel', 'power bi', 'spark', 'data warehousing', 'pandas', 'python']"
2395,Microsoft,Analytics Engineer,Pune,Hybrid,Contract,4,Docker|Tableau|SQL|Git|Python|Statistics|AWS,15.14,2024-01-06,"['statistics', 'aws', 'git', 'sql', 'tableau', 'python', 'docker']"
2396,Paytm,Data Scientist,Hyderabad,Hybrid,Internship,5,Azure|Git|Power BI|Machine Learning|AWS|Statistics|ETL,23.73,2023-10-31,"['machine learning', 'statistics', 'aws', 'git', 'power bi', 'etl', 'azure']"
2397,Zoho,Senior Data Analyst,Chennai,Remote,Internship,4,NumPy|Python|AWS|Machine Learning,18.59,2023-12-24,"['machine learning', 'numpy', 'python', 'aws']"
2398,Deloitte,BI Analyst,Bengaluru,Onsite,Internship,0,Airflow|Pandas|Git|Docker|Azure|Spark|NumPy,4.9,2024-02-24,"['numpy', 'git', 'airflow', 'spark', 'azure', 'pandas', 'docker']"
2399,Amazon,BI Analyst,Bengaluru,Remote,Full-time,0,Git|Data Warehousing|ETL|Statistics|Docker|AWS|Pandas|Airflow,7.71,2024-02-21,"['statistics', 'aws', 'git', 'airflow', 'etl', 'data warehousing', 'pandas', 'docker']"
2400,Infosys,BI Analyst,Delhi,Onsite,Contract,3,Git|Pandas|Data Warehousing|Spark|Airflow|Statistics|SQL,12.84,2023-09-02,"['statistics', 'git', 'sql', 'airflow', 'spark', 'data warehousing', 'pandas']"
2401,Microsoft,Data Analyst,Delhi,Onsite,Full-time,2,Docker|Pandas|Power BI|Azure|Airflow|Python|NumPy|Machine Learning,11.11,2023-08-26,"['machine learning', 'numpy', 'docker', 'airflow', 'power bi', 'pandas', 'python', 'azure']"
2402,Microsoft,Data Scientist,Hyderabad,Hybrid,Internship,3,Excel|NumPy|AWS|Git,15.14,2024-02-15,"['git', 'numpy', 'aws', 'excel']"
2403,Freshworks,Data Analyst,Hyderabad,Hybrid,Contract,6,Machine Learning|Statistics|Azure|Python|NumPy|AWS|Pandas|Power BI,22.11,2024-02-06,"['machine learning', 'statistics', 'numpy', 'aws', 'power bi', 'pandas', 'python', 'azure']"
2404,Infosys,Business Analyst,Delhi,Onsite,Contract,4,Excel|Azure|Tableau|Statistics,14.86,2023-09-29,"['tableau', 'statistics', 'azure', 'excel']"
2405,Paytm,Analytics Engineer,Bengaluru,Remote,Full-time,8,AWS|ETL|Airflow|Pandas|Tableau|SQL,28.26,2024-06-16,"['aws', 'sql', 'airflow', 'etl', 'tableau', 'pandas']"
2406,Freshworks,Senior Data Analyst,Chennai,Onsite,Full-time,2,Spark|AWS|Git|Power BI|Machine Learning|Python,11.73,2023-11-06,"['machine learning', 'aws', 'git', 'power bi', 'spark', 'python']"
2407,Deloitte,Senior Data Analyst,Delhi,Hybrid,Full-time,5,ETL|Docker|Machine Learning|Git,19.19,2024-11-26,"['git', 'machine learning', 'etl', 'docker']"
2408,Flipkart,Data Analyst,Mumbai,Remote,Full-time,3,Excel|Pandas|SQL|Tableau|Git|Statistics|Python|Airflow,13.18,2024-02-29,"['statistics', 'excel', 'git', 'sql', 'airflow', 'pandas', 'tableau', 'python']"
2409,Razorpay,Analytics Engineer,Remote,Onsite,Contract,2,ETL|Data Warehousing|Power BI|Machine Learning|Statistics|Tableau|SQL|Excel,11.43,2024-01-06,"['machine learning', 'statistics', 'excel', 'sql', 'power bi', 'etl', 'data warehousing', 'tableau']"
2410,Deloitte,Business Analyst,Hyderabad,Onsite,Contract,1,Airflow|AWS|Excel|SQL|NumPy|Python|Tableau,6.67,2023-01-07,"['numpy', 'aws', 'excel', 'sql', 'airflow', 'tableau', 'python']"
2411,TCS,Data Analyst,Chennai,Remote,Full-time,0,Power BI|SQL|Data Warehousing|Machine Learning|Statistics|Excel,7.45,2023-01-22,"['machine learning', 'statistics', 'excel', 'sql', 'power bi', 'data warehousing']"
2412,TCS,Data Scientist,Chennai,Hybrid,Contract,2,Power BI|ETL|Pandas|Excel,12.7,2024-06-26,"['pandas', 'etl', 'excel', 'power bi']"
2413,Flipkart,Analytics Engineer,Hyderabad,Hybrid,Full-time,2,SQL|Machine Learning|NumPy|Git,12.45,2023-01-19,"['git', 'machine learning', 'numpy', 'sql']"
2414,Deloitte,Senior Data Analyst,Bengaluru,Hybrid,Contract,2,Git|Machine Learning|Excel|Power BI|Python|Tableau|NumPy,15.23,2023-12-16,"['machine learning', 'numpy', 'excel', 'git', 'power bi', 'tableau', 'python']"
2415,Amazon,Data Scientist,Pune,Onsite,Contract,8,NumPy|Python|AWS|Pandas|Machine Learning,31.57,2023-08-10,"['machine learning', 'numpy', 'aws', 'pandas', 'python']"
2416,Accenture,Analytics Engineer,Hyderabad,Onsite,Contract,0,SQL|Power BI|Docker|Excel|Pandas|Statistics|AWS,3.7,2023-03-19,"['statistics', 'aws', 'excel', 'sql', 'power bi', 'pandas', 'docker']"
2417,Infosys,Data Scientist,Bengaluru,Hybrid,Contract,8,Data Warehousing|Tableau|AWS|Azure|Statistics|Python,30.67,2024-08-02,"['statistics', 'aws', 'data warehousing', 'tableau', 'python', 'azure']"
2418,TCS,BI Analyst,Hyderabad,Onsite,Internship,7,Python|Excel|Pandas|SQL|AWS,22.55,2023-06-08,"['aws', 'excel', 'sql', 'pandas', 'python']"
2419,Walmart,Data Scientist,Pune,Onsite,Full-time,5,Statistics|Data Warehousing|Spark|Power BI|AWS,19.81,2024-10-24,"['statistics', 'aws', 'power bi', 'spark', 'data warehousing']"
2420,Walmart,BI Analyst,Bengaluru,Hybrid,Internship,5,Pandas|Tableau|Data Warehousing|Machine Learning|Azure|Git|Spark|SQL,20.63,2024-09-10,"['machine learning', 'git', 'sql', 'pandas', 'spark', 'data warehousing', 'tableau', 'azure']"
2421,Microsoft,BI Analyst,Remote,Hybrid,Contract,1,Pandas|Python|Git|Airflow|Statistics|Data Warehousing,7.09,2023-04-24,"['statistics', 'git', 'airflow', 'data warehousing', 'pandas', 'python']"
2422,Deloitte,Business Analyst,Mumbai,Onsite,Internship,4,Git|Statistics|AWS|NumPy|Power BI|Docker|Airflow|Pandas,15.28,2023-09-01,"['statistics', 'numpy', 'aws', 'git', 'airflow', 'power bi', 'pandas', 'docker']"
2423,Freshworks,Data Analyst,Delhi,Hybrid,Contract,2,ETL|Git|Tableau|Airflow|Azure|NumPy,8.02,2023-09-22,"['numpy', 'git', 'airflow', 'etl', 'tableau', 'azure']"
2424,Cognizant,Business Analyst,Pune,Onsite,Contract,4,Azure|AWS|ETL|Statistics|Machine Learning,18.42,2024-01-21,"['machine learning', 'statistics', 'aws', 'etl', 'azure']"
2425,Cognizant,BI Analyst,Bengaluru,Onsite,Full-time,1,Airflow|AWS|Tableau|Machine Learning|Azure|Data Warehousing,12.75,2023-02-18,"['machine learning', 'aws', 'airflow', 'data warehousing', 'tableau', 'azure']"
2426,Infosys,Senior Data Analyst,Mumbai,Hybrid,Internship,8,AWS|Excel|ETL|Statistics,24.38,2023-02-21,"['statistics', 'etl', 'aws', 'excel']"
2427,Accenture,Senior Data Analyst,Hyderabad,Hybrid,Full-time,0,Power BI|Docker|Spark|Pandas|Statistics|Tableau|Airflow|NumPy,3.72,2023-05-22,"['statistics', 'numpy', 'airflow', 'power bi', 'spark', 'tableau', 'pandas', 'docker']"
2428,Swiggy,Senior Data Analyst,Mumbai,Onsite,Full-time,4,Excel|SQL|Tableau|NumPy|Airflow|AWS|Git|Python,15.37,2024-10-06,"['numpy', 'aws', 'excel', 'git', 'sql', 'airflow', 'tableau', 'python']"
2429,Accenture,Data Analyst,Remote,Hybrid,Contract,5,Git|Statistics|SQL|Spark|Data Warehousing,17.46,2024-02-10,"['statistics', 'git', 'sql', 'spark', 'data warehousing']"
2430,Microsoft,Data Analyst,Bengaluru,Remote,Full-time,4,Azure|Docker|AWS|Airflow|Python|ETL|Data Warehousing,16.38,2024-09-17,"['aws', 'airflow', 'azure', 'etl', 'data warehousing', 'python', 'docker']"
2431,Amazon,Business Analyst,Mumbai,Remote,Contract,5,Data Warehousing|Machine Learning|Statistics|Airflow|Excel|Power BI|Spark|AWS,22.0,2024-10-24,"['machine learning', 'statistics', 'aws', 'excel', 'airflow', 'power bi', 'spark', 'data warehousing']"
2432,Accenture,Analytics Engineer,Bengaluru,Onsite,Internship,6,ETL|Data Warehousing|Airflow|SQL|Pandas|Tableau|AWS,20.79,2023-06-17,"['tableau', 'aws', 'sql', 'airflow', 'etl', 'data warehousing', 'pandas']"
2433,Cognizant,Senior Data Analyst,Hyderabad,Onsite,Full-time,7,Airflow|Azure|Python|Git|Spark,21.69,2024-08-11,"['git', 'airflow', 'spark', 'python', 'azure']"
2434,Deloitte,Data Scientist,Hyderabad,Hybrid,Contract,0,AWS|Git|NumPy|SQL|Azure|Excel|Spark,7.97,2023-11-29,"['numpy', 'aws', 'excel', 'git', 'sql', 'spark', 'azure']"
2435,Swiggy,Senior Data Analyst,Mumbai,Onsite,Internship,0,Pandas|Statistics|SQL|NumPy|AWS|ETL,4.62,2023-03-04,"['numpy', 'statistics', 'aws', 'sql', 'etl', 'pandas']"
2436,Zoho,BI Analyst,Delhi,Remote,Contract,7,Machine Learning|Statistics|AWS|Tableau|Excel|Docker,26.26,2023-10-11,"['machine learning', 'statistics', 'aws', 'excel', 'tableau', 'docker']"
2437,Amazon,Business Analyst,Pune,Onsite,Full-time,2,Pandas|ETL|Machine Learning|Spark|Tableau|Data Warehousing,12.98,2024-06-07,"['machine learning', 'spark', 'data warehousing', 'etl', 'tableau', 'pandas']"
2438,Walmart,Business Analyst,Hyderabad,Remote,Full-time,3,ETL|Statistics|Excel|Pandas,13.54,2023-02-21,"['pandas', 'statistics', 'etl', 'excel']"
2439,Paytm,Business Analyst,Chennai,Onsite,Full-time,6,Tableau|Pandas|Power BI|Excel|Airflow|Statistics,19.21,2024-01-19,"['statistics', 'excel', 'airflow', 'power bi', 'pandas', 'tableau']"
2440,Zoho,Data Scientist,Chennai,Onsite,Full-time,7,SQL|Statistics|Tableau|Pandas|Python,24.14,2023-09-12,"['statistics', 'sql', 'pandas', 'tableau', 'python']"
2441,Walmart,Senior Data Analyst,Chennai,Remote,Contract,1,ETL|Power BI|Pandas|Git,8.0,2024-08-24,"['git', 'pandas', 'etl', 'power bi']"
2442,Zoho,Data Scientist,Chennai,Hybrid,Internship,0,Excel|Data Warehousing|Git|Azure|Docker|Airflow,7.42,2023-03-22,"['excel', 'git', 'airflow', 'azure', 'data warehousing', 'docker']"
2443,Freshworks,Analytics Engineer,Remote,Onsite,Internship,2,Spark|Power BI|ETL|Pandas|Tableau|Machine Learning,12.81,2023-03-19,"['machine learning', 'power bi', 'spark', 'etl', 'tableau', 'pandas']"
2444,Cognizant,Data Analyst,Delhi,Hybrid,Internship,3,Python|Spark|ETL|Git|Tableau|Docker,12.88,2023-03-12,"['git', 'spark', 'etl', 'tableau', 'python', 'docker']"
2445,Freshworks,Data Scientist,Chennai,Hybrid,Contract,7,Azure|ETL|Docker|Airflow,26.85,2024-02-06,"['airflow', 'docker', 'etl', 'azure']"
2446,Paytm,Business Analyst,Hyderabad,Onsite,Internship,2,Excel|Machine Learning|NumPy|Tableau|Python|Git|SQL|Spark,12.51,2024-07-03,"['machine learning', 'numpy', 'excel', 'git', 'sql', 'spark', 'tableau', 'python']"
2447,Zoho,Senior Data Analyst,Bengaluru,Hybrid,Full-time,6,Azure|Excel|Python|Docker|Airflow,22.32,2023-11-17,"['excel', 'airflow', 'azure', 'python', 'docker']"
2448,Paytm,Senior Data Analyst,Chennai,Remote,Contract,2,Azure|Airflow|Machine Learning|ETL,13.26,2024-04-01,"['airflow', 'machine learning', 'etl', 'azure']"
2449,Infosys,Data Analyst,Delhi,Remote,Contract,4,NumPy|Docker|Python|Machine Learning|Git,17.33,2023-03-22,"['machine learning', 'numpy', 'git', 'python', 'docker']"
2450,Deloitte,BI Analyst,Mumbai,Remote,Internship,1,NumPy|Excel|Statistics|Docker,8.17,2024-07-04,"['numpy', 'statistics', 'docker', 'excel']"
2451,Deloitte,Business Analyst,Bengaluru,Hybrid,Internship,0,Airflow|Tableau|NumPy|ETL|Machine Learning|Data Warehousing,8.92,2024-07-02,"['machine learning', 'numpy', 'airflow', 'etl', 'data warehousing', 'tableau']"
2452,Zoho,Senior Data Analyst,Delhi,Remote,Internship,1,Spark|Docker|Git|AWS|Python|Pandas|Azure|Airflow,7.5,2024-02-14,"['aws', 'git', 'airflow', 'spark', 'azure', 'pandas', 'python', 'docker']"
2453,Accenture,Analytics Engineer,Delhi,Hybrid,Internship,2,ETL|Pandas|Machine Learning|Python|Docker|Statistics|Power BI,12.97,2024-10-15,"['machine learning', 'statistics', 'power bi', 'etl', 'pandas', 'python', 'docker']"
2454,Deloitte,Data Analyst,Bengaluru,Hybrid,Internship,4,Excel|NumPy|Statistics|Tableau|Pandas|ETL|Data Warehousing,15.17,2023-01-30,"['numpy', 'statistics', 'excel', 'pandas', 'etl', 'data warehousing', 'tableau']"
2455,Amazon,Business Analyst,Mumbai,Remote,Contract,0,Git|Spark|SQL|Azure|Excel|Pandas|Airflow,5.23,2023-03-23,"['excel', 'git', 'sql', 'airflow', 'spark', 'pandas', 'azure']"
2456,Flipkart,BI Analyst,Pune,Hybrid,Contract,7,SQL|Docker|NumPy|Machine Learning|ETL|Spark,23.21,2024-07-28,"['machine learning', 'numpy', 'sql', 'spark', 'etl', 'docker']"
2457,Paytm,BI Analyst,Bengaluru,Hybrid,Contract,1,Docker|AWS|Pandas|NumPy,8.82,2024-01-10,"['aws', 'numpy', 'pandas', 'docker']"
2458,Cognizant,Business Analyst,Pune,Onsite,Internship,4,Power BI|SQL|Git|Azure|Docker,15.3,2023-01-17,"['git', 'sql', 'power bi', 'azure', 'docker']"
2459,Swiggy,Data Analyst,Hyderabad,Hybrid,Full-time,2,Data Warehousing|Spark|NumPy|Pandas|Airflow|Tableau,8.93,2023-09-05,"['numpy', 'tableau', 'airflow', 'spark', 'data warehousing', 'pandas']"
2460,Cognizant,Data Scientist,Pune,Onsite,Full-time,3,Airflow|ETL|Spark|Machine Learning,19.35,2024-03-01,"['spark', 'machine learning', 'etl', 'airflow']"
2461,Walmart,Senior Data Analyst,Hyderabad,Hybrid,Full-time,4,ETL|Excel|Python|Docker|SQL|Power BI|Data Warehousing|Git,13.37,2023-11-25,"['excel', 'git', 'sql', 'power bi', 'etl', 'data warehousing', 'python', 'docker']"
2462,Cognizant,Data Scientist,Delhi,Remote,Internship,0,AWS|SQL|Machine Learning|Spark|Docker|Python,13.76,2023-08-02,"['machine learning', 'aws', 'sql', 'spark', 'python', 'docker']"
2463,Amazon,BI Analyst,Hyderabad,Onsite,Full-time,6,Statistics|ETL|Power BI|Excel|NumPy|SQL|Airflow,19.9,2023-10-16,"['numpy', 'statistics', 'excel', 'sql', 'airflow', 'power bi', 'etl']"
2464,Flipkart,Analytics Engineer,Chennai,Onsite,Internship,3,Python|Data Warehousing|AWS|SQL,10.47,2023-11-11,"['data warehousing', 'python', 'sql', 'aws']"
2465,Zoho,Business Analyst,Chennai,Hybrid,Internship,0,Machine Learning|Tableau|Statistics|AWS|Docker|Azure|NumPy,7.76,2023-06-06,"['machine learning', 'statistics', 'numpy', 'aws', 'azure', 'tableau', 'docker']"
2466,Accenture,Analytics Engineer,Pune,Onsite,Contract,7,Spark|Tableau|Machine Learning|AWS|Airflow,24.01,2024-04-08,"['machine learning', 'aws', 'airflow', 'spark', 'tableau']"
2467,Amazon,Data Scientist,Bengaluru,Onsite,Full-time,6,Python|Pandas|Power BI|Tableau,26.19,2023-10-21,"['tableau', 'pandas', 'python', 'power bi']"
2468,Swiggy,Senior Data Analyst,Mumbai,Remote,Full-time,6,Git|Tableau|Power BI|Pandas|SQL|Azure|Docker,19.13,2023-09-26,"['git', 'sql', 'docker', 'power bi', 'tableau', 'pandas', 'azure']"
2469,Walmart,Analytics Engineer,Remote,Onsite,Full-time,2,Python|Azure|SQL|NumPy|Docker|Airflow|Data Warehousing|Machine Learning,11.04,2024-08-16,"['machine learning', 'numpy', 'sql', 'docker', 'airflow', 'data warehousing', 'python', 'azure']"
2470,Zoho,BI Analyst,Pune,Onsite,Contract,8,AWS|Machine Learning|Statistics|Azure|Data Warehousing|Python|Airflow|ETL,25.75,2023-05-24,"['machine learning', 'statistics', 'aws', 'airflow', 'etl', 'data warehousing', 'python', 'azure']"
2471,Accenture,BI Analyst,Delhi,Remote,Contract,5,AWS|Data Warehousing|Excel|Power BI|Python|Docker|Spark|Git,17.25,2024-07-11,"['aws', 'excel', 'git', 'power bi', 'spark', 'data warehousing', 'python', 'docker']"
2472,Amazon,Business Analyst,Chennai,Onsite,Internship,1,Git|Statistics|ETL|SQL|Excel,7.83,2023-04-23,"['statistics', 'excel', 'git', 'sql', 'etl']"
2473,Paytm,Data Analyst,Remote,Onsite,Contract,2,Airflow|Tableau|Git|Excel|Data Warehousing|SQL|AWS,9.22,2023-01-07,"['aws', 'excel', 'git', 'sql', 'airflow', 'data warehousing', 'tableau']"
2474,Walmart,Data Analyst,Bengaluru,Onsite,Full-time,0,Git|Power BI|Docker|Machine Learning|AWS|Spark,9.24,2024-09-22,"['machine learning', 'aws', 'git', 'power bi', 'spark', 'docker']"
2475,Microsoft,Data Scientist,Delhi,Onsite,Full-time,5,Excel|AWS|Spark|Statistics|NumPy|Machine Learning|Git,22.19,2023-02-16,"['machine learning', 'numpy', 'statistics', 'aws', 'excel', 'git', 'spark']"
2476,Paytm,Senior Data Analyst,Bengaluru,Remote,Contract,1,Power BI|NumPy|Airflow|SQL|Machine Learning|Docker,11.81,2023-01-10,"['machine learning', 'numpy', 'sql', 'airflow', 'power bi', 'docker']"
2477,Microsoft,Data Analyst,Delhi,Onsite,Internship,3,Azure|Tableau|Statistics|Docker|AWS,10.94,2023-02-09,"['statistics', 'aws', 'azure', 'tableau', 'docker']"
2478,Microsoft,Senior Data Analyst,Pune,Onsite,Contract,6,Machine Learning|SQL|Airflow|NumPy,22.48,2024-05-30,"['machine learning', 'numpy', 'sql', 'airflow']"
2479,Razorpay,Analytics Engineer,Remote,Hybrid,Contract,3,Python|NumPy|SQL|Excel,12.73,2023-10-06,"['numpy', 'python', 'sql', 'excel']"
2480,Freshworks,BI Analyst,Chennai,Onsite,Full-time,2,Git|Azure|ETL|Statistics|AWS,9.68,2023-01-28,"['statistics', 'aws', 'git', 'etl', 'azure']"
2481,Swiggy,Business Analyst,Mumbai,Onsite,Contract,7,Machine Learning|Git|Python|AWS|Tableau|Airflow,23.69,2024-09-21,"['machine learning', 'aws', 'git', 'airflow', 'tableau', 'python']"
2482,Razorpay,Data Analyst,Hyderabad,Hybrid,Full-time,2,AWS|Power BI|Python|Docker|NumPy|Git|Tableau,9.93,2023-12-26,"['numpy', 'aws', 'git', 'power bi', 'tableau', 'python', 'docker']"
2483,Paytm,Data Analyst,Hyderabad,Onsite,Full-time,8,Spark|ETL|Git|NumPy,25.01,2023-03-25,"['spark', 'git', 'numpy', 'etl']"
2484,Infosys,Analytics Engineer,Hyderabad,Hybrid,Full-time,6,AWS|Docker|Airflow|SQL|Power BI|Pandas,18.67,2023-10-23,"['aws', 'sql', 'airflow', 'power bi', 'pandas', 'docker']"
2485,Paytm,Data Analyst,Remote,Remote,Internship,4,AWS|Airflow|Statistics|Data Warehousing|Excel|Machine Learning|NumPy,18.75,2024-06-15,"['machine learning', 'statistics', 'numpy', 'aws', 'excel', 'airflow', 'data warehousing']"
2486,Infosys,Senior Data Analyst,Pune,Onsite,Contract,8,Data Warehousing|Power BI|Statistics|Python|Azure|Tableau,25.46,2024-04-11,"['statistics', 'power bi', 'data warehousing', 'tableau', 'python', 'azure']"
2487,Razorpay,Data Analyst,Mumbai,Onsite,Contract,1,ETL|Statistics|Azure|Data Warehousing|Pandas|AWS|Excel,5.61,2023-02-07,"['statistics', 'aws', 'excel', 'etl', 'data warehousing', 'pandas', 'azure']"
2488,Walmart,Analytics Engineer,Delhi,Hybrid,Contract,1,Power BI|Git|SQL|AWS,5.16,2023-02-07,"['git', 'sql', 'aws', 'power bi']"
2489,Flipkart,Analytics Engineer,Remote,Hybrid,Contract,0,Power BI|Machine Learning|Excel|Git|SQL,8.05,2024-03-09,"['machine learning', 'excel', 'git', 'sql', 'power bi']"
2490,Flipkart,Senior Data Analyst,Pune,Remote,Full-time,3,Statistics|AWS|Azure|ETL|Spark,12.62,2023-06-15,"['statistics', 'aws', 'spark', 'etl', 'azure']"
2491,Microsoft,Analytics Engineer,Remote,Onsite,Internship,1,Python|NumPy|Spark|Tableau|Pandas|Docker|Data Warehousing,6.85,2024-08-22,"['numpy', 'pandas', 'spark', 'data warehousing', 'tableau', 'python', 'docker']"
2492,Walmart,Business Analyst,Pune,Remote,Contract,6,Spark|NumPy|Data Warehousing|ETL|Git|SQL|AWS,20.37,2023-04-17,"['numpy', 'aws', 'git', 'sql', 'spark', 'etl', 'data warehousing']"
2493,Razorpay,Business Analyst,Hyderabad,Remote,Internship,4,Excel|Machine Learning|ETL|Statistics|Spark|Airflow|Power BI,18.68,2023-12-24,"['machine learning', 'statistics', 'excel', 'airflow', 'power bi', 'spark', 'etl']"
2494,Paytm,BI Analyst,Mumbai,Hybrid,Full-time,5,Excel|ETL|Azure|Airflow|NumPy,15.28,2023-03-22,"['numpy', 'excel', 'airflow', 'etl', 'azure']"
2495,Flipkart,Senior Data Analyst,Pune,Onsite,Full-time,3,ETL|Airflow|Statistics|Python,11.09,2024-10-18,"['statistics', 'python', 'etl', 'airflow']"
2496,Infosys,BI Analyst,Hyderabad,Hybrid,Internship,3,Git|Excel|SQL|Spark|Data Warehousing|NumPy,11.18,2024-08-24,"['numpy', 'excel', 'git', 'sql', 'spark', 'data warehousing']"
2497,Cognizant,Analytics Engineer,Mumbai,Remote,Contract,3,Machine Learning|Airflow|Excel|NumPy|Tableau|AWS,15.84,2023-04-15,"['machine learning', 'numpy', 'aws', 'excel', 'airflow', 'tableau']"
2498,Microsoft,Data Scientist,Delhi,Onsite,Internship,5,ETL|Python|Docker|Git|Tableau|AWS,20.98,2024-05-01,"['aws', 'git', 'etl', 'tableau', 'python', 'docker']"
2499,Infosys,Data Analyst,Bengaluru,Hybrid,Contract,8,Airflow|Excel|Pandas|Git|Power BI|AWS|Azure,26.36,2023-06-27,"['aws', 'excel', 'git', 'airflow', 'power bi', 'pandas', 'azure']"
2500,TCS,Data Analyst,Delhi,Onsite,Full-time,0,Power BI|Tableau|Azure|Airflow,4.95,2024-03-10,"['airflow', 'tableau', 'azure', 'power bi']"
2501,TCS,BI Analyst,Bengaluru,Onsite,Full-time,1,Git|NumPy|Machine Learning|Excel|Airflow|Docker|AWS|Data Warehousing,12.57,2023-01-02,"['machine learning', 'numpy', 'aws', 'excel', 'git', 'airflow', 'data warehousing', 'docker']"
2502,Razorpay,Data Scientist,Mumbai,Onsite,Contract,8,Excel|NumPy|Machine Learning|Docker|Data Warehousing|Azure|ETL|AWS,31.54,2024-07-28,"['machine learning', 'numpy', 'aws', 'excel', 'azure', 'etl', 'data warehousing', 'docker']"
2503,TCS,BI Analyst,Chennai,Remote,Internship,2,NumPy|Power BI|Python|Excel|Azure,10.48,2024-04-22,"['numpy', 'excel', 'power bi', 'python', 'azure']"
2504,Deloitte,Business Analyst,Bengaluru,Remote,Full-time,6,Azure|Docker|SQL|AWS|Power BI|Airflow,21.41,2023-05-24,"['aws', 'sql', 'airflow', 'power bi', 'azure', 'docker']"
2505,Zoho,BI Analyst,Bengaluru,Hybrid,Internship,3,Data Warehousing|Airflow|Docker|Excel,12.19,2024-10-06,"['data warehousing', 'docker', 'airflow', 'excel']"
2506,Swiggy,Data Scientist,Remote,Onsite,Full-time,3,Excel|NumPy|ETL|Data Warehousing,15.88,2024-09-14,"['data warehousing', 'numpy', 'etl', 'excel']"
2507,Infosys,BI Analyst,Pune,Hybrid,Full-time,8,Azure|Power BI|NumPy|Docker|Statistics,25.01,2023-05-31,"['numpy', 'statistics', 'power bi', 'azure', 'docker']"
2508,TCS,Analytics Engineer,Remote,Hybrid,Full-time,1,Statistics|Pandas|ETL|Power BI|Airflow|Machine Learning|Docker|NumPy,8.52,2024-09-08,"['machine learning', 'statistics', 'numpy', 'airflow', 'power bi', 'etl', 'pandas', 'docker']"
2509,Microsoft,BI Analyst,Remote,Hybrid,Contract,4,Azure|Pandas|Git|Power BI|ETL|Docker|AWS|NumPy,13.4,2024-06-16,"['numpy', 'aws', 'git', 'docker', 'power bi', 'etl', 'pandas', 'azure']"
2510,Microsoft,Business Analyst,Bengaluru,Hybrid,Full-time,6,Docker|Tableau|Data Warehousing|SQL|Git|Excel|ETL|Azure,19.57,2024-06-16,"['excel', 'git', 'sql', 'azure', 'etl', 'data warehousing', 'tableau', 'docker']"
2511,Paytm,Senior Data Analyst,Mumbai,Remote,Internship,8,ETL|Power BI|Docker|Pandas|Git|Spark|Airflow,26.35,2023-02-27,"['git', 'airflow', 'power bi', 'spark', 'etl', 'pandas', 'docker']"
2512,Swiggy,BI Analyst,Mumbai,Onsite,Contract,2,Data Warehousing|ETL|Git|AWS|Python|Power BI|Pandas,7.96,2023-09-30,"['aws', 'git', 'power bi', 'etl', 'data warehousing', 'pandas', 'python']"
2513,Infosys,Business Analyst,Pune,Remote,Contract,7,Tableau|Docker|Power BI|Spark|NumPy,22.15,2023-07-14,"['numpy', 'power bi', 'spark', 'tableau', 'docker']"
2514,Cognizant,Analytics Engineer,Chennai,Remote,Contract,4,Python|Pandas|AWS|ETL,15.77,2024-05-16,"['pandas', 'python', 'etl', 'aws']"
2515,Walmart,Business Analyst,Mumbai,Remote,Contract,7,NumPy|Spark|Statistics|Docker|AWS|Pandas|ETL|SQL,21.94,2024-04-07,"['numpy', 'statistics', 'aws', 'sql', 'spark', 'etl', 'pandas', 'docker']"
2516,Infosys,Data Scientist,Pune,Hybrid,Contract,1,Power BI|ETL|Azure|Tableau,9.66,2024-06-24,"['tableau', 'etl', 'azure', 'power bi']"
2517,Walmart,Business Analyst,Chennai,Remote,Full-time,5,Git|Docker|SQL|Data Warehousing|Power BI|Pandas|Machine Learning,19.98,2023-08-01,"['machine learning', 'git', 'sql', 'power bi', 'data warehousing', 'pandas', 'docker']"
2518,Swiggy,Data Analyst,Delhi,Remote,Internship,8,Spark|Airflow|Tableau|Python,24.44,2023-06-20,"['spark', 'tableau', 'python', 'airflow']"
2519,Infosys,Senior Data Analyst,Remote,Onsite,Internship,8,Data Warehousing|Git|Tableau|Docker|Power BI,25.16,2024-11-30,"['git', 'power bi', 'data warehousing', 'tableau', 'docker']"
2520,Flipkart,Analytics Engineer,Delhi,Hybrid,Internship,8,Power BI|Pandas|Azure|Statistics|Tableau,24.79,2023-10-25,"['statistics', 'pandas', 'power bi', 'tableau', 'azure']"
2521,Walmart,Senior Data Analyst,Mumbai,Hybrid,Full-time,2,Python|ETL|Power BI|Data Warehousing|SQL,7.57,2023-10-30,"['sql', 'power bi', 'etl', 'data warehousing', 'python']"
2522,Zoho,Analytics Engineer,Mumbai,Remote,Internship,7,Power BI|Docker|Azure|Spark|Data Warehousing|Statistics,23.79,2023-08-03,"['statistics', 'docker', 'power bi', 'spark', 'data warehousing', 'azure']"
2523,Swiggy,BI Analyst,Bengaluru,Remote,Full-time,5,Pandas|Azure|Data Warehousing|Git,18.56,2024-01-08,"['data warehousing', 'git', 'pandas', 'azure']"
2524,Accenture,Data Analyst,Hyderabad,Hybrid,Full-time,8,AWS|Machine Learning|Spark|Power BI,26.12,2023-02-18,"['spark', 'machine learning', 'aws', 'power bi']"
2525,Accenture,Business Analyst,Chennai,Onsite,Full-time,6,Git|Excel|Power BI|Tableau,19.74,2024-06-25,"['git', 'tableau', 'power bi', 'excel']"
2526,Zoho,Data Analyst,Mumbai,Onsite,Internship,3,Excel|Machine Learning|Tableau|Statistics|Pandas|Git,15.3,2023-05-25,"['machine learning', 'statistics', 'excel', 'git', 'tableau', 'pandas']"
2527,Freshworks,Data Analyst,Pune,Remote,Full-time,1,Airflow|Statistics|SQL|NumPy|Data Warehousing|Docker|AWS,8.68,2023-11-09,"['numpy', 'statistics', 'aws', 'sql', 'airflow', 'data warehousing', 'docker']"
2528,Zoho,Business Analyst,Bengaluru,Onsite,Contract,3,Machine Learning|Spark|Excel|Git,15.3,2024-02-05,"['spark', 'machine learning', 'git', 'excel']"
2529,Deloitte,Analytics Engineer,Delhi,Hybrid,Internship,7,Python|AWS|Excel|Airflow,20.08,2023-12-04,"['airflow', 'python', 'aws', 'excel']"
2530,Cognizant,Data Scientist,Mumbai,Onsite,Full-time,1,Docker|AWS|Power BI|ETL|NumPy|Spark|Git,9.39,2023-04-09,"['numpy', 'aws', 'git', 'power bi', 'spark', 'etl', 'docker']"
2531,Swiggy,Senior Data Analyst,Bengaluru,Remote,Contract,0,Python|Docker|AWS|Git|Spark|NumPy,8.32,2023-05-06,"['numpy', 'aws', 'git', 'spark', 'python', 'docker']"
2532,Infosys,Business Analyst,Remote,Remote,Full-time,5,Pandas|Statistics|Spark|Power BI|Docker|Azure,17.47,2024-07-15,"['statistics', 'power bi', 'spark', 'azure', 'pandas', 'docker']"
2533,Microsoft,BI Analyst,Delhi,Remote,Full-time,7,Statistics|Spark|Git|Excel|ETL|Python,22.99,2024-02-19,"['statistics', 'excel', 'git', 'spark', 'etl', 'python']"
2534,Flipkart,Senior Data Analyst,Remote,Hybrid,Full-time,3,Spark|SQL|Airflow|ETL|Docker|Git|Pandas|Power BI,11.52,2024-03-21,"['git', 'sql', 'airflow', 'power bi', 'spark', 'etl', 'pandas', 'docker']"
2535,Amazon,BI Analyst,Mumbai,Onsite,Internship,7,Pandas|Airflow|Python|Tableau|SQL|Statistics|Excel|Machine Learning,23.06,2024-01-03,"['machine learning', 'statistics', 'excel', 'sql', 'airflow', 'pandas', 'tableau', 'python']"
2536,Amazon,Analytics Engineer,Hyderabad,Remote,Internship,0,ETL|Tableau|Docker|Machine Learning|NumPy|SQL|Excel|Power BI,8.1,2023-12-03,"['machine learning', 'numpy', 'excel', 'sql', 'power bi', 'etl', 'tableau', 'docker']"
2537,Freshworks,Senior Data Analyst,Pune,Hybrid,Full-time,5,Pandas|SQL|Data Warehousing|Spark|Airflow|Git|AWS|NumPy,16.49,2024-09-13,"['numpy', 'aws', 'git', 'sql', 'airflow', 'spark', 'data warehousing', 'pandas']"
2538,Freshworks,Data Analyst,Pune,Onsite,Internship,3,Statistics|Python|Spark|Excel|Airflow|Pandas|Data Warehousing,12.62,2023-11-29,"['statistics', 'excel', 'airflow', 'spark', 'data warehousing', 'pandas', 'python']"
2539,Accenture,Data Analyst,Chennai,Remote,Full-time,1,Python|Spark|Machine Learning|AWS|Statistics|Data Warehousing|SQL,10.04,2023-07-30,"['machine learning', 'statistics', 'aws', 'sql', 'spark', 'data warehousing', 'python']"
2540,TCS,BI Analyst,Delhi,Remote,Internship,8,Airflow|SQL|Python|Machine Learning|Tableau|Excel|Statistics|NumPy,27.39,2024-06-03,"['machine learning', 'statistics', 'numpy', 'excel', 'sql', 'airflow', 'tableau', 'python']"
2541,Swiggy,Analytics Engineer,Delhi,Onsite,Internship,8,Statistics|Python|Azure|Data Warehousing|Excel|NumPy|SQL|Git,25.01,2024-09-10,"['statistics', 'numpy', 'excel', 'git', 'sql', 'data warehousing', 'python', 'azure']"
2542,Freshworks,BI Analyst,Mumbai,Remote,Internship,2,Tableau|Azure|Spark|NumPy|Python|Data Warehousing|Git,11.24,2024-06-15,"['numpy', 'git', 'spark', 'data warehousing', 'tableau', 'python', 'azure']"
2543,Zoho,Senior Data Analyst,Mumbai,Hybrid,Internship,2,Spark|Airflow|Machine Learning|Azure|SQL|Git|Excel|Tableau,12.59,2023-02-22,"['machine learning', 'excel', 'git', 'sql', 'airflow', 'spark', 'tableau', 'azure']"
2544,Cognizant,Analytics Engineer,Chennai,Remote,Contract,0,ETL|Statistics|Data Warehousing|AWS,6.94,2024-10-31,"['data warehousing', 'statistics', 'etl', 'aws']"
2545,Swiggy,Senior Data Analyst,Mumbai,Onsite,Internship,5,Machine Learning|AWS|Excel|SQL|Python|Statistics|NumPy,19.28,2024-01-30,"['machine learning', 'statistics', 'numpy', 'aws', 'excel', 'sql', 'python']"
2546,Zoho,Senior Data Analyst,Bengaluru,Remote,Full-time,4,AWS|Git|Docker|Pandas|Data Warehousing,16.09,2023-09-23,"['aws', 'git', 'data warehousing', 'pandas', 'docker']"
2547,Swiggy,Senior Data Analyst,Remote,Remote,Internship,8,Data Warehousing|Azure|ETL|Git|Spark,24.16,2024-09-12,"['git', 'spark', 'etl', 'data warehousing', 'azure']"
2548,Flipkart,Analytics Engineer,Delhi,Hybrid,Full-time,6,Data Warehousing|Azure|Statistics|Machine Learning|Airflow|Tableau,21.75,2024-07-19,"['machine learning', 'statistics', 'airflow', 'data warehousing', 'tableau', 'azure']"
2549,Paytm,BI Analyst,Pune,Remote,Contract,7,AWS|NumPy|Excel|Azure|Python|Statistics|Tableau|Airflow,21.79,2024-04-22,"['numpy', 'statistics', 'aws', 'excel', 'airflow', 'tableau', 'python', 'azure']"
2550,Deloitte,BI Analyst,Pune,Remote,Full-time,1,Azure|Python|Data Warehousing|Git|ETL,7.15,2024-08-20,"['git', 'etl', 'data warehousing', 'python', 'azure']"
2551,Cognizant,Business Analyst,Hyderabad,Hybrid,Full-time,3,Data Warehousing|Azure|Excel|Python|Tableau,11.76,2023-12-15,"['excel', 'data warehousing', 'tableau', 'python', 'azure']"
2552,Razorpay,Analytics Engineer,Hyderabad,Remote,Full-time,5,Pandas|Statistics|SQL|Airflow,17.68,2023-07-20,"['pandas', 'sql', 'statistics', 'airflow']"
2553,Swiggy,BI Analyst,Chennai,Remote,Full-time,3,Azure|Tableau|Excel|AWS|Statistics|Power BI,11.66,2023-05-24,"['statistics', 'aws', 'excel', 'power bi', 'tableau', 'azure']"
2554,Amazon,Business Analyst,Bengaluru,Remote,Contract,4,ETL|Power BI|Excel|NumPy|Airflow|AWS|Pandas,18.13,2023-11-18,"['numpy', 'aws', 'excel', 'airflow', 'power bi', 'etl', 'pandas']"
2555,Microsoft,Senior Data Analyst,Bengaluru,Hybrid,Contract,7,Excel|SQL|Python|NumPy,22.22,2024-03-04,"['numpy', 'python', 'sql', 'excel']"
2556,Paytm,Senior Data Analyst,Mumbai,Onsite,Full-time,5,Machine Learning|ETL|Airflow|NumPy|SQL|Power BI|Git|Data Warehousing,19.79,2024-10-12,"['machine learning', 'numpy', 'git', 'sql', 'airflow', 'power bi', 'etl', 'data warehousing']"
2557,Deloitte,BI Analyst,Hyderabad,Onsite,Internship,0,Azure|Python|Statistics|Spark|NumPy|SQL|Power BI,4.45,2024-11-02,"['numpy', 'statistics', 'sql', 'power bi', 'spark', 'python', 'azure']"
2558,Paytm,Data Scientist,Chennai,Onsite,Contract,0,Airflow|AWS|Excel|NumPy|Machine Learning|Spark,9.51,2023-09-20,"['machine learning', 'numpy', 'aws', 'excel', 'airflow', 'spark']"
2559,Infosys,Senior Data Analyst,Chennai,Hybrid,Internship,5,Azure|SQL|Power BI|NumPy|Tableau|Spark,16.5,2024-05-13,"['numpy', 'sql', 'power bi', 'spark', 'tableau', 'azure']"
2560,Cognizant,Analytics Engineer,Mumbai,Remote,Contract,4,Statistics|Excel|Data Warehousing|NumPy|Tableau,14.19,2024-11-25,"['numpy', 'statistics', 'excel', 'data warehousing', 'tableau']"
2561,Infosys,Data Analyst,Pune,Remote,Full-time,0,Pandas|Statistics|NumPy|AWS|Git|Spark|Azure|Power BI,4.55,2023-07-08,"['numpy', 'statistics', 'aws', 'git', 'power bi', 'spark', 'pandas', 'azure']"
2562,Paytm,Data Analyst,Bengaluru,Hybrid,Full-time,7,Azure|Python|NumPy|SQL|Statistics|AWS,24.82,2024-04-18,"['numpy', 'statistics', 'aws', 'sql', 'python', 'azure']"
2563,Microsoft,Data Scientist,Remote,Onsite,Contract,1,Tableau|Pandas|Python|Git|Data Warehousing|AWS,9.93,2023-02-03,"['aws', 'git', 'pandas', 'data warehousing', 'tableau', 'python']"
2564,Amazon,BI Analyst,Mumbai,Remote,Internship,7,Tableau|Airflow|Power BI|Spark|SQL,23.56,2023-08-25,"['sql', 'airflow', 'power bi', 'spark', 'tableau']"
2565,Amazon,Data Scientist,Remote,Hybrid,Full-time,1,Pandas|Airflow|ETL|Azure|AWS|Power BI|SQL|Python,9.07,2023-03-29,"['aws', 'sql', 'airflow', 'power bi', 'etl', 'pandas', 'python', 'azure']"
2566,Paytm,Business Analyst,Mumbai,Onsite,Full-time,6,SQL|Excel|Git|Power BI,18.89,2023-10-14,"['git', 'sql', 'power bi', 'excel']"
2567,Deloitte,BI Analyst,Pune,Onsite,Contract,0,AWS|Azure|Statistics|Spark|Machine Learning|Airflow,8.3,2023-03-05,"['machine learning', 'statistics', 'aws', 'airflow', 'spark', 'azure']"
2568,Infosys,Business Analyst,Mumbai,Remote,Contract,2,Data Warehousing|Python|SQL|Power BI|NumPy,11.7,2023-09-22,"['numpy', 'sql', 'power bi', 'data warehousing', 'python']"
2569,Walmart,Data Scientist,Pune,Onsite,Internship,6,Data Warehousing|Azure|Power BI|Spark|Excel|Statistics,23.2,2023-01-20,"['statistics', 'excel', 'power bi', 'spark', 'data warehousing', 'azure']"
2570,Freshworks,BI Analyst,Pune,Onsite,Contract,4,Excel|Machine Learning|Git|Docker|Pandas|Power BI|Airflow,17.15,2023-09-14,"['machine learning', 'excel', 'git', 'airflow', 'power bi', 'pandas', 'docker']"
2571,Freshworks,BI Analyst,Pune,Hybrid,Contract,8,Machine Learning|Python|Statistics|ETL|Airflow|Spark|AWS|Excel,26.9,2023-02-24,"['machine learning', 'statistics', 'aws', 'excel', 'airflow', 'spark', 'etl', 'python']"
2572,Razorpay,Data Analyst,Mumbai,Onsite,Full-time,2,Data Warehousing|Git|ETL|Power BI|Machine Learning|Excel|Docker|NumPy,12.3,2024-06-08,"['machine learning', 'numpy', 'excel', 'git', 'power bi', 'etl', 'data warehousing', 'docker']"
2573,TCS,BI Analyst,Remote,Hybrid,Full-time,1,Machine Learning|Tableau|Statistics|Python|Docker|Pandas|ETL,9.94,2024-03-10,"['machine learning', 'statistics', 'pandas', 'etl', 'tableau', 'python', 'docker']"
2574,Microsoft,Senior Data Analyst,Pune,Hybrid,Contract,6,Data Warehousing|Python|Airflow|Tableau|SQL|Spark|Azure,20.5,2024-08-14,"['sql', 'airflow', 'spark', 'data warehousing', 'tableau', 'python', 'azure']"
2575,Accenture,Data Scientist,Remote,Hybrid,Full-time,1,Git|NumPy|Data Warehousing|SQL|Power BI,10.67,2024-01-05,"['numpy', 'git', 'sql', 'power bi', 'data warehousing']"
2576,Cognizant,Senior Data Analyst,Mumbai,Onsite,Internship,4,Airflow|Python|SQL|AWS,14.17,2023-09-25,"['sql', 'aws', 'python', 'airflow']"
2577,Walmart,Data Analyst,Pune,Hybrid,Full-time,8,Python|Tableau|Statistics|Data Warehousing|Spark|Machine Learning|Azure,28.2,2024-01-11,"['machine learning', 'statistics', 'spark', 'data warehousing', 'tableau', 'python', 'azure']"
2578,Zoho,Data Analyst,Hyderabad,Onsite,Contract,7,Tableau|SQL|Statistics|Docker|Excel|Python|Airflow,22.93,2024-08-15,"['statistics', 'excel', 'sql', 'airflow', 'tableau', 'python', 'docker']"
2579,Flipkart,Data Scientist,Delhi,Onsite,Full-time,7,Airflow|Git|Spark|Power BI|Azure|Excel|NumPy|SQL,26.92,2023-04-04,"['numpy', 'excel', 'git', 'sql', 'airflow', 'power bi', 'spark', 'azure']"
2580,Swiggy,Analytics Engineer,Pune,Remote,Full-time,0,ETL|SQL|Docker|Data Warehousing,5.09,2023-06-30,"['data warehousing', 'sql', 'etl', 'docker']"
2581,Amazon,Senior Data Analyst,Delhi,Remote,Full-time,0,Spark|AWS|ETL|Statistics|Power BI,6.11,2024-09-24,"['statistics', 'aws', 'power bi', 'spark', 'etl']"
2582,Freshworks,Data Analyst,Remote,Remote,Internship,1,Pandas|ETL|Data Warehousing|AWS,7.31,2024-04-16,"['data warehousing', 'pandas', 'etl', 'aws']"
2583,Microsoft,Data Scientist,Pune,Remote,Contract,5,Docker|Azure|AWS|Data Warehousing|Spark,21.26,2023-06-21,"['aws', 'docker', 'spark', 'data warehousing', 'azure']"
2584,Amazon,Business Analyst,Chennai,Remote,Internship,6,Machine Learning|Pandas|Python|Excel|SQL|NumPy|Docker|Airflow,23.32,2023-02-10,"['machine learning', 'numpy', 'excel', 'sql', 'airflow', 'pandas', 'python', 'docker']"
2585,Walmart,Senior Data Analyst,Remote,Onsite,Contract,1,Statistics|Git|ETL|Airflow|AWS,6.33,2024-03-09,"['statistics', 'aws', 'git', 'airflow', 'etl']"
2586,Razorpay,Data Scientist,Pune,Onsite,Internship,7,Tableau|Airflow|ETL|Python|Machine Learning|Pandas|Spark,29.39,2023-11-05,"['machine learning', 'airflow', 'pandas', 'spark', 'etl', 'tableau', 'python']"
2587,Microsoft,Data Scientist,Mumbai,Onsite,Full-time,0,Data Warehousing|AWS|ETL|Spark|NumPy|Machine Learning,10.32,2024-09-18,"['machine learning', 'numpy', 'aws', 'spark', 'etl', 'data warehousing']"
2588,Flipkart,Analytics Engineer,Bengaluru,Remote,Contract,0,Azure|Airflow|Power BI|Excel|Spark,7.33,2023-09-29,"['excel', 'airflow', 'power bi', 'spark', 'azure']"
2589,Swiggy,Data Analyst,Hyderabad,Hybrid,Full-time,8,NumPy|Pandas|Excel|ETL|Airflow|Tableau|Docker,24.27,2023-04-10,"['numpy', 'excel', 'airflow', 'etl', 'tableau', 'pandas', 'docker']"
2590,Paytm,Data Analyst,Mumbai,Remote,Internship,0,Spark|Power BI|Machine Learning|Excel|NumPy|Azure|Airflow|Git,9.99,2023-11-26,"['machine learning', 'numpy', 'excel', 'git', 'airflow', 'power bi', 'spark', 'azure']"
2591,Deloitte,Business Analyst,Pune,Onsite,Internship,2,Statistics|Spark|Docker|AWS,9.5,2023-02-23,"['spark', 'statistics', 'aws', 'docker']"
2592,Microsoft,BI Analyst,Remote,Hybrid,Contract,3,Python|SQL|Git|Power BI|Docker|Azure,10.46,2024-09-22,"['git', 'sql', 'power bi', 'azure', 'python', 'docker']"
2593,Walmart,Data Scientist,Remote,Onsite,Internship,2,Azure|Data Warehousing|Excel|Machine Learning,16.22,2024-05-10,"['data warehousing', 'machine learning', 'azure', 'excel']"
2594,Deloitte,Data Analyst,Mumbai,Remote,Contract,2,AWS|ETL|Azure|Excel,9.84,2023-11-09,"['azure', 'etl', 'aws', 'excel']"
2595,Paytm,Data Analyst,Mumbai,Hybrid,Full-time,4,Statistics|Git|SQL|Data Warehousing|Spark,13.92,2023-07-04,"['statistics', 'git', 'sql', 'spark', 'data warehousing']"
2596,Razorpay,Senior Data Analyst,Mumbai,Onsite,Internship,6,Git|Pandas|Statistics|ETL,18.31,2023-05-28,"['git', 'pandas', 'etl', 'statistics']"
2597,Microsoft,Business Analyst,Chennai,Hybrid,Contract,6,Docker|Git|AWS|Machine Learning|Data Warehousing|Statistics|Spark,21.49,2023-09-22,"['machine learning', 'statistics', 'aws', 'git', 'spark', 'data warehousing', 'docker']"
2598,Swiggy,Senior Data Analyst,Delhi,Remote,Full-time,1,Machine Learning|Python|SQL|AWS|Power BI,12.45,2024-03-01,"['machine learning', 'aws', 'sql', 'power bi', 'python']"
2599,Zoho,Data Scientist,Hyderabad,Hybrid,Internship,5,Docker|Pandas|Spark|Statistics|ETL|Azure|SQL|AWS,21.69,2024-06-12,"['statistics', 'aws', 'sql', 'spark', 'azure', 'etl', 'pandas', 'docker']"
2600,Zoho,Data Analyst,Mumbai,Onsite,Contract,1,Machine Learning|AWS|Airflow|Excel|Statistics,10.16,2024-11-16,"['machine learning', 'statistics', 'aws', 'excel', 'airflow']"
2601,Swiggy,BI Analyst,Pune,Onsite,Full-time,1,Spark|Docker|Machine Learning|Airflow,8.4,2023-09-03,"['spark', 'machine learning', 'airflow', 'docker']"
2602,Accenture,BI Analyst,Pune,Onsite,Internship,0,Azure|Machine Learning|ETL|Python|Pandas|Tableau|SQL,7.62,2024-04-05,"['machine learning', 'sql', 'etl', 'tableau', 'pandas', 'python', 'azure']"
2603,Swiggy,Senior Data Analyst,Hyderabad,Remote,Full-time,3,SQL|NumPy|Docker|Statistics|Azure,13.75,2024-05-18,"['numpy', 'statistics', 'sql', 'docker', 'azure']"
2604,Walmart,Analytics Engineer,Pune,Onsite,Full-time,6,AWS|Data Warehousing|Statistics|Docker|Pandas,17.69,2023-04-18,"['statistics', 'aws', 'data warehousing', 'pandas', 'docker']"
2605,Deloitte,Data Scientist,Mumbai,Hybrid,Contract,1,Python|ETL|Machine Learning|Docker|Power BI,14.27,2023-02-18,"['machine learning', 'power bi', 'etl', 'python', 'docker']"
2606,Zoho,BI Analyst,Mumbai,Hybrid,Contract,1,AWS|Spark|Data Warehousing|Docker|Machine Learning|Pandas,8.69,2024-03-19,"['machine learning', 'aws', 'spark', 'data warehousing', 'pandas', 'docker']"
2607,Paytm,Data Scientist,Remote,Remote,Full-time,4,Data Warehousing|Python|Power BI|Azure,19.57,2023-12-13,"['data warehousing', 'python', 'azure', 'power bi']"
2608,Cognizant,Data Analyst,Mumbai,Remote,Full-time,2,Airflow|Docker|AWS|Python|Pandas|Git|Excel|NumPy,10.58,2023-11-14,"['numpy', 'aws', 'excel', 'git', 'airflow', 'pandas', 'python', 'docker']"
2609,Amazon,Analytics Engineer,Hyderabad,Onsite,Internship,8,AWS|Git|ETL|Python|Pandas,22.74,2023-08-14,"['aws', 'git', 'etl', 'pandas', 'python']"
2610,Walmart,Business Analyst,Bengaluru,Onsite,Internship,8,Git|Power BI|Airflow|Spark|Data Warehousing|ETL|Tableau|Docker,25.8,2024-01-26,"['git', 'airflow', 'power bi', 'spark', 'etl', 'data warehousing', 'tableau', 'docker']"
2611,Swiggy,BI Analyst,Pune,Remote,Full-time,4,Git|ETL|Machine Learning|NumPy|Power BI,18.99,2023-12-13,"['machine learning', 'numpy', 'git', 'power bi', 'etl']"
2612,Deloitte,BI Analyst,Pune,Hybrid,Contract,2,Git|Airflow|Python|Spark|Tableau|Power BI|Data Warehousing|Machine Learning,11.18,2023-10-03,"['machine learning', 'git', 'airflow', 'power bi', 'spark', 'data warehousing', 'tableau', 'python']"
2613,Swiggy,Data Analyst,Chennai,Remote,Contract,0,Pandas|Statistics|Docker|Tableau|Excel|Azure|Spark,5.1,2023-09-06,"['statistics', 'excel', 'pandas', 'spark', 'azure', 'tableau', 'docker']"
2614,Infosys,BI Analyst,Remote,Onsite,Contract,2,Excel|Git|Statistics|Azure|Spark,8.26,2023-08-07,"['statistics', 'excel', 'git', 'spark', 'azure']"
2615,Flipkart,Analytics Engineer,Hyderabad,Remote,Full-time,5,ETL|NumPy|Python|Power BI|Airflow|Statistics|Tableau|Docker,18.95,2024-04-03,"['numpy', 'statistics', 'airflow', 'power bi', 'etl', 'tableau', 'python', 'docker']"
2616,Cognizant,Senior Data Analyst,Pune,Remote,Full-time,2,SQL|Excel|Pandas|Git|Docker|ETL,11.18,2024-12-01,"['excel', 'git', 'sql', 'etl', 'pandas', 'docker']"
2617,Flipkart,Analytics Engineer,Mumbai,Onsite,Internship,7,SQL|AWS|Data Warehousing|Git|NumPy|Statistics|Machine Learning,25.37,2024-03-07,"['machine learning', 'numpy', 'statistics', 'aws', 'git', 'sql', 'data warehousing']"
2618,Microsoft,Senior Data Analyst,Bengaluru,Hybrid,Internship,6,Statistics|Airflow|Docker|ETL|Pandas|NumPy|AWS,21.04,2023-09-28,"['statistics', 'numpy', 'aws', 'airflow', 'etl', 'pandas', 'docker']"
2619,Microsoft,Data Scientist,Delhi,Onsite,Contract,6,Statistics|NumPy|Power BI|Spark|Git|AWS|SQL,23.13,2023-12-05,"['numpy', 'statistics', 'aws', 'git', 'sql', 'power bi', 'spark']"
2620,Microsoft,Analytics Engineer,Delhi,Remote,Internship,7,Python|Data Warehousing|Azure|Docker|NumPy|Power BI|Tableau,24.32,2024-08-19,"['numpy', 'docker', 'power bi', 'data warehousing', 'tableau', 'python', 'azure']"
2621,Deloitte,Data Scientist,Bengaluru,Remote,Full-time,4,Docker|Machine Learning|Python|Statistics|NumPy,24.78,2023-07-31,"['machine learning', 'statistics', 'numpy', 'python', 'docker']"
2622,TCS,Data Analyst,Bengaluru,Remote,Contract,2,Statistics|Data Warehousing|AWS|Machine Learning,14.72,2024-05-31,"['data warehousing', 'machine learning', 'statistics', 'aws']"
2623,Flipkart,Data Analyst,Mumbai,Onsite,Full-time,6,Statistics|Data Warehousing|Pandas|NumPy|Machine Learning,23.17,2024-07-15,"['machine learning', 'numpy', 'statistics', 'data warehousing', 'pandas']"
2624,Microsoft,Data Analyst,Hyderabad,Hybrid,Contract,8,Tableau|Spark|Docker|Data Warehousing,25.01,2023-07-22,"['spark', 'tableau', 'docker', 'data warehousing']"
2625,TCS,BI Analyst,Mumbai,Hybrid,Contract,7,Excel|Git|Statistics|Power BI,22.99,2024-01-26,"['git', 'statistics', 'power bi', 'excel']"
2626,Flipkart,Analytics Engineer,Chennai,Remote,Contract,6,Spark|Git|Data Warehousing|AWS|Azure|Excel|Pandas|Statistics,20.83,2024-01-15,"['statistics', 'aws', 'excel', 'git', 'spark', 'data warehousing', 'pandas', 'azure']"
2627,TCS,Data Analyst,Bengaluru,Hybrid,Contract,5,Statistics|Airflow|Power BI|AWS|Spark|Azure,17.9,2024-01-09,"['statistics', 'aws', 'airflow', 'power bi', 'spark', 'azure']"
2628,Flipkart,Data Analyst,Delhi,Remote,Contract,8,Spark|Pandas|Data Warehousing|ETL|Power BI,24.43,2023-03-05,"['power bi', 'spark', 'etl', 'data warehousing', 'pandas']"
2629,Accenture,Data Scientist,Delhi,Remote,Contract,8,Pandas|Power BI|NumPy|Azure|Data Warehousing|SQL|Spark|AWS,28.28,2024-01-19,"['numpy', 'aws', 'sql', 'power bi', 'spark', 'data warehousing', 'pandas', 'azure']"
2630,Paytm,Senior Data Analyst,Hyderabad,Hybrid,Contract,4,Excel|SQL|Airflow|Tableau|Python|Azure,13.66,2024-09-29,"['excel', 'sql', 'airflow', 'tableau', 'python', 'azure']"
2631,Flipkart,BI Analyst,Hyderabad,Remote,Full-time,3,Data Warehousing|Excel|ETL|Python,13.55,2023-09-05,"['data warehousing', 'python', 'etl', 'excel']"
2632,Amazon,Data Scientist,Hyderabad,Remote,Full-time,1,AWS|Data Warehousing|Python|Spark|Docker,13.5,2024-03-22,"['aws', 'spark', 'data warehousing', 'python', 'docker']"
2633,Walmart,Senior Data Analyst,Chennai,Remote,Contract,0,Machine Learning|Power BI|ETL|Airflow|Spark|SQL|Data Warehousing|Python,8.98,2023-12-29,"['machine learning', 'sql', 'airflow', 'power bi', 'spark', 'etl', 'data warehousing', 'python']"
2634,Amazon,Analytics Engineer,Hyderabad,Remote,Contract,5,SQL|Python|Excel|Docker|Statistics|AWS|Git|Data Warehousing,19.21,2023-11-29,"['statistics', 'aws', 'excel', 'git', 'sql', 'data warehousing', 'python', 'docker']"
2635,Swiggy,BI Analyst,Chennai,Remote,Internship,0,Power BI|Tableau|ETL|Airflow,6.93,2023-09-26,"['tableau', 'etl', 'airflow', 'power bi']"
2636,Accenture,Data Scientist,Pune,Remote,Internship,5,Power BI|NumPy|Tableau|AWS|Airflow|Azure|Docker,23.18,2024-03-13,"['numpy', 'aws', 'docker', 'airflow', 'power bi', 'tableau', 'azure']"
2637,Accenture,BI Analyst,Bengaluru,Onsite,Internship,1,ETL|Statistics|Excel|Docker|Power BI,7.08,2023-06-19,"['statistics', 'excel', 'power bi', 'etl', 'docker']"
2638,Cognizant,Data Analyst,Bengaluru,Onsite,Full-time,3,Power BI|Statistics|Python|SQL|Excel|AWS|Airflow|Machine Learning,16.58,2024-09-08,"['machine learning', 'statistics', 'aws', 'excel', 'sql', 'airflow', 'power bi', 'python']"
2639,TCS,Analytics Engineer,Bengaluru,Remote,Full-time,8,Power BI|Airflow|Azure|NumPy|Excel|Pandas|Data Warehousing|Tableau,28.03,2024-08-27,"['numpy', 'tableau', 'excel', 'airflow', 'power bi', 'data warehousing', 'pandas', 'azure']"
2640,Walmart,Analytics Engineer,Mumbai,Remote,Contract,2,NumPy|Data Warehousing|Pandas|ETL,11.09,2023-04-07,"['data warehousing', 'numpy', 'etl', 'pandas']"
2641,Infosys,Business Analyst,Pune,Onsite,Internship,3,Airflow|ETL|Python|Excel|Spark|Data Warehousing|SQL,12.57,2023-08-11,"['excel', 'sql', 'airflow', 'spark', 'etl', 'data warehousing', 'python']"
2642,Razorpay,Analytics Engineer,Delhi,Onsite,Contract,1,Tableau|ETL|Excel|Python|Pandas|Docker|SQL|Data Warehousing,5.48,2023-09-12,"['excel', 'sql', 'data warehousing', 'etl', 'tableau', 'pandas', 'python', 'docker']"
2643,Walmart,Senior Data Analyst,Chennai,Onsite,Contract,5,Python|ETL|SQL|Excel|Machine Learning|Statistics|NumPy,20.15,2024-04-09,"['machine learning', 'statistics', 'numpy', 'excel', 'sql', 'etl', 'python']"
2644,Zoho,Data Scientist,Hyderabad,Onsite,Internship,2,Git|Excel|Tableau|SQL|NumPy|Spark,11.58,2023-07-20,"['numpy', 'excel', 'git', 'sql', 'spark', 'tableau']"
2645,Walmart,BI Analyst,Delhi,Hybrid,Internship,8,Power BI|SQL|Pandas|Airflow,25.41,2023-07-12,"['pandas', 'sql', 'airflow', 'power bi']"
2646,Flipkart,Analytics Engineer,Bengaluru,Onsite,Contract,6,SQL|Docker|NumPy|ETL|Statistics,21.28,2023-10-15,"['numpy', 'statistics', 'sql', 'etl', 'docker']"
2647,Freshworks,Analytics Engineer,Bengaluru,Onsite,Contract,6,Statistics|Excel|Airflow|Tableau|Docker|Spark|Data Warehousing,19.82,2024-11-28,"['statistics', 'excel', 'airflow', 'spark', 'data warehousing', 'tableau', 'docker']"
2648,Zoho,Analytics Engineer,Bengaluru,Remote,Full-time,0,ETL|Power BI|Excel|Azure,6.59,2023-07-06,"['etl', 'excel', 'azure', 'power bi']"
2649,Microsoft,Senior Data Analyst,Remote,Hybrid,Internship,3,Airflow|Azure|Git|Machine Learning,13.86,2024-07-08,"['git', 'azure', 'machine learning', 'airflow']"
2650,Walmart,Analytics Engineer,Delhi,Onsite,Full-time,8,Pandas|Statistics|ETL|Data Warehousing|AWS,24.23,2023-07-10,"['statistics', 'aws', 'etl', 'data warehousing', 'pandas']"
2651,Amazon,Analytics Engineer,Remote,Onsite,Internship,5,Excel|Spark|Machine Learning|Pandas|ETL|Data Warehousing|Docker|Azure,19.86,2023-04-28,"['machine learning', 'excel', 'spark', 'azure', 'etl', 'data warehousing', 'pandas', 'docker']"
2652,Deloitte,BI Analyst,Pune,Hybrid,Internship,0,AWS|Pandas|Airflow|Git|Tableau,4.18,2023-07-31,"['aws', 'git', 'airflow', 'tableau', 'pandas']"
2653,Microsoft,Data Scientist,Bengaluru,Onsite,Contract,7,Airflow|NumPy|Power BI|Tableau|Machine Learning,31.08,2024-02-26,"['machine learning', 'numpy', 'airflow', 'power bi', 'tableau']"
2654,TCS,BI Analyst,Delhi,Hybrid,Full-time,5,AWS|Docker|NumPy|Airflow|Excel|Machine Learning|Git|Statistics,19.18,2024-05-17,"['machine learning', 'numpy', 'statistics', 'aws', 'excel', 'git', 'airflow', 'docker']"
2655,Zoho,Business Analyst,Pune,Hybrid,Contract,0,Statistics|Tableau|Data Warehousing|Pandas|Docker|Power BI|AWS,2.61,2023-09-24,"['statistics', 'aws', 'pandas', 'power bi', 'data warehousing', 'tableau', 'docker']"
2656,Microsoft,Analytics Engineer,Remote,Hybrid,Contract,4,Data Warehousing|Tableau|SQL|Spark,14.9,2024-01-14,"['data warehousing', 'spark', 'tableau', 'sql']"
2657,Zoho,Business Analyst,Bengaluru,Onsite,Full-time,8,AWS|NumPy|Spark|ETL,26.12,2023-05-02,"['spark', 'numpy', 'etl', 'aws']"
2658,Accenture,Senior Data Analyst,Mumbai,Remote,Contract,6,NumPy|Airflow|SQL|Git,20.2,2023-01-23,"['git', 'numpy', 'sql', 'airflow']"
2659,Amazon,Senior Data Analyst,Pune,Remote,Full-time,5,Airflow|Spark|Git|Excel|Power BI|ETL,17.64,2023-09-19,"['excel', 'git', 'airflow', 'power bi', 'spark', 'etl']"
2660,Microsoft,BI Analyst,Remote,Remote,Contract,7,Machine Learning|Python|Tableau|Excel,26.4,2023-11-19,"['machine learning', 'tableau', 'python', 'excel']"
2661,Paytm,Senior Data Analyst,Mumbai,Hybrid,Contract,5,Docker|Python|ETL|Tableau|Git|SQL|Spark,17.94,2023-06-05,"['git', 'sql', 'spark', 'etl', 'tableau', 'python', 'docker']"
2662,Zoho,Business Analyst,Delhi,Onsite,Internship,3,Airflow|ETL|Git|Excel|Azure|Power BI|SQL|Statistics,12.39,2023-08-26,"['statistics', 'excel', 'git', 'sql', 'airflow', 'power bi', 'etl', 'azure']"
2663,Cognizant,Senior Data Analyst,Remote,Remote,Internship,0,Azure|Git|Python|Airflow|AWS|Tableau|Excel|ETL,5.72,2024-02-21,"['aws', 'excel', 'git', 'airflow', 'etl', 'tableau', 'python', 'azure']"
2664,Walmart,Senior Data Analyst,Hyderabad,Hybrid,Internship,0,Tableau|Power BI|Data Warehousing|NumPy|Airflow|Spark|Excel|Python,4.08,2023-09-15,"['numpy', 'excel', 'airflow', 'power bi', 'spark', 'data warehousing', 'tableau', 'python']"
2665,Swiggy,Senior Data Analyst,Mumbai,Hybrid,Internship,3,Git|SQL|Python|Spark|NumPy|Power BI|Statistics,11.98,2023-12-10,"['numpy', 'statistics', 'git', 'sql', 'power bi', 'spark', 'python']"
2666,Cognizant,Data Analyst,Pune,Hybrid,Full-time,4,Spark|Machine Learning|Excel|AWS|Data Warehousing,16.49,2023-05-22,"['machine learning', 'aws', 'excel', 'spark', 'data warehousing']"
2667,TCS,Data Scientist,Bengaluru,Onsite,Internship,7,Docker|Excel|Statistics|Pandas|Power BI|Machine Learning,30.24,2023-03-10,"['machine learning', 'statistics', 'excel', 'power bi', 'pandas', 'docker']"
2668,Cognizant,BI Analyst,Delhi,Hybrid,Internship,3,AWS|Git|Data Warehousing|Azure|Airflow|Excel,10.55,2023-11-17,"['aws', 'excel', 'git', 'airflow', 'data warehousing', 'azure']"
2669,Freshworks,Data Analyst,Mumbai,Remote,Full-time,6,Statistics|Pandas|NumPy|Excel|Spark,21.16,2024-11-30,"['numpy', 'statistics', 'excel', 'spark', 'pandas']"
2670,Paytm,Data Analyst,Chennai,Remote,Full-time,1,Python|Git|Machine Learning|SQL|Power BI|Azure|AWS,10.51,2024-02-19,"['machine learning', 'aws', 'git', 'sql', 'power bi', 'python', 'azure']"
2671,Walmart,Data Scientist,Bengaluru,Remote,Internship,3,Machine Learning|AWS|Data Warehousing|Excel,21.37,2024-10-02,"['data warehousing', 'machine learning', 'aws', 'excel']"
2672,Freshworks,Data Scientist,Delhi,Onsite,Contract,3,Spark|Excel|Airflow|Docker|Machine Learning|Tableau,17.51,2024-07-01,"['machine learning', 'excel', 'airflow', 'spark', 'tableau', 'docker']"
2673,Microsoft,Data Scientist,Chennai,Hybrid,Full-time,5,ETL|Tableau|Azure|Data Warehousing|Python|Power BI|NumPy,20.91,2024-04-28,"['numpy', 'power bi', 'etl', 'data warehousing', 'tableau', 'python', 'azure']"
2674,Microsoft,Data Analyst,Remote,Remote,Contract,5,Excel|Power BI|Docker|Machine Learning|Statistics|Python|Azure|Git,19.72,2023-01-03,"['machine learning', 'statistics', 'excel', 'git', 'power bi', 'azure', 'python', 'docker']"
2675,Microsoft,Data Scientist,Pune,Hybrid,Full-time,1,Docker|Tableau|SQL|Excel,10.15,2024-10-27,"['tableau', 'sql', 'docker', 'excel']"
2676,Razorpay,Data Analyst,Hyderabad,Remote,Full-time,8,SQL|Git|Pandas|Airflow|Excel,24.91,2024-05-16,"['excel', 'git', 'sql', 'airflow', 'pandas']"
2677,Walmart,Data Scientist,Mumbai,Remote,Contract,8,Azure|Pandas|Tableau|Statistics|Spark|Data Warehousing|Docker|Excel,30.91,2024-05-22,"['statistics', 'excel', 'docker', 'pandas', 'spark', 'data warehousing', 'tableau', 'azure']"
2678,Razorpay,Data Analyst,Hyderabad,Onsite,Full-time,0,Tableau|Excel|Pandas|Data Warehousing|Power BI|Git|SQL,4.45,2024-07-22,"['excel', 'git', 'sql', 'power bi', 'data warehousing', 'tableau', 'pandas']"
2679,Paytm,Analytics Engineer,Mumbai,Hybrid,Full-time,2,Airflow|ETL|AWS|Git|Python,8.72,2023-01-20,"['aws', 'git', 'airflow', 'etl', 'python']"
2680,Zoho,Analytics Engineer,Pune,Onsite,Internship,6,NumPy|Data Warehousing|Docker|AWS|Azure|Pandas,18.42,2024-11-15,"['numpy', 'aws', 'docker', 'data warehousing', 'pandas', 'azure']"
2681,Walmart,Business Analyst,Pune,Onsite,Full-time,1,Python|NumPy|Azure|Spark,7.27,2024-08-30,"['spark', 'numpy', 'python', 'azure']"
2682,Zoho,BI Analyst,Remote,Remote,Internship,0,ETL|SQL|Machine Learning|Azure|Git,9.76,2024-03-21,"['machine learning', 'git', 'sql', 'etl', 'azure']"
2683,Deloitte,Business Analyst,Hyderabad,Hybrid,Internship,2,ETL|SQL|AWS|Machine Learning,11.31,2023-06-08,"['machine learning', 'sql', 'etl', 'aws']"
2684,Infosys,Data Scientist,Pune,Hybrid,Internship,6,AWS|Git|Docker|NumPy|Azure|Power BI|Data Warehousing,24.06,2023-10-21,"['numpy', 'aws', 'git', 'power bi', 'azure', 'data warehousing', 'docker']"
2685,TCS,Senior Data Analyst,Delhi,Hybrid,Full-time,5,Azure|Git|Power BI|NumPy|Statistics|Docker|Pandas,17.32,2024-06-06,"['numpy', 'statistics', 'git', 'docker', 'power bi', 'pandas', 'azure']"
2686,Flipkart,Analytics Engineer,Hyderabad,Hybrid,Full-time,1,Machine Learning|ETL|Statistics|AWS|Pandas|Python|Spark,10.29,2023-06-02,"['machine learning', 'statistics', 'aws', 'spark', 'etl', 'pandas', 'python']"
2687,Zoho,Business Analyst,Remote,Remote,Contract,6,Airflow|Statistics|Python|Tableau|Power BI,20.99,2023-09-19,"['statistics', 'airflow', 'power bi', 'tableau', 'python']"
2688,Razorpay,Business Analyst,Remote,Hybrid,Full-time,5,Statistics|Data Warehousing|Python|AWS|Spark|Git|ETL,17.28,2024-01-26,"['statistics', 'aws', 'git', 'spark', 'etl', 'data warehousing', 'python']"
2689,Freshworks,Senior Data Analyst,Pune,Remote,Contract,1,Data Warehousing|Azure|Power BI|ETL|Git|Excel|Statistics,7.6,2023-05-09,"['statistics', 'excel', 'git', 'power bi', 'etl', 'data warehousing', 'azure']"
2690,Zoho,Data Scientist,Chennai,Onsite,Internship,8,ETL|Python|Data Warehousing|Spark|Airflow,28.67,2024-02-22,"['airflow', 'spark', 'etl', 'data warehousing', 'python']"
2691,Deloitte,Business Analyst,Hyderabad,Onsite,Full-time,3,ETL|Docker|Tableau|Git|Excel,12.83,2024-02-14,"['excel', 'git', 'etl', 'tableau', 'docker']"
2692,Amazon,Analytics Engineer,Remote,Remote,Full-time,3,Excel|Statistics|ETL|Azure|Power BI|Airflow|Pandas,11.81,2023-08-27,"['statistics', 'excel', 'airflow', 'power bi', 'etl', 'pandas', 'azure']"
2693,Infosys,Data Scientist,Hyderabad,Hybrid,Full-time,7,Python|AWS|Power BI|Azure,24.61,2024-04-01,"['azure', 'python', 'aws', 'power bi']"
2694,Razorpay,Senior Data Analyst,Delhi,Remote,Contract,3,Statistics|NumPy|Azure|SQL|Git,13.04,2024-06-30,"['numpy', 'statistics', 'git', 'sql', 'azure']"
2695,Infosys,Senior Data Analyst,Mumbai,Remote,Contract,6,Excel|Spark|Azure|Statistics,19.81,2023-08-13,"['spark', 'statistics', 'azure', 'excel']"
2696,Paytm,Data Analyst,Mumbai,Onsite,Contract,8,Tableau|ETL|NumPy|AWS|Azure|Git,24.38,2023-10-30,"['numpy', 'aws', 'git', 'etl', 'tableau', 'azure']"
2697,Razorpay,Data Scientist,Delhi,Remote,Internship,5,AWS|Excel|SQL|Pandas|Statistics|Azure,21.17,2024-09-27,"['statistics', 'aws', 'excel', 'sql', 'pandas', 'azure']"
2698,Amazon,Business Analyst,Remote,Hybrid,Contract,6,Python|Azure|Tableau|Spark|Power BI|ETL,19.44,2024-09-08,"['power bi', 'spark', 'etl', 'tableau', 'python', 'azure']"
2699,Razorpay,Analytics Engineer,Hyderabad,Remote,Internship,8,NumPy|Machine Learning|Spark|Power BI|ETL|Airflow,28.72,2023-08-15,"['machine learning', 'numpy', 'airflow', 'power bi', 'spark', 'etl']"
2700,Deloitte,BI Analyst,Bengaluru,Remote,Internship,7,NumPy|Data Warehousing|SQL|Spark|Pandas|Python|Tableau|Power BI,24.62,2024-08-18,"['numpy', 'tableau', 'sql', 'power bi', 'spark', 'data warehousing', 'pandas', 'python']"
2701,Swiggy,BI Analyst,Pune,Hybrid,Internship,5,Power BI|Python|Data Warehousing|Pandas|ETL|NumPy,16.95,2024-02-19,"['numpy', 'power bi', 'etl', 'data warehousing', 'pandas', 'python']"
2702,Walmart,Data Scientist,Remote,Hybrid,Internship,0,Git|Statistics|Excel|ETL|NumPy|Docker|SQL,8.2,2024-11-25,"['statistics', 'numpy', 'excel', 'git', 'sql', 'etl', 'docker']"
2703,Flipkart,BI Analyst,Hyderabad,Remote,Contract,3,Spark|Power BI|Git|Data Warehousing|Python,12.06,2023-05-31,"['git', 'power bi', 'spark', 'data warehousing', 'python']"
2704,Paytm,BI Analyst,Pune,Onsite,Internship,2,Tableau|Azure|Pandas|AWS|Airflow,8.83,2023-07-30,"['aws', 'airflow', 'pandas', 'tableau', 'azure']"
2705,Deloitte,Data Scientist,Bengaluru,Onsite,Internship,6,Machine Learning|Azure|Git|AWS|Excel,28.19,2023-11-25,"['machine learning', 'aws', 'excel', 'git', 'azure']"
2706,Amazon,Senior Data Analyst,Mumbai,Hybrid,Internship,6,Docker|Spark|Tableau|SQL|Statistics|Python,17.59,2023-06-03,"['statistics', 'sql', 'spark', 'tableau', 'python', 'docker']"
2707,Swiggy,Data Analyst,Hyderabad,Remote,Internship,0,Git|NumPy|ETL|Azure|Data Warehousing,6.92,2023-12-26,"['numpy', 'git', 'etl', 'data warehousing', 'azure']"
2708,Microsoft,BI Analyst,Mumbai,Hybrid,Full-time,7,Pandas|Data Warehousing|Spark|Tableau|Excel,21.69,2024-09-04,"['tableau', 'excel', 'spark', 'data warehousing', 'pandas']"
2709,Deloitte,BI Analyst,Bengaluru,Hybrid,Internship,6,Tableau|Data Warehousing|Python|AWS,21.06,2024-02-10,"['data warehousing', 'tableau', 'python', 'aws']"
2710,Swiggy,Data Scientist,Mumbai,Remote,Internship,0,NumPy|Excel|Data Warehousing|ETL|Docker|Statistics|Machine Learning,11.59,2024-04-25,"['machine learning', 'numpy', 'statistics', 'excel', 'etl', 'data warehousing', 'docker']"
2711,Cognizant,Senior Data Analyst,Delhi,Onsite,Contract,5,Power BI|ETL|NumPy|Airflow|Python|AWS,15.59,2023-04-10,"['numpy', 'aws', 'airflow', 'power bi', 'etl', 'python']"
2712,Cognizant,Senior Data Analyst,Pune,Hybrid,Contract,5,Tableau|Python|Excel|Pandas|Airflow|Statistics|Data Warehousing|Git,17.51,2023-09-19,"['statistics', 'excel', 'git', 'airflow', 'data warehousing', 'tableau', 'pandas', 'python']"
2713,Infosys,Business Analyst,Mumbai,Remote,Contract,3,Git|SQL|Spark|Airflow|Docker|Data Warehousing|Pandas|Power BI,13.48,2024-02-03,"['git', 'sql', 'airflow', 'power bi', 'spark', 'data warehousing', 'pandas', 'docker']"
2714,Deloitte,Senior Data Analyst,Bengaluru,Remote,Internship,1,NumPy|Git|Machine Learning|Airflow|Excel|Spark|Statistics|Azure,14.27,2024-07-06,"['machine learning', 'numpy', 'statistics', 'excel', 'git', 'airflow', 'spark', 'azure']"
2715,Cognizant,Business Analyst,Mumbai,Hybrid,Contract,7,Statistics|Machine Learning|Pandas|Python|AWS|NumPy,23.64,2023-02-11,"['machine learning', 'statistics', 'numpy', 'aws', 'pandas', 'python']"
2716,Paytm,Business Analyst,Remote,Remote,Contract,5,Excel|Statistics|Python|Machine Learning,21.28,2024-11-20,"['machine learning', 'statistics', 'python', 'excel']"
2717,Cognizant,Senior Data Analyst,Mumbai,Hybrid,Full-time,6,Pandas|Machine Learning|Git|Tableau|Excel|Docker|Data Warehousing|Airflow,21.49,2023-04-25,"['machine learning', 'excel', 'git', 'airflow', 'data warehousing', 'tableau', 'pandas', 'docker']"
2718,Amazon,Data Analyst,Mumbai,Onsite,Contract,5,SQL|Statistics|Machine Learning|ETL|Data Warehousing|Python|Git,18.99,2023-11-14,"['machine learning', 'statistics', 'git', 'sql', 'etl', 'data warehousing', 'python']"
2719,Microsoft,Analytics Engineer,Pune,Hybrid,Contract,4,Docker|Python|Git|Excel|AWS|ETL|Tableau,13.82,2024-04-15,"['aws', 'excel', 'git', 'etl', 'tableau', 'python', 'docker']"
2720,Infosys,Data Scientist,Bengaluru,Hybrid,Internship,1,Docker|Power BI|ETL|Git,13.96,2023-09-01,"['git', 'etl', 'docker', 'power bi']"
2721,Cognizant,Analytics Engineer,Bengaluru,Remote,Full-time,6,Spark|Docker|Data Warehousing|Machine Learning|Git|Airflow,26.71,2023-02-15,"['machine learning', 'git', 'airflow', 'spark', 'data warehousing', 'docker']"
2722,Zoho,Senior Data Analyst,Remote,Remote,Contract,1,Data Warehousing|Statistics|Tableau|Git|Pandas|Power BI,8.64,2024-11-08,"['statistics', 'git', 'pandas', 'power bi', 'data warehousing', 'tableau']"
2723,Accenture,Data Analyst,Remote,Onsite,Full-time,1,Data Warehousing|Azure|Pandas|Spark|Python,6.76,2024-05-08,"['spark', 'data warehousing', 'pandas', 'python', 'azure']"
2724,Walmart,Analytics Engineer,Chennai,Hybrid,Full-time,0,Python|Power BI|ETL|Docker,3.9,2024-07-08,"['python', 'etl', 'docker', 'power bi']"
2725,Razorpay,Senior Data Analyst,Mumbai,Remote,Contract,8,Airflow|Power BI|AWS|Excel,25.74,2023-07-14,"['aws', 'excel', 'airflow', 'power bi']"
2726,Walmart,Data Scientist,Bengaluru,Remote,Full-time,5,Spark|Azure|SQL|AWS,24.72,2024-08-30,"['spark', 'aws', 'sql', 'azure']"
2727,Deloitte,Analytics Engineer,Pune,Onsite,Internship,6,Git|Power BI|Machine Learning|NumPy|Airflow|Azure|Statistics|SQL,20.53,2023-11-15,"['machine learning', 'numpy', 'statistics', 'git', 'sql', 'airflow', 'power bi', 'azure']"
2728,TCS,Business Analyst,Mumbai,Hybrid,Full-time,3,Spark|Python|Statistics|Data Warehousing|SQL,10.46,2024-08-28,"['statistics', 'sql', 'spark', 'data warehousing', 'python']"
2729,Infosys,Business Analyst,Hyderabad,Onsite,Full-time,2,NumPy|Machine Learning|AWS|Pandas,12.19,2023-09-29,"['machine learning', 'numpy', 'aws', 'pandas']"
2730,Deloitte,Data Scientist,Chennai,Remote,Internship,0,ETL|Power BI|Git|Statistics|Docker,9.05,2023-06-08,"['statistics', 'git', 'power bi', 'etl', 'docker']"
2731,Accenture,BI Analyst,Remote,Remote,Full-time,4,Python|Airflow|NumPy|SQL|Docker|Spark|Power BI|Git,16.16,2024-10-27,"['numpy', 'git', 'sql', 'airflow', 'power bi', 'spark', 'python', 'docker']"
2732,Deloitte,Data Analyst,Bengaluru,Onsite,Full-time,6,Spark|Power BI|NumPy|Pandas|Statistics|Azure|SQL|ETL,20.79,2024-10-20,"['numpy', 'statistics', 'sql', 'power bi', 'spark', 'etl', 'pandas', 'azure']"
2733,Amazon,Analytics Engineer,Mumbai,Remote,Contract,1,Excel|Statistics|Docker|Azure,7.09,2023-07-06,"['statistics', 'azure', 'docker', 'excel']"
2734,Walmart,Senior Data Analyst,Remote,Hybrid,Contract,8,Excel|SQL|NumPy|Airflow|Power BI|Tableau|ETL,24.49,2024-09-06,"['numpy', 'excel', 'sql', 'airflow', 'power bi', 'etl', 'tableau']"
2735,Walmart,Analytics Engineer,Mumbai,Hybrid,Contract,8,Tableau|Python|Git|AWS|Spark|NumPy|Azure|SQL,24.14,2023-10-23,"['numpy', 'aws', 'git', 'sql', 'spark', 'tableau', 'python', 'azure']"
2736,Razorpay,Data Analyst,Remote,Onsite,Full-time,5,Power BI|Data Warehousing|ETL|Airflow|Python,16.27,2024-06-15,"['airflow', 'power bi', 'etl', 'data warehousing', 'python']"
2737,Walmart,BI Analyst,Remote,Hybrid,Internship,4,Python|Machine Learning|Excel|Spark,15.63,2024-07-08,"['spark', 'machine learning', 'python', 'excel']"
2738,Microsoft,Data Analyst,Mumbai,Onsite,Contract,7,Machine Learning|SQL|Airflow|Git,24.27,2023-11-30,"['git', 'machine learning', 'sql', 'airflow']"
2739,Flipkart,Senior Data Analyst,Remote,Remote,Full-time,5,Airflow|Python|AWS|Azure,18.99,2024-05-28,"['aws', 'azure', 'python', 'airflow']"
2740,Paytm,BI Analyst,Delhi,Remote,Internship,2,Machine Learning|Azure|NumPy|Git|AWS|Data Warehousing|Tableau,13.64,2023-12-23,"['machine learning', 'numpy', 'aws', 'git', 'data warehousing', 'tableau', 'azure']"
2741,Paytm,Data Scientist,Delhi,Remote,Contract,0,Machine Learning|Excel|AWS|ETL|SQL|Docker|Power BI,11.05,2024-09-27,"['machine learning', 'aws', 'excel', 'sql', 'power bi', 'etl', 'docker']"
2742,Zoho,BI Analyst,Chennai,Hybrid,Full-time,7,Pandas|Azure|Docker|Tableau|ETL|Airflow|Machine Learning,25.26,2024-09-11,"['machine learning', 'airflow', 'pandas', 'azure', 'etl', 'tableau', 'docker']"
2743,Deloitte,Analytics Engineer,Pune,Onsite,Full-time,5,SQL|Tableau|NumPy|Docker|Excel,17.94,2024-02-15,"['numpy', 'excel', 'sql', 'tableau', 'docker']"
2744,Razorpay,BI Analyst,Hyderabad,Remote,Full-time,4,Data Warehousing|Azure|AWS|Python|Power BI|ETL|NumPy,15.34,2024-02-02,"['numpy', 'aws', 'power bi', 'etl', 'data warehousing', 'python', 'azure']"
2745,Accenture,Data Analyst,Mumbai,Remote,Internship,6,Excel|Airflow|NumPy|Python|ETL|Tableau|Data Warehousing,19.81,2024-02-14,"['numpy', 'excel', 'airflow', 'etl', 'data warehousing', 'tableau', 'python']"
2746,Walmart,Analytics Engineer,Delhi,Hybrid,Full-time,6,SQL|Tableau|NumPy|Pandas|Git|Power BI|Statistics,19.55,2023-02-15,"['numpy', 'statistics', 'git', 'sql', 'pandas', 'power bi', 'tableau']"
2747,Amazon,Data Analyst,Chennai,Onsite,Internship,5,Excel|NumPy|SQL|Spark|Power BI|Pandas|Airflow,16.02,2023-12-16,"['numpy', 'excel', 'sql', 'airflow', 'power bi', 'spark', 'pandas']"
2748,Microsoft,BI Analyst,Mumbai,Remote,Contract,0,Data Warehousing|Azure|Spark|Docker,5.8,2023-03-06,"['data warehousing', 'spark', 'docker', 'azure']"
2749,Amazon,Business Analyst,Chennai,Remote,Full-time,1,SQL|Azure|Airflow|Power BI|Python|ETL,7.49,2023-03-31,"['sql', 'airflow', 'power bi', 'etl', 'python', 'azure']"
2750,Paytm,Data Scientist,Hyderabad,Hybrid,Full-time,1,Machine Learning|Spark|Git|NumPy|Python|Pandas|AWS|Azure,12.45,2023-06-03,"['machine learning', 'numpy', 'aws', 'git', 'spark', 'pandas', 'python', 'azure']"
2751,Swiggy,Data Scientist,Chennai,Hybrid,Contract,1,Power BI|Excel|Git|AWS,9.68,2023-04-22,"['git', 'excel', 'aws', 'power bi']"
2752,Paytm,Data Scientist,Remote,Onsite,Contract,1,Python|ETL|Machine Learning|Tableau|Excel|Spark,14.53,2024-04-21,"['machine learning', 'excel', 'spark', 'etl', 'tableau', 'python']"
2753,Deloitte,Analytics Engineer,Bengaluru,Hybrid,Full-time,8,AWS|SQL|Airflow|Power BI|ETL,24.94,2023-04-05,"['aws', 'sql', 'airflow', 'power bi', 'etl']"
2754,Cognizant,BI Analyst,Bengaluru,Remote,Full-time,8,Data Warehousing|Tableau|Azure|Python,27.15,2023-11-15,"['data warehousing', 'tableau', 'python', 'azure']"
2755,Freshworks,BI Analyst,Mumbai,Hybrid,Full-time,5,Data Warehousing|Docker|Airflow|Tableau|Azure|Pandas|Spark,17.92,2023-12-22,"['docker', 'airflow', 'pandas', 'spark', 'data warehousing', 'tableau', 'azure']"
2756,Accenture,BI Analyst,Remote,Remote,Internship,3,Data Warehousing|Excel|Tableau|Spark|Airflow|Statistics,12.44,2023-10-30,"['statistics', 'excel', 'airflow', 'spark', 'data warehousing', 'tableau']"
2757,Razorpay,Business Analyst,Delhi,Remote,Contract,2,NumPy|Azure|SQL|Git|Statistics|Machine Learning,12.56,2023-01-26,"['machine learning', 'numpy', 'statistics', 'git', 'sql', 'azure']"
2758,Freshworks,Data Analyst,Hyderabad,Remote,Contract,3,Azure|Spark|Tableau|Machine Learning|ETL|Docker,14.98,2023-09-26,"['machine learning', 'docker', 'spark', 'etl', 'tableau', 'azure']"
2759,Microsoft,BI Analyst,Mumbai,Hybrid,Contract,7,Airflow|Data Warehousing|Spark|Python|Machine Learning|Power BI|ETL,23.96,2024-05-27,"['machine learning', 'airflow', 'power bi', 'spark', 'etl', 'data warehousing', 'python']"
2760,Swiggy,Data Analyst,Delhi,Onsite,Contract,2,ETL|Azure|Tableau|SQL,10.23,2024-07-22,"['tableau', 'sql', 'etl', 'azure']"
2761,Paytm,Analytics Engineer,Bengaluru,Remote,Internship,3,Spark|Excel|NumPy|Power BI,13.6,2023-10-30,"['spark', 'numpy', 'power bi', 'excel']"
2762,TCS,Data Analyst,Remote,Hybrid,Contract,4,Statistics|Python|Azure|Docker|SQL|ETL,13.33,2023-10-21,"['statistics', 'sql', 'docker', 'etl', 'python', 'azure']"
2763,Razorpay,Business Analyst,Bengaluru,Remote,Full-time,6,Spark|Git|Excel|ETL|Tableau|Airflow,22.84,2024-05-05,"['excel', 'git', 'airflow', 'spark', 'etl', 'tableau']"
2764,Accenture,Data Analyst,Mumbai,Hybrid,Contract,5,Statistics|Data Warehousing|Git|Excel|Airflow,16.87,2024-09-22,"['statistics', 'excel', 'git', 'airflow', 'data warehousing']"
2765,Microsoft,Data Analyst,Chennai,Onsite,Contract,1,SQL|NumPy|Airflow|Azure,5.9,2024-09-06,"['numpy', 'sql', 'azure', 'airflow']"
2766,Deloitte,Senior Data Analyst,Bengaluru,Hybrid,Full-time,8,Docker|Power BI|Spark|Machine Learning|Data Warehousing|Airflow,28.71,2023-05-14,"['machine learning', 'airflow', 'power bi', 'spark', 'data warehousing', 'docker']"
2767,Cognizant,Senior Data Analyst,Pune,Hybrid,Full-time,2,Machine Learning|NumPy|Statistics|ETL|Tableau|Data Warehousing|Power BI,13.1,2023-08-04,"['machine learning', 'numpy', 'statistics', 'power bi', 'etl', 'data warehousing', 'tableau']"
2768,Infosys,Data Analyst,Chennai,Remote,Full-time,2,Pandas|Statistics|Docker|AWS|Data Warehousing,11.79,2024-03-25,"['statistics', 'aws', 'data warehousing', 'pandas', 'docker']"
2769,Deloitte,Senior Data Analyst,Hyderabad,Hybrid,Contract,7,Tableau|AWS|Spark|Git|Machine Learning,24.39,2024-04-15,"['machine learning', 'aws', 'git', 'spark', 'tableau']"
2770,Zoho,Data Scientist,Pune,Hybrid,Contract,7,Python|Git|Data Warehousing|Tableau|NumPy|Airflow,24.04,2024-11-19,"['numpy', 'git', 'airflow', 'data warehousing', 'tableau', 'python']"
2771,Deloitte,BI Analyst,Delhi,Remote,Full-time,2,Excel|Tableau|Docker|Power BI|Airflow,9.38,2024-08-17,"['excel', 'airflow', 'power bi', 'tableau', 'docker']"
2772,Razorpay,Analytics Engineer,Chennai,Remote,Full-time,6,Pandas|ETL|Machine Learning|Airflow|Excel|Statistics|Power BI|NumPy,22.65,2023-07-30,"['machine learning', 'statistics', 'numpy', 'excel', 'airflow', 'power bi', 'etl', 'pandas']"
2773,Zoho,Data Analyst,Pune,Remote,Internship,4,Docker|Pandas|Azure|Airflow|Python|NumPy,14.1,2023-10-07,"['numpy', 'docker', 'airflow', 'pandas', 'python', 'azure']"
2774,Flipkart,Senior Data Analyst,Chennai,Onsite,Internship,3,Pandas|NumPy|Excel|Azure,11.56,2023-10-11,"['numpy', 'pandas', 'azure', 'excel']"
2775,TCS,Analytics Engineer,Pune,Hybrid,Full-time,1,Data Warehousing|AWS|Docker|Airflow,5.46,2023-09-25,"['data warehousing', 'docker', 'aws', 'airflow']"
2776,Swiggy,Data Analyst,Chennai,Remote,Contract,0,Statistics|Git|Machine Learning|Azure|SQL|Data Warehousing|Python,9.18,2023-08-19,"['machine learning', 'statistics', 'git', 'sql', 'data warehousing', 'python', 'azure']"
2777,Flipkart,Senior Data Analyst,Mumbai,Hybrid,Internship,8,Power BI|Docker|Spark|Pandas,24.71,2024-07-19,"['spark', 'pandas', 'docker', 'power bi']"
2778,Razorpay,Data Scientist,Bengaluru,Onsite,Internship,5,Machine Learning|Pandas|SQL|AWS|Tableau|Statistics|Docker|Airflow,26.56,2023-07-18,"['machine learning', 'statistics', 'aws', 'sql', 'airflow', 'pandas', 'tableau', 'docker']"
2779,Flipkart,BI Analyst,Pune,Hybrid,Internship,5,ETL|Pandas|Statistics|NumPy|Git|Docker|Machine Learning|Airflow,19.7,2024-01-05,"['machine learning', 'numpy', 'statistics', 'git', 'airflow', 'etl', 'pandas', 'docker']"
2780,Flipkart,BI Analyst,Bengaluru,Remote,Full-time,1,AWS|Power BI|Statistics|Excel|Data Warehousing,9.16,2024-07-22,"['statistics', 'aws', 'excel', 'power bi', 'data warehousing']"
2781,Cognizant,Analytics Engineer,Hyderabad,Remote,Contract,8,Pandas|Docker|Airflow|Statistics|Power BI|Tableau,24.04,2024-05-16,"['statistics', 'airflow', 'power bi', 'tableau', 'pandas', 'docker']"
2782,TCS,Data Analyst,Hyderabad,Remote,Full-time,5,SQL|Tableau|Data Warehousing|Git,17.5,2024-06-22,"['data warehousing', 'git', 'tableau', 'sql']"
2783,Microsoft,Senior Data Analyst,Hyderabad,Onsite,Full-time,4,NumPy|Docker|Excel|Statistics|AWS,15.48,2024-09-10,"['numpy', 'statistics', 'aws', 'excel', 'docker']"
2784,Walmart,Data Analyst,Bengaluru,Hybrid,Internship,0,Airflow|Tableau|Data Warehousing|NumPy|Git|Excel|Statistics|AWS,6.39,2024-11-05,"['numpy', 'statistics', 'aws', 'excel', 'git', 'airflow', 'data warehousing', 'tableau']"
2785,Cognizant,Analytics Engineer,Pune,Remote,Full-time,1,ETL|Statistics|Machine Learning|Azure|Python|NumPy,10.64,2024-11-13,"['machine learning', 'statistics', 'numpy', 'etl', 'python', 'azure']"
2786,Freshworks,BI Analyst,Hyderabad,Onsite,Full-time,7,SQL|Airflow|Data Warehousing|Python|ETL,20.54,2023-11-09,"['sql', 'airflow', 'etl', 'data warehousing', 'python']"
2787,Microsoft,Data Scientist,Pune,Onsite,Contract,2,Spark|Airflow|AWS|Git,14.23,2024-09-27,"['spark', 'git', 'aws', 'airflow']"
2788,TCS,Data Analyst,Bengaluru,Onsite,Internship,5,Git|NumPy|Power BI|Airflow|Statistics|Docker,19.04,2023-11-12,"['numpy', 'statistics', 'git', 'airflow', 'power bi', 'docker']"
2789,Zoho,Analytics Engineer,Bengaluru,Remote,Internship,1,ETL|NumPy|Azure|Airflow|Power BI|Spark|Data Warehousing,10.02,2024-02-21,"['numpy', 'airflow', 'power bi', 'spark', 'etl', 'data warehousing', 'azure']"
2790,Flipkart,Analytics Engineer,Pune,Onsite,Internship,8,Docker|Power BI|Python|Airflow|Machine Learning|Pandas|Azure|AWS,27.0,2024-05-05,"['machine learning', 'aws', 'airflow', 'power bi', 'azure', 'pandas', 'python', 'docker']"
2791,Amazon,Senior Data Analyst,Hyderabad,Hybrid,Contract,3,Docker|Machine Learning|Excel|Statistics|Python,13.45,2024-02-10,"['machine learning', 'statistics', 'excel', 'python', 'docker']"
2792,Zoho,Data Scientist,Delhi,Remote,Internship,6,Airflow|Machine Learning|Spark|Pandas|ETL|Statistics,27.16,2023-09-23,"['machine learning', 'statistics', 'airflow', 'spark', 'etl', 'pandas']"
2793,Microsoft,Data Scientist,Chennai,Hybrid,Full-time,4,Power BI|Spark|Pandas|Docker|Azure|ETL|Tableau,19.09,2024-10-25,"['docker', 'power bi', 'spark', 'etl', 'tableau', 'pandas', 'azure']"
2794,Infosys,Data Scientist,Mumbai,Remote,Internship,2,Python|Spark|Tableau|Statistics|Docker|Power BI,14.68,2023-10-07,"['statistics', 'power bi', 'spark', 'tableau', 'python', 'docker']"
2795,Freshworks,Data Scientist,Bengaluru,Onsite,Contract,8,Airflow|Azure|Git|Tableau|ETL|AWS|Excel|Pandas,30.91,2023-12-24,"['aws', 'excel', 'git', 'airflow', 'pandas', 'etl', 'tableau', 'azure']"
2796,Flipkart,Analytics Engineer,Delhi,Remote,Full-time,0,Data Warehousing|Python|Pandas|Tableau|Machine Learning|Docker|Spark,9.77,2024-08-17,"['machine learning', 'tableau', 'spark', 'data warehousing', 'pandas', 'python', 'docker']"
2797,Microsoft,Business Analyst,Bengaluru,Remote,Contract,1,Docker|Airflow|Excel|Spark|Machine Learning,13.93,2023-01-30,"['machine learning', 'excel', 'airflow', 'spark', 'docker']"
2798,Amazon,Business Analyst,Delhi,Hybrid,Full-time,7,SQL|Machine Learning|Data Warehousing|Pandas|Python,23.53,2023-09-21,"['machine learning', 'sql', 'data warehousing', 'pandas', 'python']"
2799,Freshworks,Senior Data Analyst,Hyderabad,Remote,Full-time,1,Excel|Docker|Pandas|Machine Learning,11.39,2024-03-18,"['machine learning', 'pandas', 'docker', 'excel']"
2800,Swiggy,Business Analyst,Remote,Hybrid,Full-time,4,Git|Machine Learning|Azure|NumPy|Excel|Spark|Docker,15.61,2023-08-12,"['machine learning', 'numpy', 'excel', 'git', 'docker', 'spark', 'azure']"
2801,Infosys,BI Analyst,Chennai,Onsite,Full-time,3,ETL|Machine Learning|SQL|Pandas|AWS|Power BI|Python|Airflow,15.63,2023-01-22,"['machine learning', 'aws', 'sql', 'airflow', 'power bi', 'etl', 'pandas', 'python']"
2802,Zoho,Data Scientist,Chennai,Onsite,Contract,7,SQL|ETL|Airflow|Machine Learning|Data Warehousing|Azure|AWS,27.9,2024-06-14,"['machine learning', 'aws', 'sql', 'airflow', 'etl', 'data warehousing', 'azure']"
2803,Microsoft,Analytics Engineer,Bengaluru,Hybrid,Contract,7,ETL|NumPy|Machine Learning|Tableau|Docker|Python|Data Warehousing,25.64,2023-11-26,"['machine learning', 'numpy', 'etl', 'data warehousing', 'tableau', 'python', 'docker']"
2804,Paytm,Data Scientist,Delhi,Remote,Full-time,5,ETL|NumPy|Docker|Pandas|Python|Git,21.05,2023-02-02,"['numpy', 'git', 'etl', 'pandas', 'python', 'docker']"
2805,Paytm,BI Analyst,Pune,Onsite,Internship,0,Data Warehousing|ETL|Pandas|NumPy|Airflow|Statistics|Python,5.04,2024-07-08,"['numpy', 'statistics', 'airflow', 'etl', 'data warehousing', 'pandas', 'python']"
2806,Amazon,Data Analyst,Bengaluru,Onsite,Contract,2,Pandas|Statistics|Git|Spark|NumPy|SQL|Tableau|AWS,10.98,2023-09-17,"['numpy', 'statistics', 'aws', 'git', 'sql', 'spark', 'tableau', 'pandas']"
2807,Infosys,Analytics Engineer,Mumbai,Hybrid,Full-time,8,Tableau|NumPy|Git|Data Warehousing|Statistics|ETL,23.5,2024-06-01,"['numpy', 'statistics', 'git', 'etl', 'data warehousing', 'tableau']"
2808,Microsoft,BI Analyst,Remote,Hybrid,Contract,1,Airflow|Spark|SQL|Python,5.12,2023-02-06,"['spark', 'sql', 'airflow', 'python']"
2809,Deloitte,Analytics Engineer,Hyderabad,Hybrid,Contract,3,AWS|Git|Machine Learning|Spark|Excel|ETL|Tableau|Python,15.52,2023-12-26,"['machine learning', 'aws', 'excel', 'git', 'spark', 'etl', 'tableau', 'python']"
2810,Accenture,Business Analyst,Hyderabad,Hybrid,Full-time,6,AWS|Python|Docker|Excel|Git|Data Warehousing,19.04,2024-09-21,"['aws', 'excel', 'git', 'data warehousing', 'python', 'docker']"
2811,TCS,Business Analyst,Hyderabad,Remote,Contract,1,Data Warehousing|Statistics|Airflow|Azure|Git|NumPy|Excel,7.78,2024-06-15,"['statistics', 'numpy', 'excel', 'git', 'airflow', 'data warehousing', 'azure']"
2812,Flipkart,Data Scientist,Delhi,Remote,Full-time,8,Machine Learning|Data Warehousing|Git|Python|ETL|Airflow,33.99,2024-08-24,"['machine learning', 'git', 'airflow', 'etl', 'data warehousing', 'python']"
2813,Walmart,Data Analyst,Bengaluru,Remote,Internship,3,SQL|Git|Azure|Pandas|NumPy,14.53,2024-03-09,"['numpy', 'git', 'sql', 'pandas', 'azure']"
2814,Accenture,Analytics Engineer,Delhi,Onsite,Internship,0,Spark|Pandas|Tableau|Docker,4.32,2024-09-04,"['spark', 'pandas', 'tableau', 'docker']"
2815,Flipkart,Analytics Engineer,Remote,Hybrid,Full-time,6,NumPy|Statistics|Python|AWS|Power BI|Tableau|Pandas,18.29,2023-01-04,"['numpy', 'statistics', 'aws', 'power bi', 'pandas', 'tableau', 'python']"
2816,Infosys,Data Analyst,Hyderabad,Onsite,Internship,7,Tableau|Spark|Excel|Airflow|Docker|Python|Power BI|Statistics,20.35,2024-10-05,"['statistics', 'excel', 'airflow', 'power bi', 'spark', 'tableau', 'python', 'docker']"
2817,TCS,Senior Data Analyst,Hyderabad,Onsite,Full-time,3,Azure|Python|ETL|Excel,11.99,2024-06-28,"['python', 'etl', 'azure', 'excel']"
2818,Infosys,Data Scientist,Remote,Remote,Contract,0,Data Warehousing|Excel|Airflow|Python|ETL|Machine Learning|SQL,12.7,2023-02-27,"['machine learning', 'excel', 'sql', 'airflow', 'etl', 'data warehousing', 'python']"
2819,Cognizant,Senior Data Analyst,Remote,Hybrid,Internship,8,Git|NumPy|Data Warehousing|Machine Learning|Pandas|Statistics,26.84,2023-07-29,"['machine learning', 'numpy', 'statistics', 'git', 'data warehousing', 'pandas']"
2820,Deloitte,Analytics Engineer,Remote,Onsite,Internship,2,Azure|Data Warehousing|Tableau|Machine Learning|SQL|Pandas,10.97,2023-05-29,"['machine learning', 'sql', 'pandas', 'data warehousing', 'tableau', 'azure']"
2821,Deloitte,Business Analyst,Chennai,Onsite,Contract,8,Docker|Machine Learning|Data Warehousing|Power BI|AWS,26.53,2024-01-07,"['machine learning', 'aws', 'power bi', 'data warehousing', 'docker']"
2822,TCS,Data Scientist,Bengaluru,Remote,Contract,7,Data Warehousing|Power BI|Pandas|Git|AWS|Python|Tableau,29.23,2024-09-27,"['tableau', 'aws', 'git', 'power bi', 'data warehousing', 'pandas', 'python']"
2823,Microsoft,Senior Data Analyst,Mumbai,Remote,Internship,4,Git|Airflow|SQL|Azure|ETL|Pandas|Python|Excel,15.76,2023-04-28,"['excel', 'git', 'sql', 'airflow', 'etl', 'pandas', 'python', 'azure']"
2824,Freshworks,Senior Data Analyst,Chennai,Onsite,Internship,0,Excel|Machine Learning|Data Warehousing|NumPy|Spark|Git|Python|Tableau,8.3,2024-02-27,"['machine learning', 'numpy', 'excel', 'git', 'spark', 'data warehousing', 'tableau', 'python']"
2825,Deloitte,Senior Data Analyst,Bengaluru,Onsite,Internship,5,NumPy|Spark|Docker|Pandas|Machine Learning|Airflow,22.27,2023-05-18,"['machine learning', 'numpy', 'airflow', 'spark', 'pandas', 'docker']"
2826,Flipkart,Business Analyst,Pune,Hybrid,Contract,7,Azure|AWS|Statistics|Airflow|Git|Data Warehousing|Docker,21.72,2023-07-04,"['statistics', 'aws', 'git', 'docker', 'airflow', 'data warehousing', 'azure']"
2827,Razorpay,Senior Data Analyst,Delhi,Remote,Internship,1,NumPy|Git|Power BI|Docker|Excel,8.93,2024-05-09,"['numpy', 'excel', 'git', 'power bi', 'docker']"
2828,Flipkart,BI Analyst,Remote,Hybrid,Internship,0,ETL|SQL|Spark|Excel,4.3,2023-10-19,"['spark', 'sql', 'etl', 'excel']"
2829,Razorpay,Senior Data Analyst,Mumbai,Hybrid,Full-time,6,Machine Learning|Tableau|NumPy|Git|Power BI|ETL|Azure,21.77,2024-05-15,"['machine learning', 'numpy', 'git', 'power bi', 'etl', 'tableau', 'azure']"
2830,Microsoft,Business Analyst,Pune,Hybrid,Contract,5,Statistics|Azure|Git|Python|Power BI|Data Warehousing,16.87,2023-01-22,"['statistics', 'git', 'power bi', 'data warehousing', 'python', 'azure']"
2831,Amazon,Senior Data Analyst,Pune,Hybrid,Contract,1,Excel|ETL|Power BI|Azure|Statistics,7.42,2023-10-17,"['statistics', 'excel', 'power bi', 'etl', 'azure']"
2832,Flipkart,Data Analyst,Chennai,Hybrid,Contract,3,Tableau|ETL|Git|Azure|Python|Airflow,11.01,2023-09-04,"['git', 'airflow', 'etl', 'tableau', 'python', 'azure']"
2833,Amazon,Senior Data Analyst,Mumbai,Remote,Contract,5,Azure|Spark|Git|NumPy|Airflow|Power BI|SQL|Docker,17.11,2024-11-04,"['numpy', 'git', 'sql', 'docker', 'airflow', 'power bi', 'spark', 'azure']"
2834,Microsoft,Data Scientist,Remote,Onsite,Full-time,6,Data Warehousing|SQL|Machine Learning|Docker|Airflow|AWS|Pandas,27.47,2024-08-17,"['machine learning', 'aws', 'sql', 'airflow', 'data warehousing', 'pandas', 'docker']"
2835,Freshworks,Data Analyst,Chennai,Remote,Full-time,8,SQL|AWS|Tableau|Data Warehousing|Statistics|Docker|Pandas,25.68,2023-06-12,"['statistics', 'aws', 'sql', 'pandas', 'data warehousing', 'tableau', 'docker']"
2836,Paytm,Data Scientist,Remote,Onsite,Internship,7,Statistics|Data Warehousing|NumPy|Machine Learning|Git|Python|AWS|Tableau,29.04,2023-02-06,"['machine learning', 'numpy', 'statistics', 'aws', 'git', 'data warehousing', 'tableau', 'python']"
2837,TCS,Analytics Engineer,Mumbai,Onsite,Full-time,8,Spark|Python|SQL|ETL|Pandas|Airflow|Machine Learning|Tableau,25.82,2023-07-29,"['machine learning', 'sql', 'airflow', 'spark', 'etl', 'tableau', 'pandas', 'python']"
2838,Amazon,Data Analyst,Delhi,Remote,Contract,2,AWS|SQL|Python|Data Warehousing|Spark|Tableau|Azure,11.12,2024-08-07,"['aws', 'sql', 'spark', 'data warehousing', 'tableau', 'python', 'azure']"
2839,Freshworks,Business Analyst,Mumbai,Remote,Full-time,7,SQL|Pandas|Git|Python|Azure|Airflow|Tableau|Machine Learning,26.06,2024-11-01,"['machine learning', 'git', 'sql', 'airflow', 'tableau', 'pandas', 'python', 'azure']"
2840,Amazon,Analytics Engineer,Pune,Hybrid,Full-time,8,NumPy|AWS|Excel|Statistics|Machine Learning|SQL|Data Warehousing|Docker,27.74,2023-10-07,"['machine learning', 'numpy', 'statistics', 'aws', 'excel', 'sql', 'data warehousing', 'docker']"
2841,Zoho,Data Scientist,Delhi,Hybrid,Full-time,0,Statistics|AWS|Machine Learning|Spark|SQL|Power BI|Excel|Docker,10.38,2023-10-12,"['machine learning', 'statistics', 'aws', 'excel', 'sql', 'power bi', 'spark', 'docker']"
2842,Razorpay,Data Scientist,Hyderabad,Remote,Internship,6,Machine Learning|Python|Excel|Statistics|Azure|Data Warehousing,26.5,2024-05-21,"['machine learning', 'statistics', 'excel', 'data warehousing', 'python', 'azure']"
2843,Freshworks,BI Analyst,Delhi,Remote,Contract,6,Git|Azure|Machine Learning|SQL|ETL,23.33,2023-11-06,"['machine learning', 'git', 'sql', 'etl', 'azure']"
2844,Amazon,Analytics Engineer,Pune,Remote,Internship,2,Airflow|Git|Azure|SQL|Excel|Data Warehousing,11.95,2024-08-05,"['excel', 'git', 'sql', 'airflow', 'data warehousing', 'azure']"
2845,Paytm,Data Scientist,Pune,Hybrid,Contract,5,Power BI|Azure|Pandas|Airflow|NumPy,19.43,2024-09-21,"['numpy', 'airflow', 'power bi', 'pandas', 'azure']"
2846,Razorpay,Data Analyst,Pune,Remote,Internship,2,Python|Airflow|Excel|ETL|AWS|NumPy|Spark,10.56,2023-05-05,"['numpy', 'aws', 'excel', 'airflow', 'spark', 'etl', 'python']"
2847,Accenture,Analytics Engineer,Delhi,Remote,Contract,2,Excel|Statistics|Azure|Airflow|Git,9.8,2024-07-27,"['statistics', 'excel', 'git', 'airflow', 'azure']"
2848,Deloitte,Business Analyst,Pune,Remote,Contract,2,Statistics|Git|Tableau|ETL,11.32,2023-02-24,"['tableau', 'git', 'statistics', 'etl']"
2849,Freshworks,Data Scientist,Mumbai,Hybrid,Contract,1,Data Warehousing|Docker|Statistics|Excel|Spark,10.5,2023-02-22,"['statistics', 'excel', 'spark', 'data warehousing', 'docker']"
2850,Deloitte,Senior Data Analyst,Remote,Hybrid,Full-time,5,Airflow|Azure|ETL|Data Warehousing|Statistics|Git|NumPy|Pandas,16.16,2024-11-24,"['statistics', 'numpy', 'git', 'airflow', 'etl', 'data warehousing', 'pandas', 'azure']"
2851,Zoho,Data Analyst,Pune,Remote,Internship,5,Power BI|Excel|Git|NumPy|Azure|Spark,17.28,2023-09-19,"['numpy', 'excel', 'git', 'power bi', 'spark', 'azure']"
2852,Flipkart,Senior Data Analyst,Chennai,Hybrid,Contract,3,Statistics|Pandas|Data Warehousing|Python|ETL|NumPy|SQL,10.58,2023-09-15,"['statistics', 'numpy', 'sql', 'etl', 'data warehousing', 'pandas', 'python']"
2853,Freshworks,Business Analyst,Mumbai,Hybrid,Contract,0,AWS|Excel|SQL|Azure,3.25,2023-04-13,"['azure', 'sql', 'aws', 'excel']"
2854,Flipkart,Business Analyst,Mumbai,Remote,Full-time,0,Azure|Power BI|Data Warehousing|AWS|SQL,6.01,2024-11-04,"['aws', 'sql', 'power bi', 'data warehousing', 'azure']"
2855,TCS,Senior Data Analyst,Bengaluru,Remote,Full-time,6,Tableau|Statistics|Data Warehousing|Pandas|Machine Learning|Docker,25.88,2023-07-12,"['machine learning', 'statistics', 'pandas', 'data warehousing', 'tableau', 'docker']"
2856,Swiggy,Business Analyst,Mumbai,Remote,Full-time,8,Docker|Data Warehousing|Spark|Tableau|Power BI|Statistics|Azure,24.14,2023-10-13,"['statistics', 'power bi', 'spark', 'azure', 'data warehousing', 'tableau', 'docker']"
2857,Infosys,Business Analyst,Delhi,Hybrid,Full-time,3,Tableau|Python|NumPy|ETL|Spark|Machine Learning|AWS|SQL,13.11,2023-06-04,"['machine learning', 'numpy', 'aws', 'sql', 'spark', 'etl', 'tableau', 'python']"
2858,Cognizant,Analytics Engineer,Chennai,Remote,Contract,1,Machine Learning|Spark|Statistics|Docker|Azure|Excel|AWS|NumPy,9.56,2023-05-16,"['machine learning', 'statistics', 'numpy', 'aws', 'excel', 'docker', 'spark', 'azure']"
2859,Walmart,Data Analyst,Chennai,Remote,Full-time,2,Docker|Tableau|SQL|Airflow|Excel|ETL,9.58,2023-11-16,"['excel', 'sql', 'airflow', 'etl', 'tableau', 'docker']"
2860,Accenture,Data Scientist,Mumbai,Onsite,Internship,7,Spark|Tableau|ETL|Python|NumPy|SQL|Docker,24.33,2024-07-16,"['numpy', 'sql', 'spark', 'etl', 'tableau', 'python', 'docker']"
2861,Infosys,BI Analyst,Remote,Onsite,Internship,4,NumPy|Git|SQL|Excel|Statistics|Tableau,13.35,2023-03-26,"['numpy', 'statistics', 'excel', 'git', 'sql', 'tableau']"
2862,Walmart,Business Analyst,Chennai,Hybrid,Full-time,7,Statistics|Power BI|ETL|NumPy|Docker|Airflow,20.13,2023-08-15,"['numpy', 'statistics', 'airflow', 'power bi', 'etl', 'docker']"
2863,Flipkart,BI Analyst,Pune,Hybrid,Contract,1,Spark|Azure|Machine Learning|Python|NumPy|Power BI|Excel,9.02,2024-03-07,"['machine learning', 'numpy', 'excel', 'power bi', 'spark', 'python', 'azure']"
2864,Flipkart,Business Analyst,Pune,Remote,Contract,0,Airflow|ETL|Spark|Python|Power BI,4.34,2023-01-08,"['airflow', 'power bi', 'spark', 'etl', 'python']"
2865,Accenture,Data Scientist,Remote,Onsite,Full-time,6,ETL|SQL|NumPy|AWS|Python|Pandas|Statistics|Data Warehousing,21.75,2024-06-19,"['numpy', 'statistics', 'aws', 'sql', 'etl', 'data warehousing', 'pandas', 'python']"
2866,Amazon,BI Analyst,Remote,Remote,Contract,7,NumPy|Pandas|Tableau|ETL|Airflow|Git|AWS|Spark,21.55,2024-01-15,"['numpy', 'aws', 'git', 'airflow', 'pandas', 'spark', 'etl', 'tableau']"
2867,Microsoft,Analytics Engineer,Pune,Remote,Internship,4,Azure|Power BI|Docker|Git|NumPy|Pandas|Statistics|Python,14.57,2023-04-21,"['numpy', 'statistics', 'git', 'power bi', 'azure', 'pandas', 'python', 'docker']"
2868,Zoho,Analytics Engineer,Delhi,Hybrid,Internship,3,Excel|Machine Learning|Power BI|NumPy,15.25,2023-12-09,"['machine learning', 'numpy', 'power bi', 'excel']"
2869,Walmart,Data Scientist,Chennai,Onsite,Contract,5,Python|Excel|Spark|Data Warehousing,21.32,2023-03-08,"['spark', 'data warehousing', 'python', 'excel']"
2870,Zoho,Data Scientist,Hyderabad,Hybrid,Full-time,4,Data Warehousing|SQL|Airflow|Pandas|ETL|Python|AWS|Tableau,18.82,2023-09-11,"['tableau', 'aws', 'sql', 'airflow', 'etl', 'data warehousing', 'pandas', 'python']"
2871,Microsoft,BI Analyst,Chennai,Remote,Full-time,3,Python|Azure|Statistics|Spark|Airflow,12.08,2023-02-24,"['statistics', 'airflow', 'spark', 'python', 'azure']"
2872,Paytm,Analytics Engineer,Pune,Onsite,Contract,8,Tableau|Airflow|ETL|Excel|Data Warehousing|Statistics,24.44,2023-04-09,"['statistics', 'excel', 'airflow', 'etl', 'data warehousing', 'tableau']"
2873,Paytm,Data Analyst,Hyderabad,Remote,Full-time,4,SQL|Tableau|Docker|Power BI|Pandas|Spark|AWS,16.5,2023-08-18,"['aws', 'sql', 'power bi', 'spark', 'tableau', 'pandas', 'docker']"
2874,Zoho,Data Scientist,Bengaluru,Hybrid,Full-time,7,Git|Spark|NumPy|Machine Learning,30.82,2024-01-19,"['spark', 'git', 'numpy', 'machine learning']"
2875,Swiggy,Senior Data Analyst,Delhi,Hybrid,Full-time,1,Statistics|Data Warehousing|Python|Airflow|Spark|SQL|Git,6.09,2024-08-26,"['statistics', 'git', 'sql', 'airflow', 'spark', 'data warehousing', 'python']"
2876,Paytm,BI Analyst,Pune,Hybrid,Internship,8,Statistics|Power BI|Data Warehousing|AWS|Tableau,24.0,2024-06-15,"['statistics', 'aws', 'power bi', 'data warehousing', 'tableau']"
2877,Walmart,Data Scientist,Chennai,Hybrid,Internship,4,SQL|Airflow|Pandas|Spark|Docker|Azure,16.95,2023-12-09,"['sql', 'airflow', 'spark', 'azure', 'pandas', 'docker']"
2878,Accenture,Business Analyst,Chennai,Hybrid,Internship,5,Python|ETL|Docker|NumPy|Pandas|Data Warehousing|AWS,17.61,2024-04-25,"['numpy', 'aws', 'etl', 'data warehousing', 'pandas', 'python', 'docker']"
2879,Razorpay,Data Scientist,Pune,Onsite,Internship,5,Excel|Pandas|Statistics|SQL|AWS|Azure|Power BI,19.39,2024-10-08,"['statistics', 'aws', 'excel', 'sql', 'power bi', 'pandas', 'azure']"
2880,Razorpay,BI Analyst,Bengaluru,Remote,Internship,1,Docker|Python|Spark|SQL,9.16,2023-01-04,"['spark', 'python', 'sql', 'docker']"
2881,Accenture,Data Scientist,Bengaluru,Onsite,Internship,1,Machine Learning|Python|Docker|Data Warehousing|SQL|Azure|Statistics|ETL,15.5,2024-02-20,"['machine learning', 'statistics', 'sql', 'azure', 'etl', 'data warehousing', 'python', 'docker']"
2882,Razorpay,Business Analyst,Pune,Hybrid,Internship,8,Spark|Git|Statistics|Docker,22.65,2023-10-12,"['spark', 'git', 'statistics', 'docker']"
2883,Zoho,Analytics Engineer,Mumbai,Hybrid,Contract,7,Airflow|Excel|Git|SQL|Docker,21.94,2024-09-06,"['excel', 'git', 'sql', 'airflow', 'docker']"
2884,Flipkart,Senior Data Analyst,Chennai,Remote,Internship,6,ETL|Git|Tableau|Azure,20.17,2024-07-30,"['git', 'tableau', 'etl', 'azure']"
2885,Zoho,Data Analyst,Hyderabad,Hybrid,Internship,2,SQL|Spark|Docker|Git|Data Warehousing,8.22,2024-08-05,"['git', 'sql', 'spark', 'data warehousing', 'docker']"
2886,Zoho,Data Scientist,Chennai,Onsite,Internship,7,Data Warehousing|Pandas|ETL|Python|Docker|Statistics,25.4,2023-09-30,"['statistics', 'etl', 'data warehousing', 'pandas', 'python', 'docker']"
2887,Freshworks,Analytics Engineer,Pune,Remote,Contract,6,NumPy|Spark|Machine Learning|SQL|Git|Power BI|Docker,22.79,2024-04-05,"['machine learning', 'numpy', 'git', 'sql', 'power bi', 'spark', 'docker']"
2888,Microsoft,BI Analyst,Delhi,Remote,Contract,7,Statistics|Spark|Docker|AWS|Git|Azure|ETL|Pandas,22.15,2023-08-29,"['statistics', 'aws', 'git', 'spark', 'azure', 'etl', 'pandas', 'docker']"
2889,Cognizant,BI Analyst,Bengaluru,Onsite,Contract,7,Pandas|Spark|Power BI|Airflow,22.6,2024-01-25,"['spark', 'pandas', 'airflow', 'power bi']"
2890,Cognizant,BI Analyst,Mumbai,Hybrid,Contract,1,Airflow|ETL|SQL|AWS|Git,6.73,2023-08-04,"['aws', 'git', 'sql', 'airflow', 'etl']"
2891,Infosys,Business Analyst,Mumbai,Onsite,Internship,0,Power BI|Statistics|Airflow|Machine Learning|ETL,6.46,2024-02-07,"['machine learning', 'statistics', 'airflow', 'power bi', 'etl']"
2892,Infosys,Business Analyst,Delhi,Onsite,Contract,8,Spark|Statistics|Tableau|Pandas|Docker|Power BI|NumPy,22.91,2024-11-22,"['statistics', 'numpy', 'pandas', 'spark', 'power bi', 'tableau', 'docker']"
2893,Walmart,Analytics Engineer,Pune,Remote,Contract,7,ETL|Tableau|SQL|Power BI|Machine Learning|Docker,26.49,2023-07-21,"['machine learning', 'sql', 'power bi', 'etl', 'tableau', 'docker']"
2894,Accenture,Data Scientist,Remote,Onsite,Contract,5,Git|Statistics|AWS|Power BI,20.74,2023-03-26,"['git', 'statistics', 'aws', 'power bi']"
2895,Razorpay,Data Scientist,Delhi,Remote,Internship,7,Docker|Azure|Git|Python|Airflow|Tableau|AWS|Excel,28.03,2024-01-18,"['aws', 'excel', 'git', 'docker', 'airflow', 'tableau', 'python', 'azure']"
2896,TCS,Data Scientist,Pune,Remote,Full-time,0,Azure|ETL|Spark|Data Warehousing|Statistics|Git,9.38,2023-07-28,"['statistics', 'git', 'spark', 'etl', 'data warehousing', 'azure']"
2897,TCS,Business Analyst,Mumbai,Remote,Contract,4,AWS|Azure|Tableau|Pandas|Git,14.21,2023-12-05,"['aws', 'git', 'pandas', 'tableau', 'azure']"
2898,Zoho,Senior Data Analyst,Delhi,Onsite,Contract,0,Excel|Git|Power BI|Python|AWS|Data Warehousing|Machine Learning|Docker,7.27,2024-01-18,"['machine learning', 'aws', 'excel', 'git', 'power bi', 'data warehousing', 'python', 'docker']"
2899,Walmart,Data Scientist,Mumbai,Hybrid,Internship,5,Pandas|Machine Learning|Tableau|Git|AWS|SQL|NumPy,24.37,2023-01-05,"['machine learning', 'numpy', 'aws', 'git', 'sql', 'pandas', 'tableau']"
2900,Paytm,Analytics Engineer,Remote,Remote,Full-time,5,Python|Airflow|AWS|ETL|Excel|Tableau,19.25,2023-09-30,"['aws', 'excel', 'airflow', 'etl', 'tableau', 'python']"
2901,Cognizant,Data Analyst,Remote,Remote,Full-time,1,AWS|Excel|Docker|Statistics,7.92,2024-09-29,"['statistics', 'docker', 'aws', 'excel']"
2902,Cognizant,Senior Data Analyst,Mumbai,Remote,Internship,4,Excel|Tableau|Git|Python|SQL|Machine Learning|Airflow|Spark,18.25,2024-09-29,"['machine learning', 'excel', 'git', 'sql', 'airflow', 'spark', 'tableau', 'python']"
2903,Razorpay,Data Analyst,Mumbai,Hybrid,Full-time,3,Statistics|Spark|Data Warehousing|Pandas|Tableau,11.51,2024-10-11,"['statistics', 'spark', 'data warehousing', 'tableau', 'pandas']"
2904,Infosys,Data Analyst,Chennai,Hybrid,Contract,1,ETL|SQL|Docker|Tableau|Excel|Statistics,6.93,2024-02-26,"['statistics', 'excel', 'sql', 'etl', 'tableau', 'docker']"
2905,Accenture,Data Scientist,Hyderabad,Onsite,Contract,2,Pandas|AWS|Docker|Data Warehousing|Git|Excel|NumPy,14.38,2023-08-25,"['numpy', 'aws', 'excel', 'git', 'data warehousing', 'pandas', 'docker']"
2906,Razorpay,Data Scientist,Pune,Onsite,Contract,4,Pandas|Excel|Azure|Tableau|AWS|ETL|Python,17.83,2024-11-13,"['aws', 'excel', 'pandas', 'etl', 'tableau', 'python', 'azure']"
2907,Infosys,Business Analyst,Pune,Remote,Contract,4,Airflow|SQL|Git|Data Warehousing|AWS|Pandas|Excel,16.16,2023-02-21,"['aws', 'excel', 'git', 'sql', 'airflow', 'data warehousing', 'pandas']"
2908,Accenture,Data Analyst,Hyderabad,Hybrid,Internship,3,Data Warehousing|Power BI|Python|Statistics|AWS|Pandas|SQL|NumPy,10.22,2024-10-09,"['statistics', 'numpy', 'aws', 'sql', 'power bi', 'data warehousing', 'pandas', 'python']"
2909,Flipkart,Data Analyst,Bengaluru,Hybrid,Internship,2,Pandas|Data Warehousing|Excel|Azure,10.7,2024-01-28,"['data warehousing', 'pandas', 'azure', 'excel']"
2910,Paytm,Data Analyst,Hyderabad,Onsite,Contract,5,Machine Learning|Power BI|Data Warehousing|Spark|Pandas|Excel|SQL,18.59,2024-02-06,"['machine learning', 'excel', 'sql', 'power bi', 'spark', 'data warehousing', 'pandas']"
2911,Swiggy,Data Scientist,Chennai,Hybrid,Internship,0,Data Warehousing|Azure|AWS|Airflow|SQL,8.78,2023-11-24,"['aws', 'sql', 'airflow', 'data warehousing', 'azure']"
2912,Accenture,Data Analyst,Delhi,Hybrid,Internship,7,Tableau|Spark|ETL|Statistics|Machine Learning|Power BI|AWS|Python,25.21,2023-11-08,"['machine learning', 'statistics', 'aws', 'power bi', 'spark', 'etl', 'tableau', 'python']"
2913,Cognizant,Business Analyst,Hyderabad,Remote,Internship,2,Tableau|Data Warehousing|Azure|Excel,11.73,2023-10-04,"['data warehousing', 'tableau', 'azure', 'excel']"
2914,Flipkart,Data Analyst,Hyderabad,Remote,Internship,4,AWS|Python|Airflow|SQL,16.08,2024-02-11,"['airflow', 'python', 'sql', 'aws']"
2915,Walmart,Analytics Engineer,Bengaluru,Onsite,Contract,3,Tableau|AWS|Docker|Power BI|NumPy|Pandas|Git|Python,14.13,2023-04-21,"['numpy', 'aws', 'git', 'power bi', 'pandas', 'tableau', 'python', 'docker']"
2916,Deloitte,Senior Data Analyst,Mumbai,Remote,Contract,0,SQL|AWS|Spark|Excel|NumPy,6.88,2024-02-05,"['numpy', 'aws', 'excel', 'sql', 'spark']"
2917,Freshworks,Senior Data Analyst,Delhi,Hybrid,Internship,4,Power BI|Excel|Statistics|Data Warehousing|Airflow|AWS|SQL|Tableau,15.16,2023-12-01,"['statistics', 'aws', 'excel', 'sql', 'airflow', 'power bi', 'data warehousing', 'tableau']"
2918,Deloitte,Data Analyst,Delhi,Onsite,Full-time,6,Machine Learning|Tableau|Git|Pandas|ETL|Power BI,22.46,2023-04-08,"['machine learning', 'git', 'pandas', 'power bi', 'etl', 'tableau']"
2919,Accenture,Business Analyst,Hyderabad,Hybrid,Internship,0,Azure|Excel|Tableau|SQL|Pandas|NumPy|Machine Learning|Power BI,7.13,2023-01-13,"['machine learning', 'numpy', 'excel', 'sql', 'power bi', 'tableau', 'pandas', 'azure']"
2920,Infosys,Business Analyst,Hyderabad,Onsite,Full-time,2,Airflow|Pandas|NumPy|Statistics|SQL|Azure,10.48,2023-11-17,"['numpy', 'statistics', 'sql', 'airflow', 'pandas', 'azure']"
2921,Infosys,Senior Data Analyst,Pune,Hybrid,Internship,2,Docker|Git|Airflow|Python|Statistics,8.43,2023-05-18,"['statistics', 'git', 'airflow', 'python', 'docker']"
2922,Freshworks,Data Scientist,Delhi,Hybrid,Full-time,3,ETL|Docker|Spark|NumPy|Statistics|Excel|Python|Machine Learning,19.59,2023-03-18,"['machine learning', 'numpy', 'statistics', 'excel', 'spark', 'etl', 'python', 'docker']"
2923,Razorpay,BI Analyst,Delhi,Onsite,Full-time,5,AWS|SQL|Python|Tableau|Docker,16.11,2023-03-16,"['aws', 'sql', 'tableau', 'python', 'docker']"
2924,Zoho,Data Scientist,Chennai,Onsite,Contract,7,AWS|Git|Airflow|Power BI|Pandas,25.04,2023-03-08,"['aws', 'git', 'airflow', 'power bi', 'pandas']"
2925,Swiggy,Data Scientist,Mumbai,Hybrid,Internship,8,NumPy|Pandas|Statistics|Docker|Data Warehousing|Spark|Tableau|AWS,27.06,2024-07-22,"['numpy', 'statistics', 'tableau', 'aws', 'spark', 'data warehousing', 'pandas', 'docker']"
2926,Paytm,Data Analyst,Hyderabad,Remote,Internship,8,Data Warehousing|NumPy|Git|ETL|Azure,24.5,2024-04-15,"['numpy', 'git', 'etl', 'data warehousing', 'azure']"
2927,Razorpay,Data Scientist,Chennai,Hybrid,Internship,6,Python|ETL|Git|Spark|Data Warehousing|Excel|Power BI|Tableau,23.45,2023-03-22,"['excel', 'git', 'power bi', 'spark', 'etl', 'data warehousing', 'tableau', 'python']"
2928,Paytm,Analytics Engineer,Mumbai,Onsite,Contract,5,Statistics|Power BI|Docker|SQL|Spark|NumPy|Azure|AWS,15.24,2023-07-15,"['statistics', 'numpy', 'aws', 'sql', 'power bi', 'spark', 'azure', 'docker']"
2929,Flipkart,Business Analyst,Pune,Hybrid,Internship,4,SQL|Spark|Python|Docker|Statistics|Azure|Git,12.52,2024-07-25,"['statistics', 'git', 'sql', 'spark', 'azure', 'python', 'docker']"
2930,Accenture,Senior Data Analyst,Delhi,Hybrid,Internship,4,Airflow|NumPy|Data Warehousing|Pandas|Statistics|ETL|Machine Learning|Spark,17.81,2023-09-01,"['machine learning', 'numpy', 'statistics', 'airflow', 'spark', 'etl', 'data warehousing', 'pandas']"
2931,Accenture,Data Analyst,Chennai,Remote,Internship,5,Spark|Power BI|AWS|Airflow|Excel|Machine Learning|Docker|Pandas,19.99,2024-01-15,"['machine learning', 'aws', 'excel', 'airflow', 'power bi', 'spark', 'pandas', 'docker']"
2932,Cognizant,Senior Data Analyst,Delhi,Hybrid,Full-time,5,NumPy|Data Warehousing|Spark|Python,15.2,2023-10-29,"['data warehousing', 'spark', 'numpy', 'python']"
2933,Cognizant,Analytics Engineer,Bengaluru,Onsite,Contract,6,Spark|Tableau|Git|Data Warehousing|Docker,20.73,2023-11-13,"['git', 'spark', 'data warehousing', 'tableau', 'docker']"
2934,Swiggy,Data Analyst,Remote,Hybrid,Contract,3,Statistics|Airflow|ETL|Pandas|Spark|AWS|Python,10.09,2023-03-08,"['statistics', 'aws', 'airflow', 'spark', 'etl', 'pandas', 'python']"
2935,Freshworks,Business Analyst,Remote,Remote,Full-time,7,Excel|Statistics|Data Warehousing|Power BI|NumPy,24.03,2024-04-22,"['numpy', 'statistics', 'excel', 'power bi', 'data warehousing']"
2936,Razorpay,Data Scientist,Pune,Onsite,Internship,3,NumPy|Tableau|Power BI|Machine Learning|SQL,19.62,2024-09-29,"['machine learning', 'numpy', 'sql', 'power bi', 'tableau']"
2937,TCS,Data Scientist,Hyderabad,Onsite,Internship,3,AWS|Git|Spark|Azure|ETL|Pandas,16.71,2024-03-27,"['aws', 'git', 'spark', 'etl', 'pandas', 'azure']"
2938,Amazon,Senior Data Analyst,Mumbai,Onsite,Full-time,6,ETL|NumPy|SQL|Git|Excel,20.47,2023-04-18,"['numpy', 'excel', 'git', 'sql', 'etl']"
2939,Microsoft,Analytics Engineer,Remote,Remote,Full-time,8,Pandas|Statistics|Python|Docker|NumPy|Spark|Data Warehousing,26.02,2023-01-27,"['numpy', 'statistics', 'spark', 'data warehousing', 'pandas', 'python', 'docker']"
2940,Deloitte,Business Analyst,Pune,Hybrid,Internship,8,Data Warehousing|Python|Tableau|Spark,25.36,2023-04-05,"['data warehousing', 'spark', 'tableau', 'python']"
2941,Deloitte,Data Analyst,Chennai,Onsite,Full-time,0,Power BI|Excel|ETL|SQL|Spark,2.76,2023-02-16,"['excel', 'sql', 'power bi', 'spark', 'etl']"
2942,Amazon,Analytics Engineer,Delhi,Remote,Contract,4,Power BI|Docker|Azure|Machine Learning|Statistics|ETL|Airflow,17.55,2023-03-07,"['machine learning', 'statistics', 'docker', 'airflow', 'power bi', 'etl', 'azure']"
2943,Microsoft,Analytics Engineer,Hyderabad,Remote,Full-time,7,NumPy|Excel|Python|ETL,23.49,2023-09-19,"['numpy', 'python', 'etl', 'excel']"
2944,Razorpay,Data Scientist,Bengaluru,Onsite,Full-time,3,AWS|Excel|SQL|Python|NumPy|Pandas,16.06,2024-02-09,"['numpy', 'aws', 'excel', 'sql', 'pandas', 'python']"
2945,Freshworks,Data Analyst,Chennai,Remote,Full-time,0,Tableau|NumPy|SQL|Data Warehousing|Pandas|Airflow,5.71,2023-05-17,"['numpy', 'sql', 'airflow', 'pandas', 'data warehousing', 'tableau']"
2946,Freshworks,Data Scientist,Remote,Remote,Contract,7,Excel|Statistics|AWS|Pandas|NumPy,25.89,2023-03-29,"['numpy', 'statistics', 'aws', 'excel', 'pandas']"
2947,Amazon,BI Analyst,Remote,Onsite,Internship,1,ETL|Git|Statistics|NumPy|Data Warehousing|Spark|Airflow|Pandas,6.5,2024-04-20,"['statistics', 'numpy', 'git', 'airflow', 'spark', 'etl', 'data warehousing', 'pandas']"
2948,Infosys,Data Analyst,Delhi,Onsite,Full-time,2,Power BI|Statistics|AWS|ETL|Azure,8.33,2024-05-02,"['statistics', 'aws', 'power bi', 'etl', 'azure']"
2949,Razorpay,Data Analyst,Pune,Remote,Internship,4,Tableau|Machine Learning|Pandas|Git|Spark|ETL,19.49,2024-10-22,"['machine learning', 'git', 'pandas', 'spark', 'etl', 'tableau']"
2950,Swiggy,BI Analyst,Remote,Hybrid,Internship,3,Tableau|Python|Statistics|AWS|Azure|NumPy,12.03,2023-09-11,"['statistics', 'numpy', 'aws', 'tableau', 'python', 'azure']"
2951,Razorpay,Data Scientist,Mumbai,Onsite,Contract,1,ETL|Azure|Machine Learning|Pandas|AWS|Tableau,14.95,2024-10-14,"['machine learning', 'aws', 'etl', 'tableau', 'pandas', 'azure']"
2952,Razorpay,Business Analyst,Mumbai,Onsite,Contract,6,SQL|Spark|Git|Excel|Docker,18.21,2023-07-07,"['excel', 'git', 'sql', 'spark', 'docker']"
2953,Accenture,Data Analyst,Pune,Onsite,Internship,5,Python|Docker|Tableau|Machine Learning|Pandas|NumPy,20.93,2024-04-24,"['machine learning', 'numpy', 'pandas', 'tableau', 'python', 'docker']"
2954,Paytm,Data Analyst,Chennai,Hybrid,Full-time,5,Git|Machine Learning|Power BI|Python|Azure,19.95,2023-12-11,"['machine learning', 'git', 'power bi', 'python', 'azure']"
2955,Zoho,Data Scientist,Mumbai,Remote,Internship,5,AWS|SQL|Statistics|Airflow|Machine Learning|Spark,24.87,2024-05-30,"['machine learning', 'statistics', 'aws', 'sql', 'airflow', 'spark']"
2956,Paytm,Analytics Engineer,Remote,Onsite,Full-time,2,Tableau|SQL|Spark|Python|Statistics,9.5,2023-10-11,"['statistics', 'sql', 'spark', 'tableau', 'python']"
2957,Flipkart,Analytics Engineer,Delhi,Hybrid,Internship,4,Power BI|Tableau|Airflow|Data Warehousing|Excel|NumPy|SQL,14.51,2024-07-04,"['numpy', 'excel', 'sql', 'airflow', 'power bi', 'data warehousing', 'tableau']"
2958,TCS,Data Analyst,Pune,Hybrid,Contract,4,Python|AWS|Machine Learning|NumPy,17.07,2023-09-21,"['machine learning', 'numpy', 'python', 'aws']"
2959,Cognizant,Business Analyst,Delhi,Hybrid,Full-time,6,AWS|Data Warehousing|Docker|Statistics|Python,19.15,2024-04-26,"['statistics', 'aws', 'data warehousing', 'python', 'docker']"
2960,Amazon,Data Analyst,Bengaluru,Onsite,Full-time,0,Data Warehousing|Git|Statistics|Airflow,4.97,2024-04-19,"['data warehousing', 'git', 'statistics', 'airflow']"
2961,Paytm,Data Scientist,Remote,Hybrid,Internship,4,Statistics|Python|Data Warehousing|Tableau|Power BI|Excel,17.77,2024-06-26,"['statistics', 'excel', 'power bi', 'data warehousing', 'tableau', 'python']"
2962,Deloitte,Analytics Engineer,Remote,Onsite,Contract,7,SQL|NumPy|Azure|Airflow|Python|Excel,22.95,2024-04-20,"['numpy', 'excel', 'sql', 'airflow', 'python', 'azure']"
2963,Walmart,Analytics Engineer,Bengaluru,Hybrid,Internship,8,Excel|Machine Learning|NumPy|Docker|AWS|Power BI|Data Warehousing|Statistics,29.08,2023-04-18,"['machine learning', 'numpy', 'statistics', 'aws', 'excel', 'power bi', 'data warehousing', 'docker']"
2964,Amazon,Business Analyst,Hyderabad,Onsite,Contract,0,Data Warehousing|Docker|Airflow|Excel,2.75,2023-09-28,"['data warehousing', 'airflow', 'docker', 'excel']"
2965,Infosys,Data Scientist,Bengaluru,Hybrid,Full-time,6,Tableau|Data Warehousing|Power BI|Statistics|Pandas|AWS,23.56,2023-10-05,"['statistics', 'aws', 'pandas', 'power bi', 'data warehousing', 'tableau']"
2966,Microsoft,BI Analyst,Delhi,Hybrid,Full-time,4,Excel|Spark|Git|NumPy|Airflow,12.59,2023-12-05,"['numpy', 'excel', 'git', 'airflow', 'spark']"
2967,Paytm,BI Analyst,Chennai,Onsite,Full-time,2,Power BI|Excel|Tableau|SQL|Docker|Pandas,7.7,2024-08-29,"['excel', 'sql', 'power bi', 'pandas', 'tableau', 'docker']"
2968,Zoho,Data Scientist,Hyderabad,Remote,Full-time,2,Airflow|Python|Statistics|SQL,14.95,2023-07-28,"['sql', 'statistics', 'python', 'airflow']"
2969,Walmart,Data Analyst,Hyderabad,Remote,Internship,5,Pandas|Power BI|Azure|Excel|Docker,17.77,2024-03-24,"['excel', 'power bi', 'azure', 'pandas', 'docker']"
2970,Walmart,Business Analyst,Bengaluru,Onsite,Internship,5,Machine Learning|Excel|Pandas|Airflow|NumPy,21.23,2023-11-17,"['machine learning', 'numpy', 'excel', 'airflow', 'pandas']"
2971,Flipkart,Analytics Engineer,Chennai,Hybrid,Internship,4,Excel|Docker|Airflow|Spark|SQL|Machine Learning,16.13,2023-11-21,"['machine learning', 'excel', 'sql', 'airflow', 'spark', 'docker']"
2972,Microsoft,Business Analyst,Remote,Remote,Full-time,6,Excel|Spark|Python|Machine Learning|SQL|Data Warehousing|AWS|Azure,24.9,2023-07-07,"['machine learning', 'aws', 'excel', 'sql', 'spark', 'data warehousing', 'python', 'azure']"
2973,Paytm,Business Analyst,Delhi,Onsite,Contract,3,Spark|Statistics|Docker|Pandas|Machine Learning|Python,15.21,2024-10-05,"['machine learning', 'statistics', 'spark', 'pandas', 'python', 'docker']"
2974,Swiggy,Data Scientist,Remote,Hybrid,Internship,2,Data Warehousing|Python|Pandas|ETL|Airflow|Statistics|Git|Docker,13.5,2023-04-01,"['statistics', 'git', 'airflow', 'etl', 'data warehousing', 'pandas', 'python', 'docker']"
2975,Accenture,Data Scientist,Hyderabad,Hybrid,Contract,7,Spark|Machine Learning|Airflow|Git|Excel,27.84,2024-04-29,"['machine learning', 'excel', 'git', 'airflow', 'spark']"
2976,Microsoft,BI Analyst,Hyderabad,Onsite,Full-time,7,AWS|Machine Learning|Data Warehousing|NumPy|Excel|Git,24.28,2023-02-24,"['machine learning', 'numpy', 'aws', 'excel', 'git', 'data warehousing']"
2977,Freshworks,BI Analyst,Delhi,Remote,Full-time,0,Data Warehousing|Excel|NumPy|ETL|Machine Learning|Git|Power BI,8.09,2024-01-09,"['machine learning', 'numpy', 'excel', 'git', 'power bi', 'etl', 'data warehousing']"
2978,Accenture,BI Analyst,Mumbai,Onsite,Full-time,7,Statistics|Spark|Git|Azure|Excel|Docker|NumPy|Python,20.36,2023-09-18,"['statistics', 'numpy', 'excel', 'git', 'docker', 'spark', 'python', 'azure']"
2979,Razorpay,BI Analyst,Bengaluru,Onsite,Internship,2,Machine Learning|Spark|ETL|Tableau|AWS|NumPy,13.8,2024-08-10,"['machine learning', 'numpy', 'aws', 'spark', 'etl', 'tableau']"
2980,Paytm,Business Analyst,Hyderabad,Hybrid,Internship,2,Git|Python|Statistics|AWS|Power BI|NumPy,10.31,2023-04-17,"['statistics', 'numpy', 'aws', 'git', 'power bi', 'python']"
2981,Infosys,BI Analyst,Hyderabad,Hybrid,Internship,4,Tableau|Airflow|ETL|Python|Data Warehousing,14.45,2023-08-25,"['airflow', 'etl', 'data warehousing', 'tableau', 'python']"
2982,Flipkart,Data Scientist,Mumbai,Remote,Contract,4,Data Warehousing|Machine Learning|Excel|Power BI|Statistics,21.47,2023-09-06,"['machine learning', 'statistics', 'excel', 'power bi', 'data warehousing']"
2983,Flipkart,Data Analyst,Delhi,Remote,Full-time,7,Machine Learning|Docker|Spark|Excel|Pandas|ETL|AWS|Airflow,27.03,2024-06-03,"['machine learning', 'aws', 'excel', 'airflow', 'spark', 'etl', 'pandas', 'docker']"
2984,Walmart,Business Analyst,Delhi,Remote,Contract,7,Tableau|ETL|Spark|Docker|Excel,23.48,2023-05-28,"['excel', 'spark', 'etl', 'tableau', 'docker']"
2985,Amazon,Data Scientist,Hyderabad,Remote,Full-time,1,Statistics|Excel|Docker|Power BI|Azure|ETL|Python|Git,11.68,2024-11-12,"['statistics', 'excel', 'git', 'docker', 'power bi', 'etl', 'python', 'azure']"
2986,Infosys,BI Analyst,Chennai,Remote,Full-time,6,Git|Docker|Data Warehousing|ETL,21.3,2023-10-11,"['data warehousing', 'git', 'etl', 'docker']"
2987,TCS,Senior Data Analyst,Hyderabad,Remote,Contract,6,Spark|Tableau|SQL|Power BI|Machine Learning|NumPy,24.87,2023-01-17,"['machine learning', 'numpy', 'sql', 'power bi', 'spark', 'tableau']"
2988,Paytm,Data Analyst,Chennai,Remote,Full-time,2,Pandas|SQL|Statistics|Airflow|Azure,10.02,2024-01-01,"['statistics', 'sql', 'airflow', 'pandas', 'azure']"
2989,Flipkart,Analytics Engineer,Mumbai,Onsite,Full-time,2,Docker|ETL|Statistics|Airflow|Excel|Power BI|Tableau,9.6,2023-08-11,"['statistics', 'excel', 'airflow', 'power bi', 'etl', 'tableau', 'docker']"
2990,Cognizant,Data Scientist,Pune,Remote,Full-time,7,Excel|Git|Machine Learning|Tableau|AWS,29.06,2023-12-19,"['machine learning', 'aws', 'excel', 'git', 'tableau']"
2991,Microsoft,Data Analyst,Hyderabad,Onsite,Internship,0,Airflow|Python|Statistics|Git|Data Warehousing,3.08,2024-10-05,"['statistics', 'git', 'airflow', 'data warehousing', 'python']"
2992,Amazon,Senior Data Analyst,Chennai,Hybrid,Contract,8,Airflow|Azure|Tableau|Docker|Statistics|SQL|Pandas,22.83,2023-01-27,"['statistics', 'docker', 'sql', 'airflow', 'pandas', 'tableau', 'azure']"
2993,Freshworks,Business Analyst,Chennai,Onsite,Contract,0,NumPy|Power BI|Machine Learning|Statistics|Tableau|Python|Azure|AWS,7.37,2023-08-27,"['machine learning', 'numpy', 'statistics', 'aws', 'power bi', 'tableau', 'python', 'azure']"
2994,Microsoft,BI Analyst,Bengaluru,Remote,Full-time,3,Excel|ETL|Tableau|Data Warehousing,15.05,2023-02-22,"['data warehousing', 'tableau', 'etl', 'excel']"
2995,Infosys,Data Scientist,Bengaluru,Remote,Full-time,7,Python|Excel|NumPy|Machine Learning|Spark|Data Warehousing,31.92,2023-06-26,"['machine learning', 'numpy', 'excel', 'spark', 'data warehousing', 'python']"
2996,Flipkart,Analytics Engineer,Remote,Hybrid,Internship,7,Pandas|Tableau|Machine Learning|AWS,23.54,2024-09-02,"['tableau', 'machine learning', 'pandas', 'aws']"
2997,Deloitte,Data Scientist,Remote,Remote,Full-time,5,Docker|SQL|Power BI|Tableau|Data Warehousing|ETL|Pandas|AWS,22.66,2023-12-26,"['aws', 'sql', 'power bi', 'pandas', 'etl', 'data warehousing', 'tableau', 'docker']"
2998,Razorpay,BI Analyst,Mumbai,Onsite,Internship,5,Python|NumPy|Power BI|Tableau|Data Warehousing|Machine Learning|Spark,19.3,2023-01-04,"['machine learning', 'numpy', 'power bi', 'spark', 'data warehousing', 'tableau', 'python']"
2999,Infosys,Senior Data Analyst,Hyderabad,Onsite,Internship,1,Azure|Python|Power BI|Airflow|Spark|Excel|SQL,6.33,2024-10-02,"['excel', 'sql', 'airflow', 'power bi', 'spark', 'python', 'azure']"
3000,Cognizant,BI Analyst,Chennai,Onsite,Contract,7,Data Warehousing|ETL|Pandas|Git|Azure|Machine Learning,24.02,2023-04-10,"['machine learning', 'git', 'etl', 'data warehousing', 'pandas', 'azure']"
3001,Paytm,Senior Data Analyst,Mumbai,Hybrid,Full-time,0,Git|Pandas|Data Warehousing|Tableau|NumPy|Airflow,3.68,2024-04-01,"['numpy', 'tableau', 'git', 'airflow', 'data warehousing', 'pandas']"
3002,Razorpay,Analytics Engineer,Bengaluru,Hybrid,Internship,6,Tableau|Data Warehousing|Excel|Airflow|Spark|Power BI,22.4,2023-08-20,"['excel', 'airflow', 'power bi', 'spark', 'data warehousing', 'tableau']"
3003,Microsoft,Analytics Engineer,Pune,Hybrid,Internship,4,SQL|Machine Learning|Git|NumPy|Power BI|Data Warehousing,17.49,2023-10-30,"['machine learning', 'numpy', 'git', 'sql', 'power bi', 'data warehousing']"
3004,Deloitte,Business Analyst,Bengaluru,Hybrid,Internship,4,Docker|Airflow|Statistics|Excel,17.18,2024-07-27,"['airflow', 'statistics', 'docker', 'excel']"
3005,Infosys,Data Scientist,Remote,Onsite,Contract,6,Data Warehousing|Spark|Machine Learning|Pandas|Statistics|Excel|AWS|SQL,25.69,2024-03-23,"['machine learning', 'statistics', 'aws', 'excel', 'sql', 'spark', 'data warehousing', 'pandas']"
3006,Deloitte,Data Scientist,Mumbai,Hybrid,Full-time,2,AWS|Power BI|Machine Learning|Statistics|Data Warehousing|Tableau|Azure,16.33,2023-11-21,"['machine learning', 'statistics', 'aws', 'power bi', 'data warehousing', 'tableau', 'azure']"
3007,Zoho,BI Analyst,Hyderabad,Onsite,Internship,7,Power BI|Pandas|Excel|AWS,22.22,2023-12-31,"['pandas', 'excel', 'aws', 'power bi']"
3008,Freshworks,Data Scientist,Bengaluru,Hybrid,Contract,8,Machine Learning|Statistics|Git|ETL|Data Warehousing,31.51,2023-02-10,"['machine learning', 'statistics', 'git', 'etl', 'data warehousing']"
3009,Accenture,Data Scientist,Remote,Remote,Full-time,3,Spark|Power BI|Airflow|Machine Learning|Statistics|Pandas|NumPy,21.46,2024-08-26,"['machine learning', 'statistics', 'numpy', 'airflow', 'power bi', 'spark', 'pandas']"
3010,Flipkart,Data Analyst,Bengaluru,Onsite,Full-time,3,ETL|NumPy|Pandas|Airflow|Statistics,13.17,2024-05-10,"['numpy', 'statistics', 'airflow', 'etl', 'pandas']"
3011,Deloitte,Data Analyst,Pune,Remote,Internship,2,Python|Data Warehousing|Machine Learning|Airflow|Pandas,14.59,2023-12-24,"['machine learning', 'airflow', 'data warehousing', 'pandas', 'python']"
3012,Infosys,Data Analyst,Pune,Hybrid,Internship,5,Excel|AWS|Power BI|Pandas|Airflow,15.02,2024-07-06,"['aws', 'excel', 'airflow', 'power bi', 'pandas']"
3013,Microsoft,Data Analyst,Bengaluru,Onsite,Internship,5,NumPy|Docker|Azure|AWS|Python|Spark|Tableau,17.22,2023-09-09,"['numpy', 'aws', 'docker', 'spark', 'tableau', 'python', 'azure']"
3014,Paytm,BI Analyst,Chennai,Remote,Internship,5,Excel|Azure|NumPy|Spark|Machine Learning,21.31,2024-03-30,"['machine learning', 'numpy', 'excel', 'spark', 'azure']"
3015,Razorpay,BI Analyst,Bengaluru,Hybrid,Full-time,0,SQL|Docker|Python|Git|Statistics|Excel|NumPy,5.22,2024-03-31,"['statistics', 'numpy', 'excel', 'git', 'sql', 'python', 'docker']"
3016,Swiggy,Data Analyst,Bengaluru,Remote,Full-time,4,Power BI|ETL|Excel|Git|Tableau|NumPy|Machine Learning|Statistics,20.91,2024-01-26,"['machine learning', 'numpy', 'statistics', 'excel', 'git', 'power bi', 'etl', 'tableau']"
3017,Walmart,Analytics Engineer,Remote,Hybrid,Contract,7,Pandas|Power BI|Git|Data Warehousing|Statistics|Spark|Airflow,20.02,2023-11-29,"['statistics', 'git', 'airflow', 'power bi', 'spark', 'data warehousing', 'pandas']"
3018,Microsoft,Senior Data Analyst,Chennai,Onsite,Contract,8,Docker|Tableau|Machine Learning|Power BI|Excel|Git|Statistics,26.01,2024-06-02,"['machine learning', 'statistics', 'excel', 'git', 'power bi', 'tableau', 'docker']"
3019,Cognizant,Business Analyst,Chennai,Remote,Full-time,1,Tableau|ETL|Power BI|NumPy|Data Warehousing|Spark,7.02,2024-10-10,"['numpy', 'power bi', 'spark', 'etl', 'data warehousing', 'tableau']"
3020,Infosys,Business Analyst,Remote,Onsite,Full-time,3,Data Warehousing|Pandas|SQL|ETL|AWS,11.38,2023-05-06,"['aws', 'sql', 'etl', 'data warehousing', 'pandas']"
3021,TCS,Business Analyst,Pune,Hybrid,Contract,0,Machine Learning|Data Warehousing|Git|Airflow|Pandas|NumPy,6.59,2024-11-13,"['machine learning', 'numpy', 'git', 'airflow', 'data warehousing', 'pandas']"
3022,Cognizant,Data Analyst,Remote,Onsite,Contract,7,Airflow|Python|Excel|Pandas|NumPy|Machine Learning|AWS,23.25,2023-04-12,"['machine learning', 'numpy', 'aws', 'excel', 'airflow', 'pandas', 'python']"
3023,Flipkart,Data Scientist,Remote,Hybrid,Contract,4,Git|Airflow|Statistics|ETL|Azure|Data Warehousing,18.95,2024-03-19,"['statistics', 'git', 'airflow', 'etl', 'data warehousing', 'azure']"
3024,Flipkart,BI Analyst,Delhi,Remote,Internship,4,Airflow|SQL|Machine Learning|Pandas|Power BI|Python|Git,19.55,2023-05-24,"['machine learning', 'git', 'sql', 'airflow', 'power bi', 'pandas', 'python']"
3025,Cognizant,BI Analyst,Chennai,Remote,Internship,4,Azure|Pandas|SQL|Statistics|ETL|Python,15.61,2024-05-21,"['statistics', 'sql', 'etl', 'pandas', 'python', 'azure']"
3026,Zoho,Business Analyst,Hyderabad,Onsite,Contract,8,ETL|Excel|Statistics|Pandas|Data Warehousing|Spark|Airflow|Power BI,22.73,2024-07-21,"['statistics', 'excel', 'airflow', 'power bi', 'spark', 'etl', 'data warehousing', 'pandas']"
3027,Microsoft,Data Scientist,Pune,Remote,Contract,0,Pandas|Git|Airflow|Azure|Tableau|Docker|Machine Learning,11.1,2024-01-25,"['machine learning', 'git', 'docker', 'airflow', 'pandas', 'tableau', 'azure']"
3028,Infosys,Business Analyst,Chennai,Onsite,Internship,4,Docker|NumPy|AWS|Python|Tableau|Power BI|SQL,13.08,2024-07-11,"['numpy', 'aws', 'sql', 'power bi', 'tableau', 'python', 'docker']"
3029,Microsoft,Business Analyst,Remote,Remote,Contract,3,Python|Power BI|SQL|Git|Airflow,13.51,2024-02-15,"['git', 'sql', 'airflow', 'power bi', 'python']"
3030,Cognizant,Senior Data Analyst,Chennai,Onsite,Full-time,8,Azure|Data Warehousing|Machine Learning|Statistics|Pandas|Airflow|Power BI|Excel,26.68,2023-12-18,"['machine learning', 'statistics', 'excel', 'airflow', 'power bi', 'data warehousing', 'pandas', 'azure']"
3031,Freshworks,Senior Data Analyst,Chennai,Onsite,Full-time,3,Git|Machine Learning|Pandas|Statistics|Spark|ETL|Tableau,15.87,2024-07-13,"['machine learning', 'statistics', 'git', 'spark', 'etl', 'tableau', 'pandas']"
3032,Paytm,Data Scientist,Pune,Onsite,Internship,8,Power BI|Statistics|Pandas|Git|NumPy|Airflow|AWS,29.46,2024-07-09,"['statistics', 'numpy', 'aws', 'git', 'airflow', 'power bi', 'pandas']"
3033,Infosys,Analytics Engineer,Delhi,Hybrid,Internship,5,Docker|Machine Learning|SQL|Statistics|Azure|ETL|Power BI|Pandas,20.08,2024-09-06,"['machine learning', 'statistics', 'sql', 'docker', 'power bi', 'etl', 'pandas', 'azure']"
3034,Swiggy,Data Scientist,Pune,Hybrid,Full-time,1,Excel|Machine Learning|Docker|NumPy|AWS|Data Warehousing|Azure,14.85,2024-08-29,"['machine learning', 'numpy', 'aws', 'excel', 'azure', 'data warehousing', 'docker']"
3035,Freshworks,BI Analyst,Pune,Remote,Internship,8,Excel|Docker|Machine Learning|ETL|Pandas|SQL,27.57,2024-05-07,"['machine learning', 'excel', 'sql', 'etl', 'pandas', 'docker']"
3036,Walmart,Data Scientist,Remote,Hybrid,Internship,0,Python|Excel|Azure|Docker,6.73,2023-03-01,"['docker', 'python', 'azure', 'excel']"
3037,Accenture,Analytics Engineer,Hyderabad,Onsite,Internship,5,Python|NumPy|Machine Learning|Azure|Statistics,18.37,2024-01-10,"['machine learning', 'numpy', 'statistics', 'python', 'azure']"
3038,Swiggy,Data Analyst,Chennai,Hybrid,Full-time,0,Spark|Airflow|Power BI|Docker|Excel|Data Warehousing,3.05,2023-02-06,"['excel', 'airflow', 'power bi', 'spark', 'data warehousing', 'docker']"
3039,Infosys,BI Analyst,Delhi,Hybrid,Full-time,5,Docker|NumPy|Azure|Airflow|Tableau|AWS|Data Warehousing,16.57,2023-10-22,"['numpy', 'aws', 'docker', 'airflow', 'data warehousing', 'tableau', 'azure']"
3040,Infosys,Data Scientist,Bengaluru,Onsite,Contract,2,Excel|Azure|Tableau|ETL|Machine Learning|SQL|Data Warehousing,18.43,2023-11-18,"['machine learning', 'excel', 'sql', 'etl', 'data warehousing', 'tableau', 'azure']"
3041,Microsoft,Analytics Engineer,Chennai,Remote,Full-time,8,Power BI|Machine Learning|Git|Data Warehousing|Python|Docker,27.57,2023-12-21,"['machine learning', 'git', 'power bi', 'data warehousing', 'python', 'docker']"
3042,Walmart,BI Analyst,Mumbai,Onsite,Internship,4,Python|NumPy|Spark|Docker|Tableau|Power BI,14.25,2024-08-01,"['numpy', 'power bi', 'spark', 'tableau', 'python', 'docker']"
3043,Infosys,BI Analyst,Hyderabad,Onsite,Contract,0,Machine Learning|Data Warehousing|Python|Excel|Airflow,8.22,2023-01-13,"['machine learning', 'excel', 'airflow', 'data warehousing', 'python']"
3044,Freshworks,BI Analyst,Remote,Hybrid,Contract,1,Pandas|Statistics|Azure|Data Warehousing|Spark|Airflow|Tableau|Power BI,6.89,2023-08-14,"['statistics', 'tableau', 'airflow', 'power bi', 'spark', 'data warehousing', 'pandas', 'azure']"
3045,Freshworks,BI Analyst,Pune,Hybrid,Contract,5,Machine Learning|Git|NumPy|SQL|Statistics|Power BI,20.84,2023-12-12,"['machine learning', 'numpy', 'statistics', 'git', 'sql', 'power bi']"
3046,Zoho,Senior Data Analyst,Pune,Hybrid,Full-time,8,AWS|Git|SQL|Power BI,22.82,2024-11-30,"['git', 'sql', 'aws', 'power bi']"
3047,Paytm,Analytics Engineer,Chennai,Onsite,Full-time,3,Excel|Machine Learning|Power BI|Statistics|Spark|Python|Git|SQL,13.29,2023-09-18,"['machine learning', 'statistics', 'excel', 'git', 'sql', 'power bi', 'spark', 'python']"
3048,Deloitte,Data Scientist,Delhi,Hybrid,Contract,3,SQL|Docker|Power BI|Statistics|AWS|Spark|Machine Learning|Airflow,17.54,2023-10-22,"['machine learning', 'statistics', 'aws', 'sql', 'airflow', 'power bi', 'spark', 'docker']"
3049,Amazon,BI Analyst,Remote,Onsite,Internship,3,Power BI|Excel|AWS|Docker|Git,11.35,2023-04-25,"['aws', 'excel', 'git', 'power bi', 'docker']"
3050,Flipkart,Analytics Engineer,Delhi,Hybrid,Contract,1,Git|Spark|AWS|Tableau|Data Warehousing,6.39,2023-03-31,"['aws', 'git', 'spark', 'data warehousing', 'tableau']"
3051,Zoho,Business Analyst,Remote,Remote,Contract,1,Docker|Pandas|Power BI|Python,9.07,2024-11-20,"['pandas', 'python', 'docker', 'power bi']"
3052,Microsoft,Analytics Engineer,Hyderabad,Hybrid,Contract,1,Python|Machine Learning|Docker|Excel,10.63,2024-02-06,"['machine learning', 'python', 'docker', 'excel']"
3053,Swiggy,Senior Data Analyst,Hyderabad,Onsite,Internship,4,Pandas|Docker|AWS|SQL|Excel,14.78,2023-01-08,"['aws', 'excel', 'sql', 'pandas', 'docker']"
3054,Accenture,Data Analyst,Hyderabad,Hybrid,Internship,7,Pandas|Git|NumPy|Spark|Machine Learning,24.39,2023-02-18,"['machine learning', 'numpy', 'git', 'spark', 'pandas']"
3055,Amazon,Analytics Engineer,Remote,Hybrid,Internship,7,Azure|ETL|SQL|Python|AWS|Tableau|Spark|Machine Learning,23.12,2023-02-14,"['machine learning', 'aws', 'sql', 'spark', 'etl', 'tableau', 'python', 'azure']"
3056,Flipkart,Data Analyst,Pune,Hybrid,Internship,0,NumPy|Excel|Pandas|Machine Learning|Spark|Data Warehousing|Azure,6.35,2024-01-14,"['machine learning', 'numpy', 'excel', 'spark', 'data warehousing', 'pandas', 'azure']"
3057,Paytm,BI Analyst,Chennai,Hybrid,Internship,1,Pandas|AWS|Statistics|Azure|Python|Tableau|Excel,5.65,2023-07-08,"['statistics', 'aws', 'excel', 'tableau', 'pandas', 'python', 'azure']"
3058,Zoho,Senior Data Analyst,Chennai,Remote,Full-time,6,Docker|AWS|Data Warehousing|Airflow|SQL|Pandas,21.2,2023-12-07,"['aws', 'sql', 'airflow', 'data warehousing', 'pandas', 'docker']"
3059,Walmart,BI Analyst,Remote,Remote,Internship,5,NumPy|Azure|Airflow|SQL|Machine Learning|Pandas|Docker,22.48,2024-02-10,"['machine learning', 'numpy', 'sql', 'docker', 'airflow', 'pandas', 'azure']"
3060,Razorpay,Data Scientist,Bengaluru,Remote,Internship,6,Spark|Docker|Pandas|Airflow|NumPy|Python,27.76,2023-08-23,"['numpy', 'airflow', 'spark', 'pandas', 'python', 'docker']"
3061,Microsoft,Business Analyst,Chennai,Remote,Full-time,7,Excel|Pandas|AWS|Docker|NumPy|Spark,23.41,2023-04-01,"['numpy', 'aws', 'excel', 'spark', 'pandas', 'docker']"
3062,Freshworks,Analytics Engineer,Chennai,Hybrid,Contract,2,Excel|Azure|SQL|Spark|Data Warehousing,10.25,2024-10-11,"['excel', 'sql', 'spark', 'data warehousing', 'azure']"
3063,Accenture,Data Scientist,Bengaluru,Hybrid,Full-time,3,Excel|Statistics|ETL|NumPy|Docker|Python|Data Warehousing,18.81,2023-11-11,"['numpy', 'statistics', 'excel', 'etl', 'data warehousing', 'python', 'docker']"
3064,Accenture,Data Analyst,Mumbai,Remote,Full-time,2,ETL|SQL|Machine Learning|Data Warehousing|Tableau|Statistics|Power BI|Azure,12.37,2024-09-26,"['machine learning', 'statistics', 'sql', 'power bi', 'etl', 'data warehousing', 'tableau', 'azure']"
3065,Swiggy,Senior Data Analyst,Bengaluru,Onsite,Contract,2,NumPy|Excel|Power BI|AWS|Azure|Pandas,12.47,2024-11-14,"['numpy', 'aws', 'excel', 'power bi', 'pandas', 'azure']"
3066,Paytm,Analytics Engineer,Delhi,Remote,Full-time,6,Machine Learning|Python|Statistics|Airflow|NumPy,23.77,2023-12-03,"['machine learning', 'statistics', 'numpy', 'airflow', 'python']"
3067,Infosys,Analytics Engineer,Delhi,Remote,Internship,0,Git|NumPy|Azure|Data Warehousing|Excel|Statistics|ETL|Spark,4.15,2024-03-24,"['numpy', 'statistics', 'excel', 'git', 'spark', 'etl', 'data warehousing', 'azure']"
3068,Amazon,Business Analyst,Delhi,Remote,Full-time,4,Airflow|Docker|NumPy|Git|AWS|Excel,15.29,2024-12-01,"['numpy', 'aws', 'excel', 'git', 'airflow', 'docker']"
3069,Swiggy,Data Scientist,Delhi,Hybrid,Contract,4,Data Warehousing|Docker|Machine Learning|Power BI|Azure,19.55,2023-12-01,"['machine learning', 'docker', 'power bi', 'data warehousing', 'azure']"
3070,Cognizant,Analytics Engineer,Pune,Hybrid,Full-time,2,Docker|Pandas|AWS|Statistics|Airflow|Power BI,9.75,2023-05-30,"['statistics', 'aws', 'airflow', 'power bi', 'pandas', 'docker']"
3071,Cognizant,Business Analyst,Mumbai,Remote,Full-time,5,Pandas|ETL|Tableau|Azure|Excel|Spark|NumPy,18.63,2024-04-29,"['numpy', 'excel', 'pandas', 'spark', 'etl', 'tableau', 'azure']"
3072,Zoho,Data Scientist,Delhi,Hybrid,Full-time,4,Pandas|NumPy|Airflow|Azure|Docker|Tableau|Excel,17.75,2023-04-18,"['numpy', 'excel', 'airflow', 'azure', 'tableau', 'pandas', 'docker']"
3073,Deloitte,Senior Data Analyst,Pune,Onsite,Internship,1,Airflow|Power BI|Machine Learning|Python|NumPy|Git,10.44,2024-01-31,"['machine learning', 'numpy', 'git', 'airflow', 'power bi', 'python']"
3074,Paytm,Data Scientist,Delhi,Remote,Full-time,8,ETL|Pandas|Excel|Git|AWS|Docker|Python|Tableau,30.73,2024-01-04,"['aws', 'excel', 'git', 'etl', 'tableau', 'pandas', 'python', 'docker']"
3075,Deloitte,Analytics Engineer,Bengaluru,Remote,Full-time,6,Azure|Docker|Airflow|SQL|Tableau|Data Warehousing|Excel|Spark,21.68,2024-11-02,"['excel', 'sql', 'airflow', 'spark', 'azure', 'data warehousing', 'tableau', 'docker']"
3076,Freshworks,Data Analyst,Hyderabad,Hybrid,Full-time,8,Python|Tableau|NumPy|AWS|Spark,23.76,2023-03-11,"['numpy', 'aws', 'spark', 'tableau', 'python']"
3077,Accenture,Data Scientist,Remote,Remote,Full-time,3,ETL|Statistics|Azure|AWS|Machine Learning|Python|SQL,18.98,2023-01-29,"['machine learning', 'statistics', 'aws', 'sql', 'etl', 'python', 'azure']"
3078,Accenture,BI Analyst,Bengaluru,Remote,Contract,3,Data Warehousing|Spark|Power BI|Python,14.22,2023-04-12,"['data warehousing', 'spark', 'python', 'power bi']"
3079,Razorpay,Business Analyst,Pune,Remote,Full-time,3,NumPy|Statistics|Docker|Git,13.56,2024-11-26,"['git', 'numpy', 'statistics', 'docker']"
3080,Zoho,Senior Data Analyst,Mumbai,Remote,Full-time,0,Pandas|Power BI|ETL|Statistics|Python|Git|Tableau|SQL,5.45,2023-02-05,"['statistics', 'git', 'sql', 'power bi', 'etl', 'tableau', 'pandas', 'python']"
3081,Swiggy,Business Analyst,Pune,Remote,Internship,5,Python|Statistics|SQL|Azure|Airflow|ETL|Spark|Pandas,18.57,2023-01-08,"['statistics', 'sql', 'airflow', 'spark', 'etl', 'pandas', 'python', 'azure']"
3082,Deloitte,Data Analyst,Remote,Hybrid,Internship,1,Power BI|Git|NumPy|Docker|Pandas|Tableau|Data Warehousing|Excel,5.72,2023-08-12,"['numpy', 'excel', 'git', 'power bi', 'data warehousing', 'tableau', 'pandas', 'docker']"
3083,TCS,BI Analyst,Pune,Remote,Full-time,1,Power BI|Azure|Excel|Spark|Statistics|Git,6.84,2024-10-03,"['statistics', 'excel', 'git', 'power bi', 'spark', 'azure']"
3084,Infosys,Data Scientist,Remote,Hybrid,Internship,8,Python|Excel|Statistics|Power BI|Machine Learning|Docker|Data Warehousing,29.64,2023-09-01,"['machine learning', 'statistics', 'excel', 'power bi', 'data warehousing', 'python', 'docker']"
3085,TCS,Data Scientist,Mumbai,Remote,Full-time,8,NumPy|AWS|Azure|Spark,28.54,2023-07-29,"['spark', 'numpy', 'azure', 'aws']"
3086,Amazon,Data Analyst,Remote,Remote,Internship,6,Python|Spark|Docker|AWS,19.53,2023-03-19,"['spark', 'aws', 'python', 'docker']"
3087,Accenture,Business Analyst,Delhi,Onsite,Full-time,2,Pandas|Git|NumPy|Power BI|Data Warehousing|Docker,7.76,2023-04-25,"['numpy', 'git', 'power bi', 'data warehousing', 'pandas', 'docker']"
3088,Infosys,BI Analyst,Pune,Remote,Contract,7,Spark|AWS|Power BI|Machine Learning|Data Warehousing|Tableau|Git|NumPy,24.8,2023-03-27,"['machine learning', 'numpy', 'aws', 'git', 'power bi', 'spark', 'data warehousing', 'tableau']"
3089,Deloitte,BI Analyst,Remote,Remote,Internship,8,Tableau|Docker|Git|Statistics,25.23,2023-05-19,"['git', 'tableau', 'statistics', 'docker']"
3090,Zoho,Data Analyst,Remote,Onsite,Full-time,2,Tableau|Azure|Data Warehousing|Machine Learning|NumPy|Excel,11.83,2023-01-17,"['machine learning', 'numpy', 'excel', 'data warehousing', 'tableau', 'azure']"
3091,Infosys,Business Analyst,Chennai,Remote,Full-time,0,AWS|Power BI|Statistics|Azure|Airflow|Pandas|Tableau|Python,5.08,2023-07-22,"['statistics', 'aws', 'airflow', 'power bi', 'tableau', 'pandas', 'python', 'azure']"
3092,Infosys,Analytics Engineer,Chennai,Hybrid,Contract,8,Power BI|SQL|Azure|Pandas|Python|Statistics,24.08,2024-05-28,"['statistics', 'sql', 'power bi', 'pandas', 'python', 'azure']"
3093,Zoho,Business Analyst,Mumbai,Hybrid,Full-time,8,Docker|ETL|Statistics|Python|Tableau|Git,23.86,2024-05-18,"['statistics', 'git', 'etl', 'tableau', 'python', 'docker']"
3094,Flipkart,Data Scientist,Remote,Onsite,Contract,0,Statistics|Python|Azure|Data Warehousing|NumPy|Excel|Git|Spark,9.3,2023-08-26,"['numpy', 'statistics', 'excel', 'git', 'spark', 'data warehousing', 'python', 'azure']"
3095,Cognizant,Senior Data Analyst,Pune,Remote,Internship,0,ETL|Pandas|Statistics|Power BI,6.95,2023-09-06,"['pandas', 'etl', 'statistics', 'power bi']"
3096,Infosys,Business Analyst,Hyderabad,Onsite,Full-time,8,Python|Tableau|Docker|Spark|Machine Learning,26.58,2023-04-03,"['machine learning', 'spark', 'tableau', 'python', 'docker']"
3097,Cognizant,Data Analyst,Bengaluru,Onsite,Full-time,3,Python|Docker|Git|Tableau|NumPy|Machine Learning,16.79,2024-01-08,"['machine learning', 'numpy', 'git', 'tableau', 'python', 'docker']"
3098,Paytm,Business Analyst,Delhi,Hybrid,Contract,4,Airflow|Azure|SQL|Git,14.64,2023-10-07,"['git', 'azure', 'sql', 'airflow']"
3099,Deloitte,Data Analyst,Pune,Remote,Internship,1,SQL|Airflow|Excel|Machine Learning|Pandas|Statistics|AWS,10.72,2023-07-19,"['machine learning', 'statistics', 'aws', 'excel', 'sql', 'airflow', 'pandas']"
3100,Microsoft,Data Scientist,Mumbai,Onsite,Internship,1,Machine Learning|SQL|Statistics|Spark|Azure,13.9,2024-07-10,"['machine learning', 'statistics', 'sql', 'spark', 'azure']"
3101,Freshworks,Data Analyst,Delhi,Hybrid,Contract,3,Data Warehousing|Tableau|AWS|Python|SQL|Airflow|Excel|Pandas,12.39,2024-02-16,"['aws', 'excel', 'sql', 'airflow', 'pandas', 'data warehousing', 'tableau', 'python']"
3102,Infosys,BI Analyst,Pune,Remote,Internship,6,Azure|Excel|ETL|AWS,19.29,2023-02-09,"['aws', 'etl', 'azure', 'excel']"
3103,Paytm,Business Analyst,Hyderabad,Onsite,Contract,1,Docker|AWS|Pandas|SQL|Statistics|Airflow|Python,5.62,2023-01-05,"['statistics', 'aws', 'sql', 'airflow', 'pandas', 'python', 'docker']"
3104,Paytm,Data Scientist,Pune,Hybrid,Internship,5,AWS|Git|Machine Learning|Docker|Power BI,22.41,2023-07-14,"['machine learning', 'aws', 'git', 'power bi', 'docker']"
3105,Flipkart,Business Analyst,Remote,Onsite,Full-time,0,Spark|Pandas|Machine Learning|Excel|Git|AWS|Airflow|Statistics,7.63,2024-05-25,"['machine learning', 'statistics', 'aws', 'excel', 'git', 'airflow', 'spark', 'pandas']"
3106,Microsoft,BI Analyst,Hyderabad,Remote,Full-time,2,NumPy|Data Warehousing|Azure|Spark|Pandas|Docker|Statistics|Python,9.09,2024-09-19,"['numpy', 'statistics', 'docker', 'spark', 'data warehousing', 'pandas', 'python', 'azure']"
3107,Microsoft,Analytics Engineer,Remote,Hybrid,Full-time,8,Docker|NumPy|Spark|AWS|Airflow|Machine Learning|Excel,27.1,2023-09-30,"['machine learning', 'numpy', 'aws', 'excel', 'airflow', 'spark', 'docker']"
3108,Flipkart,Data Scientist,Remote,Remote,Internship,7,Statistics|Azure|Spark|Airflow|NumPy,25.89,2023-09-03,"['numpy', 'statistics', 'airflow', 'spark', 'azure']"
3109,Walmart,Data Analyst,Chennai,Onsite,Full-time,8,Docker|Git|NumPy|Power BI|Airflow|Data Warehousing|Statistics|Tableau,23.2,2023-11-16,"['numpy', 'statistics', 'git', 'airflow', 'power bi', 'data warehousing', 'tableau', 'docker']"
3110,Razorpay,BI Analyst,Hyderabad,Hybrid,Internship,2,Tableau|Docker|NumPy|Data Warehousing,7.68,2023-09-26,"['data warehousing', 'numpy', 'tableau', 'docker']"
3111,Amazon,Business Analyst,Remote,Hybrid,Internship,1,Airflow|NumPy|Excel|Spark|Pandas|Power BI,6.2,2024-06-24,"['numpy', 'excel', 'airflow', 'power bi', 'spark', 'pandas']"
3112,Flipkart,BI Analyst,Chennai,Hybrid,Internship,2,NumPy|Spark|Statistics|Python|Excel,8.59,2023-05-01,"['numpy', 'statistics', 'excel', 'spark', 'python']"
3113,Freshworks,Data Scientist,Bengaluru,Onsite,Contract,4,Machine Learning|AWS|Git|Power BI|SQL,22.52,2024-08-12,"['machine learning', 'aws', 'git', 'sql', 'power bi']"
3114,Microsoft,Senior Data Analyst,Mumbai,Remote,Contract,5,AWS|Pandas|Airflow|Docker|SQL|Azure|Machine Learning,20.04,2024-10-02,"['machine learning', 'aws', 'sql', 'airflow', 'azure', 'pandas', 'docker']"
3115,Paytm,BI Analyst,Chennai,Hybrid,Internship,3,Tableau|Spark|SQL|Power BI|AWS|Git|ETL|NumPy,11.83,2023-09-15,"['numpy', 'aws', 'git', 'sql', 'power bi', 'spark', 'etl', 'tableau']"
3116,Flipkart,BI Analyst,Delhi,Onsite,Internship,4,Data Warehousing|Git|Power BI|Excel|Statistics,13.14,2024-09-28,"['statistics', 'excel', 'git', 'power bi', 'data warehousing']"
3117,Razorpay,Analytics Engineer,Pune,Hybrid,Internship,7,Tableau|Spark|Data Warehousing|Docker|Python|Airflow,20.36,2024-01-13,"['airflow', 'spark', 'data warehousing', 'tableau', 'python', 'docker']"
3118,Infosys,Data Analyst,Delhi,Onsite,Internship,8,Machine Learning|ETL|Git|AWS|Power BI,26.52,2024-04-21,"['machine learning', 'aws', 'git', 'power bi', 'etl']"
3119,Zoho,Business Analyst,Hyderabad,Hybrid,Internship,4,NumPy|Power BI|Python|Spark|Machine Learning|SQL,18.44,2023-09-02,"['machine learning', 'numpy', 'sql', 'power bi', 'spark', 'python']"
3120,Zoho,BI Analyst,Chennai,Remote,Internship,8,Pandas|AWS|Tableau|Spark|Python|Azure|SQL,24.04,2024-03-06,"['aws', 'sql', 'pandas', 'spark', 'tableau', 'python', 'azure']"
3121,Zoho,Data Scientist,Mumbai,Remote,Contract,6,Python|Airflow|ETL|Docker,23.73,2024-04-01,"['python', 'etl', 'airflow', 'docker']"
3122,Flipkart,Analytics Engineer,Bengaluru,Hybrid,Contract,1,Power BI|ETL|AWS|Spark|Azure,7.03,2023-03-21,"['aws', 'power bi', 'spark', 'etl', 'azure']"
3123,Amazon,BI Analyst,Hyderabad,Remote,Full-time,1,Python|Tableau|SQL|Power BI|Pandas|Data Warehousing,6.74,2023-02-15,"['sql', 'power bi', 'data warehousing', 'tableau', 'pandas', 'python']"
3124,Razorpay,Senior Data Analyst,Mumbai,Hybrid,Full-time,0,ETL|Pandas|Machine Learning|Airflow|AWS,8.49,2024-06-07,"['machine learning', 'aws', 'airflow', 'etl', 'pandas']"
3125,Swiggy,Data Scientist,Bengaluru,Hybrid,Contract,2,Pandas|SQL|Machine Learning|NumPy,18.61,2024-07-15,"['machine learning', 'pandas', 'sql', 'numpy']"
3126,Walmart,Business Analyst,Mumbai,Remote,Internship,5,Git|Airflow|ETL|NumPy,18.41,2024-04-08,"['git', 'numpy', 'etl', 'airflow']"
3127,Accenture,Senior Data Analyst,Chennai,Hybrid,Internship,2,SQL|Power BI|Excel|Data Warehousing,8.27,2023-01-15,"['data warehousing', 'sql', 'excel', 'power bi']"
3128,Cognizant,BI Analyst,Delhi,Hybrid,Internship,3,Pandas|Statistics|Spark|Docker|Machine Learning|NumPy|SQL,14.1,2024-06-15,"['machine learning', 'statistics', 'numpy', 'sql', 'spark', 'pandas', 'docker']"
3129,Cognizant,Senior Data Analyst,Mumbai,Onsite,Contract,4,Azure|ETL|Spark|NumPy|Tableau|Statistics|AWS,13.19,2023-12-15,"['numpy', 'statistics', 'aws', 'spark', 'etl', 'tableau', 'azure']"
3130,TCS,BI Analyst,Delhi,Remote,Full-time,7,ETL|NumPy|Data Warehousing|Statistics|Git|Python|Docker|Excel,21.62,2024-08-23,"['numpy', 'statistics', 'excel', 'git', 'etl', 'data warehousing', 'python', 'docker']"
3131,Razorpay,Analytics Engineer,Hyderabad,Hybrid,Full-time,4,Tableau|Azure|Python|Airflow|Excel|Data Warehousing|AWS|Git,13.8,2023-01-27,"['aws', 'excel', 'git', 'airflow', 'data warehousing', 'tableau', 'python', 'azure']"
3132,Paytm,Analytics Engineer,Chennai,Hybrid,Full-time,5,Docker|Airflow|NumPy|Spark|Python|AWS|Git|Tableau,16.4,2024-02-07,"['numpy', 'aws', 'git', 'airflow', 'spark', 'tableau', 'python', 'docker']"
3133,Accenture,BI Analyst,Mumbai,Hybrid,Full-time,5,Pandas|Power BI|Python|SQL,16.17,2024-11-10,"['pandas', 'python', 'sql', 'power bi']"
3134,Microsoft,BI Analyst,Chennai,Remote,Internship,4,Tableau|Python|Git|Airflow|Power BI|Excel,14.18,2023-12-24,"['excel', 'git', 'airflow', 'power bi', 'tableau', 'python']"
3135,Freshworks,Data Scientist,Delhi,Onsite,Contract,3,Airflow|Spark|Tableau|Pandas|Power BI|Excel,16.32,2024-08-27,"['excel', 'airflow', 'power bi', 'spark', 'pandas', 'tableau']"
3136,Razorpay,Data Analyst,Remote,Remote,Contract,7,Spark|Azure|Statistics|Tableau|Git|Excel|Machine Learning,26.68,2023-06-08,"['machine learning', 'statistics', 'excel', 'git', 'spark', 'tableau', 'azure']"
3137,Infosys,Data Analyst,Mumbai,Remote,Contract,2,Azure|AWS|NumPy|Statistics|Airflow,9.25,2024-05-18,"['numpy', 'statistics', 'aws', 'airflow', 'azure']"
3138,Razorpay,Business Analyst,Hyderabad,Onsite,Contract,2,Pandas|Machine Learning|AWS|Azure|Airflow|NumPy|Data Warehousing,12.37,2024-05-23,"['machine learning', 'numpy', 'aws', 'airflow', 'data warehousing', 'pandas', 'azure']"
3139,Freshworks,Data Scientist,Chennai,Onsite,Contract,0,SQL|Statistics|Azure|Machine Learning|Pandas,9.5,2024-07-27,"['machine learning', 'statistics', 'sql', 'pandas', 'azure']"
3140,Walmart,Data Analyst,Chennai,Onsite,Full-time,5,Power BI|Excel|ETL|Data Warehousing|NumPy|AWS|Pandas|Statistics,17.08,2023-12-15,"['numpy', 'statistics', 'aws', 'excel', 'power bi', 'etl', 'data warehousing', 'pandas']"
3141,Microsoft,Data Scientist,Pune,Onsite,Internship,3,ETL|Airflow|Spark|Tableau|Pandas|Power BI|AWS|Excel,14.39,2024-03-20,"['aws', 'excel', 'airflow', 'pandas', 'spark', 'power bi', 'etl', 'tableau']"
3142,Zoho,Business Analyst,Hyderabad,Hybrid,Internship,0,SQL|Spark|Power BI|Python|NumPy|Tableau,2.73,2024-06-23,"['numpy', 'sql', 'power bi', 'spark', 'tableau', 'python']"
3143,Walmart,BI Analyst,Chennai,Remote,Internship,8,NumPy|Git|Power BI|Machine Learning|ETL|Azure|Data Warehousing,27.57,2023-08-12,"['machine learning', 'numpy', 'git', 'power bi', 'etl', 'data warehousing', 'azure']"
3144,Amazon,Analytics Engineer,Bengaluru,Onsite,Full-time,0,Tableau|Power BI|Statistics|SQL|Airflow|NumPy,7.46,2024-11-24,"['statistics', 'numpy', 'sql', 'airflow', 'power bi', 'tableau']"
3145,Paytm,Data Analyst,Hyderabad,Hybrid,Full-time,8,AWS|Data Warehousing|SQL|Machine Learning|Azure|Excel,27.91,2024-03-16,"['machine learning', 'aws', 'excel', 'sql', 'data warehousing', 'azure']"
3146,Infosys,Data Scientist,Mumbai,Remote,Full-time,2,NumPy|Power BI|Tableau|Statistics,15.19,2024-12-01,"['tableau', 'numpy', 'statistics', 'power bi']"
3147,Flipkart,Data Analyst,Hyderabad,Hybrid,Contract,3,ETL|Docker|Statistics|Git|Airflow|Data Warehousing|Spark,12.3,2024-04-12,"['statistics', 'git', 'airflow', 'spark', 'etl', 'data warehousing', 'docker']"
3148,Cognizant,Senior Data Analyst,Mumbai,Onsite,Full-time,5,AWS|Azure|Data Warehousing|Python|Tableau|Excel,15.99,2023-09-14,"['aws', 'excel', 'data warehousing', 'tableau', 'python', 'azure']"
3149,Flipkart,Senior Data Analyst,Hyderabad,Remote,Full-time,1,SQL|Excel|NumPy|AWS,7.61,2023-08-29,"['numpy', 'sql', 'aws', 'excel']"
3150,Swiggy,Analytics Engineer,Chennai,Remote,Internship,2,Statistics|NumPy|Azure|SQL|Tableau,11.95,2023-11-15,"['numpy', 'statistics', 'sql', 'tableau', 'azure']"
3151,Accenture,Analytics Engineer,Bengaluru,Hybrid,Full-time,5,Python|Git|Data Warehousing|Power BI|NumPy|Excel,19.4,2024-03-08,"['numpy', 'excel', 'git', 'power bi', 'data warehousing', 'python']"
3152,Freshworks,BI Analyst,Chennai,Remote,Contract,7,Tableau|Azure|ETL|SQL|Spark|Excel,22.81,2023-04-20,"['excel', 'sql', 'spark', 'etl', 'tableau', 'azure']"
3153,Infosys,Senior Data Analyst,Pune,Onsite,Full-time,8,Machine Learning|Excel|Statistics|Spark|AWS,26.02,2023-10-16,"['machine learning', 'statistics', 'aws', 'excel', 'spark']"
3154,Deloitte,BI Analyst,Delhi,Hybrid,Contract,5,Pandas|Spark|Power BI|Azure|Python|Git|Tableau,16.86,2024-04-09,"['git', 'power bi', 'spark', 'tableau', 'pandas', 'python', 'azure']"
3155,Paytm,Data Analyst,Bengaluru,Remote,Contract,2,Pandas|Machine Learning|ETL|Airflow|Git|AWS,16.67,2024-08-26,"['machine learning', 'aws', 'git', 'airflow', 'etl', 'pandas']"
3156,Swiggy,Analytics Engineer,Bengaluru,Remote,Contract,5,Airflow|Azure|AWS|Git,20.6,2023-10-10,"['aws', 'git', 'azure', 'airflow']"
3157,Infosys,BI Analyst,Remote,Remote,Contract,4,Docker|Machine Learning|Airflow|Pandas|Power BI|Tableau,17.09,2023-03-16,"['machine learning', 'airflow', 'power bi', 'tableau', 'pandas', 'docker']"
3158,Freshworks,Business Analyst,Chennai,Hybrid,Internship,4,Data Warehousing|Airflow|Statistics|Machine Learning|Pandas,18.17,2023-03-12,"['machine learning', 'statistics', 'airflow', 'data warehousing', 'pandas']"
3159,Cognizant,Analytics Engineer,Bengaluru,Remote,Contract,7,Spark|SQL|ETL|Azure|Excel|NumPy|Statistics,25.54,2023-08-22,"['numpy', 'statistics', 'excel', 'sql', 'spark', 'etl', 'azure']"
3160,Microsoft,BI Analyst,Bengaluru,Remote,Contract,2,SQL|Excel|Git|Machine Learning|Spark|Python,16.0,2024-04-17,"['machine learning', 'excel', 'git', 'sql', 'spark', 'python']"
3161,Zoho,Data Scientist,Hyderabad,Onsite,Contract,0,Statistics|Machine Learning|Spark|Docker|NumPy|Python|Azure,9.79,2024-11-10,"['machine learning', 'statistics', 'numpy', 'spark', 'azure', 'python', 'docker']"
3162,Microsoft,Data Analyst,Pune,Hybrid,Internship,7,Excel|Power BI|NumPy|Data Warehousing|Pandas|Statistics|Airflow|ETL,21.94,2024-05-29,"['numpy', 'statistics', 'excel', 'airflow', 'power bi', 'etl', 'data warehousing', 'pandas']"
3163,Paytm,Data Scientist,Bengaluru,Hybrid,Internship,3,Airflow|ETL|Azure|Machine Learning|Pandas,19.16,2024-02-05,"['machine learning', 'airflow', 'etl', 'pandas', 'azure']"
3164,Paytm,Analytics Engineer,Remote,Hybrid,Contract,1,Spark|Git|SQL|Data Warehousing|Pandas|Airflow,6.25,2024-03-07,"['git', 'sql', 'airflow', 'spark', 'data warehousing', 'pandas']"
3165,Microsoft,Analytics Engineer,Hyderabad,Hybrid,Contract,4,Statistics|Docker|Git|Spark,13.72,2023-01-15,"['spark', 'git', 'statistics', 'docker']"
3166,Flipkart,Analytics Engineer,Hyderabad,Remote,Full-time,5,Tableau|Docker|SQL|ETL|Git|Data Warehousing,17.75,2023-07-12,"['git', 'sql', 'etl', 'data warehousing', 'tableau', 'docker']"
3167,Accenture,Business Analyst,Bengaluru,Remote,Internship,4,Power BI|Excel|Pandas|NumPy|AWS|Docker,16.24,2023-05-29,"['numpy', 'aws', 'excel', 'power bi', 'pandas', 'docker']"
3168,Microsoft,Data Scientist,Pune,Remote,Internship,6,Git|AWS|Machine Learning|Docker|Airflow|Spark|NumPy|ETL,27.58,2024-08-07,"['machine learning', 'numpy', 'aws', 'git', 'airflow', 'spark', 'etl', 'docker']"
3169,Freshworks,Data Scientist,Chennai,Onsite,Internship,6,Power BI|Docker|Git|Tableau|Python,23.38,2023-09-24,"['git', 'power bi', 'tableau', 'python', 'docker']"
3170,Amazon,Business Analyst,Chennai,Onsite,Full-time,6,Pandas|Data Warehousing|Airflow|ETL|AWS|Spark|SQL|NumPy,17.51,2023-05-04,"['numpy', 'aws', 'sql', 'airflow', 'spark', 'etl', 'data warehousing', 'pandas']"
3171,Walmart,BI Analyst,Bengaluru,Remote,Full-time,4,Python|Tableau|Statistics|NumPy|ETL|SQL|AWS,17.51,2024-03-11,"['numpy', 'statistics', 'aws', 'sql', 'etl', 'tableau', 'python']"
3172,Infosys,BI Analyst,Hyderabad,Onsite,Contract,0,Spark|Data Warehousing|Tableau|Airflow|NumPy|Python|Docker|Power BI,3.74,2023-12-23,"['numpy', 'airflow', 'power bi', 'spark', 'data warehousing', 'tableau', 'python', 'docker']"
3173,Razorpay,BI Analyst,Chennai,Onsite,Full-time,3,ETL|Git|Pandas|NumPy|AWS|Spark,11.82,2023-11-13,"['numpy', 'aws', 'git', 'spark', 'etl', 'pandas']"
3174,Amazon,Data Analyst,Hyderabad,Hybrid,Contract,4,SQL|NumPy|Docker|Spark,12.56,2023-05-11,"['spark', 'numpy', 'sql', 'docker']"
3175,Amazon,Analytics Engineer,Delhi,Remote,Full-time,2,AWS|Airflow|Tableau|Spark|ETL|Pandas|Power BI,11.36,2024-02-28,"['aws', 'airflow', 'pandas', 'spark', 'power bi', 'etl', 'tableau']"
3176,Swiggy,Data Analyst,Remote,Remote,Internship,8,Excel|Python|Tableau|Docker|Machine Learning|ETL|Azure|NumPy,29.16,2023-12-04,"['machine learning', 'numpy', 'excel', 'azure', 'etl', 'tableau', 'python', 'docker']"
3177,Swiggy,Data Scientist,Remote,Onsite,Full-time,6,Power BI|Azure|Tableau|ETL|Docker,21.81,2024-11-02,"['power bi', 'azure', 'etl', 'tableau', 'docker']"
3178,Amazon,Analytics Engineer,Pune,Hybrid,Contract,1,ETL|Python|Airflow|Tableau|Azure|NumPy|Spark,6.18,2024-09-23,"['numpy', 'airflow', 'spark', 'etl', 'tableau', 'python', 'azure']"
3179,Amazon,BI Analyst,Chennai,Onsite,Contract,2,Power BI|Statistics|Data Warehousing|NumPy|Pandas|AWS|Machine Learning|Excel,11.1,2024-12-01,"['machine learning', 'numpy', 'statistics', 'aws', 'excel', 'power bi', 'data warehousing', 'pandas']"
3180,Flipkart,Analytics Engineer,Chennai,Onsite,Internship,0,Machine Learning|Python|Docker|Tableau|Statistics,7.4,2023-07-22,"['machine learning', 'statistics', 'tableau', 'python', 'docker']"
3181,Freshworks,Data Scientist,Remote,Remote,Contract,1,Excel|Machine Learning|Spark|Pandas|Power BI,16.36,2023-12-04,"['machine learning', 'excel', 'power bi', 'spark', 'pandas']"
3182,Deloitte,BI Analyst,Chennai,Hybrid,Contract,1,Azure|SQL|Docker|Airflow|Git|Spark|Tableau|Python,6.36,2023-03-05,"['git', 'sql', 'docker', 'airflow', 'spark', 'tableau', 'python', 'azure']"
3183,Deloitte,Data Analyst,Mumbai,Onsite,Internship,2,Azure|Excel|ETL|Docker|AWS|Git|Machine Learning,11.57,2024-09-05,"['machine learning', 'aws', 'excel', 'git', 'azure', 'etl', 'docker']"
3184,Freshworks,Business Analyst,Mumbai,Hybrid,Internship,8,Pandas|Python|Git|Spark|SQL|Data Warehousing|Airflow|Excel,23.99,2023-10-02,"['excel', 'git', 'sql', 'airflow', 'spark', 'data warehousing', 'pandas', 'python']"
3185,Accenture,Data Analyst,Hyderabad,Remote,Full-time,3,Power BI|Docker|ETL|Pandas|Statistics|NumPy|Git,14.38,2024-02-01,"['statistics', 'numpy', 'git', 'power bi', 'etl', 'pandas', 'docker']"
3186,Amazon,Analytics Engineer,Mumbai,Hybrid,Internship,5,Python|Excel|AWS|ETL|Machine Learning|Docker,20.01,2023-09-20,"['machine learning', 'aws', 'excel', 'etl', 'python', 'docker']"
3187,Flipkart,Senior Data Analyst,Remote,Hybrid,Internship,7,Docker|Airflow|SQL|Spark|Tableau|Machine Learning|Data Warehousing,24.88,2023-01-17,"['machine learning', 'sql', 'airflow', 'spark', 'data warehousing', 'tableau', 'docker']"
3188,Cognizant,Data Analyst,Hyderabad,Onsite,Internship,1,Spark|Airflow|Data Warehousing|Statistics|Machine Learning|Tableau,10.09,2024-01-09,"['machine learning', 'statistics', 'airflow', 'spark', 'data warehousing', 'tableau']"
3189,Infosys,Business Analyst,Delhi,Hybrid,Internship,6,Tableau|AWS|SQL|Power BI,18.75,2023-04-19,"['tableau', 'sql', 'aws', 'power bi']"
3190,Infosys,Senior Data Analyst,Delhi,Onsite,Internship,3,SQL|ETL|Machine Learning|Python|Statistics|Power BI|Docker,15.71,2023-08-17,"['machine learning', 'statistics', 'sql', 'power bi', 'etl', 'python', 'docker']"
3191,Zoho,Data Scientist,Pune,Hybrid,Full-time,3,Tableau|Power BI|ETL|Python|Airflow|AWS|Spark|NumPy,16.94,2024-03-29,"['numpy', 'aws', 'airflow', 'power bi', 'spark', 'etl', 'tableau', 'python']"
3192,Freshworks,Data Analyst,Chennai,Hybrid,Full-time,3,Statistics|AWS|Airflow|Excel|Machine Learning|Tableau|NumPy,13.0,2024-10-17,"['machine learning', 'statistics', 'numpy', 'aws', 'excel', 'airflow', 'tableau']"
3193,Freshworks,Analytics Engineer,Mumbai,Hybrid,Contract,0,Airflow|Azure|Statistics|Data Warehousing|Excel|Tableau,3.93,2023-11-22,"['statistics', 'excel', 'airflow', 'data warehousing', 'tableau', 'azure']"
3194,Cognizant,BI Analyst,Mumbai,Onsite,Contract,7,Statistics|Power BI|NumPy|Excel|Spark,22.84,2023-12-16,"['numpy', 'statistics', 'excel', 'power bi', 'spark']"
3195,TCS,BI Analyst,Pune,Remote,Contract,8,ETL|Statistics|Spark|Azure|Python|Pandas|Machine Learning|Docker,27.17,2023-06-14,"['machine learning', 'statistics', 'docker', 'spark', 'etl', 'pandas', 'python', 'azure']"
3196,Freshworks,Business Analyst,Chennai,Hybrid,Internship,1,Pandas|Docker|ETL|NumPy|Power BI,7.33,2023-02-19,"['numpy', 'power bi', 'etl', 'pandas', 'docker']"
3197,Cognizant,Data Analyst,Remote,Hybrid,Full-time,5,SQL|AWS|Python|Docker|Data Warehousing|Excel|NumPy|Airflow,17.36,2023-01-14,"['numpy', 'aws', 'excel', 'sql', 'airflow', 'data warehousing', 'python', 'docker']"
3198,Razorpay,Data Analyst,Pune,Hybrid,Contract,1,SQL|Data Warehousing|Statistics|Tableau|Machine Learning|Airflow|Pandas|Excel,10.13,2024-10-07,"['machine learning', 'statistics', 'excel', 'sql', 'airflow', 'pandas', 'data warehousing', 'tableau']"
3199,Deloitte,Data Scientist,Delhi,Onsite,Full-time,7,Statistics|Airflow|ETL|AWS|Tableau|Docker,25.81,2023-04-18,"['statistics', 'aws', 'airflow', 'etl', 'tableau', 'docker']"
3200,Infosys,Data Analyst,Bengaluru,Onsite,Internship,8,Airflow|ETL|SQL|Machine Learning|Tableau|Power BI,28.55,2023-05-09,"['machine learning', 'sql', 'airflow', 'power bi', 'etl', 'tableau']"
3201,Amazon,Analytics Engineer,Delhi,Onsite,Contract,4,Spark|Power BI|SQL|Git|AWS,14.77,2024-09-07,"['aws', 'git', 'sql', 'power bi', 'spark']"
3202,Cognizant,Data Scientist,Mumbai,Hybrid,Full-time,0,AWS|Pandas|Azure|Data Warehousing|Excel|SQL|Power BI|ETL,8.37,2024-08-26,"['aws', 'excel', 'sql', 'power bi', 'etl', 'data warehousing', 'pandas', 'azure']"
3203,Infosys,Data Scientist,Pune,Hybrid,Full-time,3,Statistics|Git|Azure|NumPy|Data Warehousing,16.98,2024-02-01,"['statistics', 'numpy', 'git', 'data warehousing', 'azure']"
3204,Walmart,Data Scientist,Mumbai,Remote,Full-time,8,Azure|Power BI|Git|Tableau|Airflow|Excel|Python|Docker,30.92,2024-07-17,"['excel', 'git', 'docker', 'airflow', 'power bi', 'tableau', 'python', 'azure']"
3205,Amazon,Analytics Engineer,Hyderabad,Hybrid,Internship,7,AWS|NumPy|Python|Machine Learning|SQL|Docker,23.48,2024-08-05,"['machine learning', 'numpy', 'aws', 'sql', 'python', 'docker']"
3206,Accenture,Business Analyst,Hyderabad,Remote,Full-time,7,Pandas|Airflow|ETL|NumPy,24.13,2024-04-28,"['numpy', 'pandas', 'etl', 'airflow']"
3207,Infosys,Senior Data Analyst,Mumbai,Hybrid,Contract,4,Power BI|Azure|SQL|Tableau|Docker|Git|Spark|Statistics,13.52,2024-04-04,"['statistics', 'git', 'sql', 'power bi', 'spark', 'azure', 'tableau', 'docker']"
3208,Infosys,BI Analyst,Remote,Onsite,Contract,7,Excel|Data Warehousing|Airflow|Python,22.77,2024-06-27,"['data warehousing', 'python', 'airflow', 'excel']"
3209,Walmart,Senior Data Analyst,Hyderabad,Remote,Full-time,7,SQL|Spark|Machine Learning|AWS|Airflow|Power BI,24.54,2024-03-03,"['machine learning', 'aws', 'sql', 'airflow', 'power bi', 'spark']"
3210,Freshworks,BI Analyst,Remote,Remote,Contract,7,Data Warehousing|ETL|SQL|AWS|Azure|Power BI|Excel,23.49,2023-06-29,"['aws', 'excel', 'sql', 'power bi', 'etl', 'data warehousing', 'azure']"
3211,Swiggy,Senior Data Analyst,Pune,Hybrid,Contract,5,Power BI|NumPy|Git|ETL|Excel|AWS|Docker,16.09,2023-11-13,"['numpy', 'aws', 'excel', 'git', 'power bi', 'etl', 'docker']"
3212,Deloitte,Business Analyst,Delhi,Remote,Full-time,7,Pandas|Spark|Statistics|ETL|Excel|Airflow,21.94,2023-11-27,"['statistics', 'excel', 'airflow', 'spark', 'etl', 'pandas']"
3213,Zoho,Data Scientist,Chennai,Remote,Full-time,6,SQL|Tableau|Docker|Machine Learning|Pandas|Data Warehousing|Spark|Azure,27.43,2023-09-13,"['machine learning', 'sql', 'pandas', 'spark', 'azure', 'data warehousing', 'tableau', 'docker']"
3214,Freshworks,Analytics Engineer,Delhi,Hybrid,Contract,5,Azure|Git|NumPy|Excel,17.98,2024-10-26,"['git', 'numpy', 'azure', 'excel']"
3215,Flipkart,Data Analyst,Chennai,Hybrid,Contract,6,Python|NumPy|Machine Learning|Spark|Tableau|SQL|AWS|Airflow,22.61,2023-07-01,"['machine learning', 'numpy', 'aws', 'sql', 'airflow', 'spark', 'tableau', 'python']"
3216,Swiggy,Senior Data Analyst,Pune,Onsite,Internship,8,SQL|Statistics|Git|Azure|Excel|Spark|Pandas,23.22,2023-07-31,"['statistics', 'excel', 'git', 'sql', 'spark', 'pandas', 'azure']"
3217,Infosys,Analytics Engineer,Chennai,Hybrid,Contract,2,AWS|Spark|Power BI|Excel|Airflow,8.52,2023-11-21,"['aws', 'excel', 'airflow', 'power bi', 'spark']"
3218,Microsoft,Data Scientist,Remote,Onsite,Contract,7,Excel|Airflow|Tableau|Machine Learning|Docker|Python|Azure|Git,29.99,2023-05-29,"['machine learning', 'excel', 'git', 'airflow', 'azure', 'tableau', 'python', 'docker']"
3219,Deloitte,Data Analyst,Delhi,Remote,Internship,6,Data Warehousing|Airflow|ETL|Power BI,21.73,2024-01-22,"['data warehousing', 'etl', 'airflow', 'power bi']"
3220,Deloitte,BI Analyst,Hyderabad,Remote,Contract,4,Docker|Pandas|Git|Tableau|Azure|Statistics|Python,15.03,2023-10-13,"['statistics', 'git', 'docker', 'pandas', 'tableau', 'python', 'azure']"
3221,Accenture,Analytics Engineer,Bengaluru,Remote,Contract,7,Docker|Tableau|AWS|Data Warehousing|ETL,24.04,2024-08-08,"['aws', 'etl', 'data warehousing', 'tableau', 'docker']"
3222,Amazon,Data Analyst,Hyderabad,Hybrid,Internship,2,Excel|Python|Docker|Airflow|NumPy,9.56,2023-09-14,"['numpy', 'excel', 'airflow', 'python', 'docker']"
3223,Flipkart,Data Analyst,Mumbai,Onsite,Full-time,8,Machine Learning|Azure|Pandas|Excel|SQL|Data Warehousing,27.12,2024-06-26,"['machine learning', 'excel', 'sql', 'data warehousing', 'pandas', 'azure']"
3224,Amazon,Data Analyst,Hyderabad,Onsite,Internship,4,SQL|Statistics|Pandas|NumPy,15.21,2023-06-12,"['numpy', 'statistics', 'sql', 'pandas']"
3225,Walmart,Business Analyst,Pune,Remote,Contract,6,NumPy|Azure|ETL|Excel|AWS|Python|Docker,21.27,2024-01-25,"['numpy', 'aws', 'excel', 'docker', 'etl', 'python', 'azure']"
3226,Razorpay,BI Analyst,Remote,Remote,Contract,1,Data Warehousing|Docker|Azure|Power BI|SQL|Tableau|ETL,7.6,2024-06-21,"['sql', 'docker', 'power bi', 'etl', 'data warehousing', 'tableau', 'azure']"
3227,Paytm,Business Analyst,Pune,Onsite,Full-time,8,Azure|Airflow|Excel|Data Warehousing|Tableau|Git|Statistics,24.54,2024-07-05,"['statistics', 'excel', 'git', 'airflow', 'data warehousing', 'tableau', 'azure']"
3228,Paytm,Business Analyst,Pune,Hybrid,Full-time,0,Pandas|Spark|Machine Learning|Statistics|Power BI|Git|AWS|Excel,6.14,2023-08-03,"['machine learning', 'statistics', 'aws', 'excel', 'git', 'power bi', 'spark', 'pandas']"
3229,Swiggy,BI Analyst,Pune,Onsite,Internship,3,Python|AWS|NumPy|Data Warehousing|SQL,11.18,2023-06-05,"['numpy', 'aws', 'sql', 'data warehousing', 'python']"
3230,Razorpay,Data Analyst,Remote,Hybrid,Contract,3,Airflow|AWS|ETL|Python|Machine Learning,15.66,2024-05-26,"['machine learning', 'aws', 'airflow', 'etl', 'python']"
3231,Amazon,Analytics Engineer,Delhi,Remote,Full-time,1,Docker|Statistics|Excel|Data Warehousing,9.08,2024-11-27,"['data warehousing', 'statistics', 'docker', 'excel']"
3232,Zoho,Business Analyst,Remote,Hybrid,Internship,1,Tableau|Airflow|NumPy|Data Warehousing,5.54,2023-05-28,"['data warehousing', 'numpy', 'tableau', 'airflow']"
3233,Freshworks,Senior Data Analyst,Delhi,Hybrid,Full-time,5,AWS|Power BI|Excel|Airflow|Python|Machine Learning,19.85,2024-01-23,"['machine learning', 'aws', 'excel', 'airflow', 'power bi', 'python']"
3234,TCS,Business Analyst,Mumbai,Hybrid,Internship,5,Tableau|Python|Machine Learning|Excel,18.11,2024-02-29,"['machine learning', 'tableau', 'python', 'excel']"
3235,TCS,Data Analyst,Bengaluru,Remote,Internship,0,Airflow|Python|Excel|NumPy|AWS,7.33,2024-09-19,"['numpy', 'aws', 'excel', 'airflow', 'python']"
3236,Zoho,Senior Data Analyst,Bengaluru,Hybrid,Internship,3,Tableau|Airflow|Git|Docker|Power BI|Excel|Spark|SQL,13.88,2024-07-12,"['excel', 'git', 'sql', 'airflow', 'power bi', 'spark', 'tableau', 'docker']"
3237,Paytm,Senior Data Analyst,Remote,Onsite,Internship,5,Statistics|Excel|Git|SQL|NumPy|Pandas|Python,15.82,2023-08-05,"['statistics', 'numpy', 'excel', 'git', 'sql', 'pandas', 'python']"
3238,Paytm,Analytics Engineer,Bengaluru,Onsite,Full-time,3,Machine Learning|Data Warehousing|Docker|Git|Python|Statistics,17.78,2024-04-20,"['machine learning', 'statistics', 'git', 'data warehousing', 'python', 'docker']"
3239,Swiggy,Analytics Engineer,Chennai,Remote,Contract,8,Python|Pandas|Tableau|Azure|Docker|Data Warehousing,24.09,2024-03-11,"['docker', 'pandas', 'data warehousing', 'tableau', 'python', 'azure']"
3240,Freshworks,BI Analyst,Remote,Onsite,Contract,1,Azure|Statistics|Git|Tableau|Data Warehousing|Docker,7.29,2023-09-18,"['statistics', 'git', 'docker', 'data warehousing', 'tableau', 'azure']"
3241,Microsoft,Analytics Engineer,Delhi,Onsite,Full-time,5,Machine Learning|Power BI|ETL|AWS|Airflow|Data Warehousing,20.26,2024-08-15,"['machine learning', 'aws', 'airflow', 'power bi', 'etl', 'data warehousing']"
3242,Deloitte,Business Analyst,Hyderabad,Onsite,Contract,0,Data Warehousing|Power BI|Pandas|Airflow|Azure,4.26,2024-11-27,"['airflow', 'power bi', 'data warehousing', 'pandas', 'azure']"
3243,Flipkart,Business Analyst,Pune,Onsite,Full-time,1,Airflow|Python|SQL|Docker|Power BI|NumPy|AWS,7.89,2023-12-02,"['numpy', 'aws', 'sql', 'airflow', 'power bi', 'python', 'docker']"
3244,Amazon,BI Analyst,Hyderabad,Onsite,Contract,3,Machine Learning|Power BI|Tableau|AWS|Excel,15.46,2023-06-22,"['machine learning', 'aws', 'excel', 'power bi', 'tableau']"
3245,Microsoft,Data Analyst,Hyderabad,Remote,Full-time,2,Machine Learning|Airflow|Docker|Power BI|ETL|Tableau|Data Warehousing,12.89,2024-11-26,"['machine learning', 'airflow', 'power bi', 'etl', 'data warehousing', 'tableau', 'docker']"
3246,Deloitte,BI Analyst,Hyderabad,Remote,Full-time,6,Machine Learning|NumPy|AWS|Git|Docker|Excel,24.27,2024-06-21,"['machine learning', 'numpy', 'aws', 'excel', 'git', 'docker']"
3247,Microsoft,Business Analyst,Remote,Onsite,Full-time,3,Data Warehousing|Docker|Azure|Excel,11.67,2024-11-02,"['data warehousing', 'azure', 'docker', 'excel']"
3248,Paytm,Business Analyst,Remote,Hybrid,Full-time,0,Azure|Python|Pandas|ETL|Airflow|Excel|Data Warehousing|Machine Learning,5.82,2024-08-21,"['machine learning', 'excel', 'airflow', 'etl', 'data warehousing', 'pandas', 'python', 'azure']"
3249,Microsoft,Senior Data Analyst,Bengaluru,Hybrid,Internship,1,Excel|NumPy|Statistics|Git|Power BI|SQL|Python|AWS,7.87,2024-04-26,"['numpy', 'statistics', 'aws', 'excel', 'git', 'sql', 'power bi', 'python']"
3250,Microsoft,Data Scientist,Hyderabad,Remote,Internship,3,Tableau|Power BI|Statistics|SQL|Git|Excel|Python|Azure,16.57,2024-06-24,"['statistics', 'excel', 'git', 'sql', 'power bi', 'tableau', 'python', 'azure']"
3251,Cognizant,Analytics Engineer,Remote,Hybrid,Full-time,4,Airflow|Azure|ETL|Statistics|Data Warehousing|Tableau|Docker|Excel,13.64,2024-01-22,"['statistics', 'excel', 'docker', 'airflow', 'etl', 'data warehousing', 'tableau', 'azure']"
3252,Microsoft,BI Analyst,Chennai,Hybrid,Internship,2,Airflow|Data Warehousing|Spark|Python|ETL,7.81,2023-01-07,"['airflow', 'spark', 'etl', 'data warehousing', 'python']"
3253,Paytm,Data Analyst,Hyderabad,Remote,Internship,8,NumPy|Docker|Machine Learning|AWS,27.46,2023-05-16,"['aws', 'machine learning', 'numpy', 'docker']"
3254,TCS,Data Scientist,Remote,Hybrid,Contract,4,AWS|NumPy|Data Warehousing|Tableau,17.71,2023-05-21,"['data warehousing', 'numpy', 'tableau', 'aws']"
3255,Infosys,Analytics Engineer,Chennai,Remote,Contract,5,Git|Spark|Power BI|ETL|NumPy|Airflow|Machine Learning,20.15,2023-04-12,"['machine learning', 'numpy', 'git', 'airflow', 'power bi', 'spark', 'etl']"
3256,Amazon,Business Analyst,Mumbai,Onsite,Contract,6,Data Warehousing|Power BI|Statistics|Pandas|ETL|Excel|Azure,18.51,2024-05-14,"['statistics', 'excel', 'power bi', 'etl', 'data warehousing', 'pandas', 'azure']"
3257,Amazon,Senior Data Analyst,Remote,Hybrid,Internship,2,Data Warehousing|Statistics|Airflow|AWS|Tableau|Python|Git|Docker,9.3,2023-05-19,"['statistics', 'aws', 'git', 'airflow', 'data warehousing', 'tableau', 'python', 'docker']"
3258,Walmart,Data Scientist,Mumbai,Remote,Contract,6,Data Warehousing|Spark|Tableau|Power BI,24.4,2023-08-31,"['data warehousing', 'spark', 'tableau', 'power bi']"
3259,Walmart,Data Scientist,Mumbai,Hybrid,Contract,0,Power BI|Machine Learning|AWS|Airflow,11.66,2024-04-11,"['airflow', 'machine learning', 'aws', 'power bi']"
3260,Infosys,Senior Data Analyst,Mumbai,Remote,Contract,7,Git|Data Warehousing|Python|Excel|Airflow,23.23,2024-03-03,"['excel', 'git', 'airflow', 'data warehousing', 'python']"
3261,Cognizant,Analytics Engineer,Pune,Onsite,Internship,1,AWS|Spark|Docker|Airflow|NumPy|Pandas|Data Warehousing|Statistics,6.15,2023-02-02,"['numpy', 'statistics', 'aws', 'airflow', 'spark', 'data warehousing', 'pandas', 'docker']"
3262,Cognizant,Business Analyst,Mumbai,Remote,Internship,4,Azure|ETL|Tableau|NumPy,14.29,2023-02-22,"['numpy', 'tableau', 'etl', 'azure']"
3263,Amazon,Data Scientist,Delhi,Hybrid,Full-time,0,Tableau|ETL|Git|Pandas|NumPy|AWS,6.6,2023-06-15,"['numpy', 'aws', 'git', 'pandas', 'etl', 'tableau']"
3264,Zoho,Data Scientist,Mumbai,Onsite,Full-time,8,Git|Data Warehousing|Airflow|SQL|Azure|Spark|NumPy|AWS,27.46,2024-04-18,"['numpy', 'aws', 'git', 'sql', 'airflow', 'spark', 'data warehousing', 'azure']"
3265,Freshworks,Business Analyst,Mumbai,Hybrid,Contract,6,AWS|Power BI|SQL|Python|Excel,20.49,2024-03-05,"['aws', 'excel', 'sql', 'power bi', 'python']"
3266,Walmart,Data Analyst,Hyderabad,Remote,Internship,2,Azure|ETL|Spark|Power BI|Machine Learning|SQL|Airflow,12.35,2024-05-17,"['machine learning', 'sql', 'airflow', 'power bi', 'spark', 'etl', 'azure']"
3267,Paytm,Analytics Engineer,Pune,Onsite,Internship,8,Spark|Pandas|Excel|AWS|Azure|Docker|SQL|Data Warehousing,24.09,2023-04-13,"['aws', 'excel', 'docker', 'sql', 'spark', 'data warehousing', 'pandas', 'azure']"
3268,Zoho,Data Scientist,Hyderabad,Hybrid,Contract,5,Azure|Spark|Tableau|Statistics|ETL|Git|Python|Excel,19.61,2024-06-26,"['statistics', 'excel', 'git', 'spark', 'etl', 'tableau', 'python', 'azure']"
3269,Swiggy,Senior Data Analyst,Chennai,Remote,Contract,6,Python|ETL|Docker|SQL|NumPy|AWS|Excel,21.77,2023-04-08,"['numpy', 'aws', 'excel', 'sql', 'etl', 'python', 'docker']"
3270,Razorpay,Data Scientist,Chennai,Onsite,Full-time,4,Python|SQL|Spark|Git,17.83,2024-02-25,"['spark', 'git', 'python', 'sql']"
3271,Razorpay,Business Analyst,Bengaluru,Hybrid,Full-time,3,SQL|Docker|Excel|Airflow,14.98,2024-05-12,"['airflow', 'sql', 'docker', 'excel']"
3272,Amazon,Analytics Engineer,Hyderabad,Hybrid,Internship,6,Pandas|Data Warehousing|Spark|Machine Learning|Docker|Azure|ETL|Excel,22.73,2023-09-22,"['machine learning', 'excel', 'spark', 'azure', 'etl', 'data warehousing', 'pandas', 'docker']"
3273,Zoho,Data Scientist,Remote,Hybrid,Contract,7,Excel|Spark|SQL|Airflow|Azure|AWS|Statistics|Tableau,25.89,2023-11-26,"['statistics', 'aws', 'excel', 'sql', 'airflow', 'spark', 'tableau', 'azure']"
3274,Swiggy,BI Analyst,Mumbai,Remote,Internship,5,Git|Statistics|Azure|ETL|SQL|Python|Pandas|Tableau,16.93,2024-10-25,"['statistics', 'git', 'sql', 'etl', 'tableau', 'pandas', 'python', 'azure']"
3275,TCS,Analytics Engineer,Bengaluru,Remote,Internship,0,ETL|Git|SQL|Machine Learning|Pandas|Tableau|NumPy,10.43,2023-08-18,"['machine learning', 'numpy', 'git', 'sql', 'etl', 'tableau', 'pandas']"
3276,Microsoft,Data Analyst,Bengaluru,Onsite,Contract,4,Pandas|Spark|NumPy|Airflow,14.86,2023-04-12,"['spark', 'numpy', 'pandas', 'airflow']"
3277,Freshworks,Data Scientist,Bengaluru,Onsite,Full-time,6,Git|Spark|Power BI|Statistics|Airflow|Python|Docker,25.23,2024-04-24,"['statistics', 'git', 'airflow', 'power bi', 'spark', 'python', 'docker']"
3278,Accenture,BI Analyst,Remote,Hybrid,Full-time,6,Azure|Python|NumPy|Docker|Airflow,20.5,2024-04-14,"['numpy', 'docker', 'airflow', 'python', 'azure']"
3279,Walmart,Analytics Engineer,Pune,Onsite,Full-time,0,NumPy|Tableau|Statistics|Spark|Data Warehousing|Git,3.0,2024-03-24,"['numpy', 'statistics', 'git', 'spark', 'data warehousing', 'tableau']"
3280,Deloitte,Business Analyst,Bengaluru,Hybrid,Contract,5,Statistics|Power BI|NumPy|Azure|Tableau|AWS,17.93,2024-03-07,"['numpy', 'statistics', 'aws', 'power bi', 'tableau', 'azure']"
3281,Paytm,BI Analyst,Mumbai,Onsite,Contract,2,Docker|SQL|Data Warehousing|Excel|NumPy|Statistics,7.63,2023-07-29,"['numpy', 'statistics', 'excel', 'sql', 'data warehousing', 'docker']"
3282,Zoho,Analytics Engineer,Delhi,Onsite,Contract,0,Tableau|Azure|Spark|Airflow|Git|Pandas|Python,5.23,2023-09-01,"['git', 'airflow', 'pandas', 'spark', 'tableau', 'python', 'azure']"
3283,Walmart,Data Analyst,Delhi,Onsite,Contract,7,Power BI|Excel|Data Warehousing|Airflow|Docker,22.44,2024-03-18,"['excel', 'airflow', 'power bi', 'data warehousing', 'docker']"
3284,Accenture,BI Analyst,Hyderabad,Hybrid,Full-time,6,Azure|AWS|Data Warehousing|Python|Pandas|Tableau|Git,19.38,2024-10-29,"['tableau', 'aws', 'git', 'data warehousing', 'pandas', 'python', 'azure']"
3285,Deloitte,Data Scientist,Bengaluru,Hybrid,Internship,6,Machine Learning|Statistics|Pandas|Tableau|Spark|Power BI|Data Warehousing|NumPy,28.5,2024-01-10,"['machine learning', 'statistics', 'numpy', 'pandas', 'spark', 'power bi', 'data warehousing', 'tableau']"
3286,Walmart,Data Analyst,Remote,Hybrid,Internship,3,SQL|Azure|Statistics|Tableau|Power BI|Data Warehousing|Docker|NumPy,11.67,2024-10-31,"['statistics', 'numpy', 'sql', 'docker', 'power bi', 'data warehousing', 'tableau', 'azure']"
3287,Freshworks,BI Analyst,Bengaluru,Onsite,Internship,4,Azure|Spark|Power BI|NumPy|SQL|Pandas,14.53,2023-12-23,"['numpy', 'sql', 'power bi', 'spark', 'pandas', 'azure']"
3288,Zoho,Senior Data Analyst,Bengaluru,Remote,Contract,7,Spark|Pandas|AWS|ETL,25.09,2023-10-01,"['spark', 'pandas', 'etl', 'aws']"
3289,Cognizant,Data Analyst,Mumbai,Hybrid,Full-time,2,Azure|Docker|Data Warehousing|Power BI|Pandas,7.95,2024-02-13,"['power bi', 'azure', 'data warehousing', 'pandas', 'docker']"
3290,Flipkart,Senior Data Analyst,Chennai,Remote,Contract,6,SQL|Airflow|Azure|Power BI,19.19,2023-03-31,"['azure', 'sql', 'airflow', 'power bi']"
3291,TCS,Analytics Engineer,Chennai,Onsite,Contract,7,Power BI|NumPy|Statistics|Machine Learning|Excel|AWS,25.51,2023-06-26,"['machine learning', 'numpy', 'statistics', 'aws', 'excel', 'power bi']"
3292,Accenture,Business Analyst,Pune,Remote,Contract,4,Azure|Python|Data Warehousing|SQL|AWS|Statistics,14.34,2023-10-03,"['statistics', 'aws', 'sql', 'data warehousing', 'python', 'azure']"
3293,Amazon,Data Analyst,Remote,Hybrid,Full-time,6,Airflow|Power BI|Pandas|ETL|Spark|NumPy,17.95,2023-05-25,"['numpy', 'airflow', 'power bi', 'spark', 'etl', 'pandas']"
3294,Swiggy,Data Scientist,Hyderabad,Remote,Internship,4,SQL|Tableau|Python|Data Warehousing|Excel|Machine Learning|Docker,22.33,2024-09-22,"['machine learning', 'excel', 'sql', 'data warehousing', 'tableau', 'python', 'docker']"
3295,Deloitte,Analytics Engineer,Remote,Hybrid,Internship,4,Machine Learning|Statistics|ETL|Airflow,17.5,2024-10-25,"['machine learning', 'statistics', 'etl', 'airflow']"
3296,Swiggy,Data Scientist,Hyderabad,Onsite,Contract,1,Airflow|Tableau|Statistics|Data Warehousing|AWS,9.04,2023-01-19,"['statistics', 'aws', 'airflow', 'data warehousing', 'tableau']"
3297,Amazon,Analytics Engineer,Chennai,Onsite,Contract,8,Python|Azure|Docker|ETL|Machine Learning|Data Warehousing|Airflow|SQL,26.15,2023-01-26,"['machine learning', 'docker', 'sql', 'airflow', 'etl', 'data warehousing', 'python', 'azure']"
3298,Paytm,Data Analyst,Hyderabad,Hybrid,Contract,8,SQL|Azure|NumPy|Spark,24.05,2024-11-04,"['spark', 'numpy', 'sql', 'azure']"
3299,Cognizant,Analytics Engineer,Delhi,Hybrid,Full-time,0,Tableau|Statistics|SQL|Git|NumPy,3.41,2023-01-23,"['statistics', 'numpy', 'git', 'sql', 'tableau']"
3300,Accenture,Data Scientist,Remote,Hybrid,Internship,1,AWS|Docker|Statistics|ETL|NumPy,10.52,2023-06-02,"['numpy', 'statistics', 'aws', 'etl', 'docker']"
3301,Walmart,Data Scientist,Mumbai,Remote,Internship,5,Data Warehousing|NumPy|ETL|Airflow|Power BI|Python|Statistics|Excel,22.18,2023-09-27,"['numpy', 'statistics', 'excel', 'airflow', 'power bi', 'etl', 'data warehousing', 'python']"
3302,Swiggy,Data Scientist,Hyderabad,Onsite,Contract,5,Power BI|Pandas|NumPy|Python|AWS|Data Warehousing|Docker|Tableau,21.53,2024-03-19,"['numpy', 'tableau', 'aws', 'power bi', 'data warehousing', 'pandas', 'python', 'docker']"
3303,Infosys,BI Analyst,Bengaluru,Onsite,Internship,5,Tableau|Docker|NumPy|Pandas|Statistics|Machine Learning|Azure,20.86,2024-08-11,"['machine learning', 'numpy', 'statistics', 'pandas', 'azure', 'tableau', 'docker']"
3304,Infosys,Senior Data Analyst,Chennai,Hybrid,Internship,0,Statistics|Airflow|Excel|Azure|SQL|NumPy,4.09,2023-05-28,"['statistics', 'numpy', 'excel', 'sql', 'airflow', 'azure']"
3305,Microsoft,Data Scientist,Pune,Onsite,Contract,5,Excel|Data Warehousing|Docker|Tableau|Python,21.68,2024-07-19,"['excel', 'data warehousing', 'tableau', 'python', 'docker']"
3306,Flipkart,BI Analyst,Delhi,Remote,Contract,4,Pandas|Docker|SQL|Tableau,16.44,2024-01-07,"['tableau', 'pandas', 'sql', 'docker']"
3307,Amazon,Senior Data Analyst,Hyderabad,Remote,Internship,5,Airflow|Tableau|Machine Learning|Spark|Python|Docker|Pandas|Git,20.44,2023-02-07,"['machine learning', 'git', 'airflow', 'pandas', 'spark', 'tableau', 'python', 'docker']"
3308,Cognizant,Business Analyst,Mumbai,Hybrid,Full-time,5,Machine Learning|Excel|Azure|Git|Statistics|Data Warehousing,19.64,2024-06-06,"['machine learning', 'statistics', 'excel', 'git', 'data warehousing', 'azure']"
3309,Accenture,Analytics Engineer,Mumbai,Onsite,Contract,2,Docker|Airflow|Pandas|NumPy,8.61,2024-09-04,"['airflow', 'numpy', 'pandas', 'docker']"
3310,Freshworks,Business Analyst,Remote,Onsite,Full-time,7,Pandas|Excel|Tableau|NumPy|Machine Learning|Git|SQL,24.02,2023-09-18,"['machine learning', 'numpy', 'excel', 'git', 'sql', 'pandas', 'tableau']"
3311,Deloitte,Analytics Engineer,Remote,Onsite,Contract,3,Spark|Azure|ETL|Statistics|Machine Learning|Data Warehousing|Python|Power BI,13.05,2024-04-10,"['machine learning', 'statistics', 'power bi', 'spark', 'etl', 'data warehousing', 'python', 'azure']"
3312,Microsoft,Data Analyst,Delhi,Remote,Contract,0,Excel|AWS|Pandas|Docker|Python|Power BI|NumPy,4.8,2023-08-17,"['numpy', 'aws', 'excel', 'power bi', 'pandas', 'python', 'docker']"
3313,Amazon,Data Scientist,Bengaluru,Remote,Internship,3,Tableau|AWS|Spark|Data Warehousing|ETL|SQL,18.06,2023-09-02,"['aws', 'sql', 'spark', 'etl', 'data warehousing', 'tableau']"
3314,Freshworks,Data Scientist,Pune,Remote,Contract,1,Docker|Data Warehousing|Statistics|ETL|AWS|Azure|Python|NumPy,13.38,2023-09-21,"['statistics', 'numpy', 'aws', 'azure', 'etl', 'data warehousing', 'python', 'docker']"
3315,Infosys,BI Analyst,Bengaluru,Hybrid,Contract,2,Tableau|Power BI|Azure|Docker,11.15,2024-06-05,"['tableau', 'docker', 'azure', 'power bi']"
3316,Freshworks,Business Analyst,Pune,Remote,Internship,7,Pandas|Airflow|Python|ETL|SQL|Azure|Machine Learning|Statistics,26.86,2023-12-21,"['machine learning', 'statistics', 'sql', 'airflow', 'etl', 'pandas', 'python', 'azure']"
3317,Accenture,Business Analyst,Mumbai,Onsite,Contract,3,Excel|Data Warehousing|Pandas|Tableau|AWS|Docker,10.79,2024-01-04,"['tableau', 'aws', 'excel', 'data warehousing', 'pandas', 'docker']"
3318,Infosys,BI Analyst,Delhi,Hybrid,Internship,7,Git|Data Warehousing|Excel|Pandas|Statistics,20.49,2023-04-20,"['statistics', 'excel', 'git', 'data warehousing', 'pandas']"
3319,Amazon,Analytics Engineer,Pune,Onsite,Internship,8,Pandas|Power BI|SQL|Excel|Machine Learning|Docker,27.63,2023-07-14,"['machine learning', 'excel', 'sql', 'power bi', 'pandas', 'docker']"
3320,Swiggy,Business Analyst,Pune,Hybrid,Internship,6,ETL|AWS|Power BI|Airflow|Docker|Python|Azure|Excel,19.38,2024-08-24,"['aws', 'excel', 'airflow', 'power bi', 'azure', 'etl', 'python', 'docker']"
3321,Accenture,Business Analyst,Delhi,Remote,Full-time,5,AWS|Git|Airflow|Statistics|Python|NumPy|Data Warehousing|Tableau,18.08,2023-09-05,"['statistics', 'numpy', 'aws', 'git', 'airflow', 'data warehousing', 'tableau', 'python']"
3322,Swiggy,Data Scientist,Delhi,Remote,Contract,0,Azure|AWS|NumPy|SQL|Git,9.94,2024-08-29,"['numpy', 'aws', 'git', 'sql', 'azure']"
3323,Zoho,BI Analyst,Hyderabad,Remote,Full-time,7,Data Warehousing|Power BI|Machine Learning|Airflow|AWS|Git|NumPy,26.74,2023-03-22,"['machine learning', 'numpy', 'aws', 'git', 'airflow', 'power bi', 'data warehousing']"
3324,Flipkart,Analytics Engineer,Delhi,Remote,Full-time,5,AWS|Azure|Airflow|Data Warehousing|Power BI|Spark|SQL|ETL,18.74,2023-06-27,"['aws', 'sql', 'airflow', 'power bi', 'spark', 'etl', 'data warehousing', 'azure']"
3325,Cognizant,Data Scientist,Pune,Hybrid,Internship,5,Power BI|Machine Learning|Statistics|Tableau,23.27,2024-02-15,"['tableau', 'machine learning', 'statistics', 'power bi']"
3326,Swiggy,Business Analyst,Mumbai,Onsite,Internship,8,Airflow|Spark|Excel|Data Warehousing|AWS|Docker|Statistics|Azure,23.94,2024-10-04,"['statistics', 'aws', 'excel', 'airflow', 'spark', 'azure', 'data warehousing', 'docker']"
3327,Swiggy,Business Analyst,Bengaluru,Onsite,Contract,2,SQL|Tableau|Python|Airflow,10.27,2024-05-31,"['tableau', 'sql', 'airflow', 'python']"
3328,TCS,Data Scientist,Mumbai,Hybrid,Full-time,6,SQL|Airflow|Power BI|Pandas|Data Warehousing|Docker|Statistics|Spark,22.26,2024-08-19,"['statistics', 'sql', 'airflow', 'power bi', 'spark', 'data warehousing', 'pandas', 'docker']"
3329,Deloitte,Analytics Engineer,Delhi,Hybrid,Contract,6,Tableau|Python|Azure|Machine Learning|ETL|Airflow|Excel,22.58,2023-07-07,"['machine learning', 'excel', 'airflow', 'etl', 'tableau', 'python', 'azure']"
3330,Walmart,Business Analyst,Mumbai,Hybrid,Contract,2,AWS|Airflow|NumPy|Pandas|Spark|Azure|Power BI,9.05,2023-02-15,"['numpy', 'aws', 'airflow', 'power bi', 'spark', 'pandas', 'azure']"
3331,Paytm,Data Analyst,Bengaluru,Onsite,Full-time,7,Git|Excel|Spark|Pandas,22.65,2023-09-20,"['spark', 'git', 'pandas', 'excel']"
3332,Freshworks,Business Analyst,Delhi,Hybrid,Internship,5,Docker|Git|Pandas|Azure|Statistics,16.33,2023-09-14,"['statistics', 'git', 'docker', 'pandas', 'azure']"
3333,Swiggy,Business Analyst,Bengaluru,Hybrid,Internship,6,ETL|Azure|Python|Tableau|Data Warehousing|SQL,21.44,2024-03-24,"['sql', 'etl', 'data warehousing', 'tableau', 'python', 'azure']"
3334,Accenture,Data Analyst,Delhi,Remote,Contract,4,ETL|Data Warehousing|SQL|Azure,16.6,2023-01-31,"['data warehousing', 'sql', 'etl', 'azure']"
3335,Microsoft,Data Analyst,Remote,Remote,Contract,0,Machine Learning|Airflow|NumPy|Spark|Git|AWS|Statistics,8.42,2023-04-03,"['machine learning', 'numpy', 'statistics', 'aws', 'git', 'airflow', 'spark']"
3336,Razorpay,Data Analyst,Remote,Onsite,Full-time,2,Statistics|Spark|NumPy|Git|Machine Learning|Azure,13.47,2023-02-21,"['machine learning', 'numpy', 'statistics', 'git', 'spark', 'azure']"
3337,Freshworks,Business Analyst,Chennai,Remote,Contract,5,Airflow|Spark|ETL|Power BI|Pandas,18.68,2024-01-24,"['airflow', 'power bi', 'spark', 'etl', 'pandas']"
3338,Accenture,Business Analyst,Delhi,Hybrid,Internship,5,ETL|Power BI|Spark|Python,16.57,2023-08-18,"['spark', 'python', 'etl', 'power bi']"
3339,Zoho,Analytics Engineer,Hyderabad,Remote,Internship,4,Airflow|Machine Learning|Spark|NumPy|Git|Azure|SQL,17.26,2024-09-16,"['machine learning', 'numpy', 'git', 'sql', 'airflow', 'spark', 'azure']"
3340,Swiggy,Data Scientist,Chennai,Hybrid,Internship,3,Statistics|Tableau|Airflow|AWS|NumPy|Power BI|Data Warehousing,14.89,2023-08-17,"['numpy', 'statistics', 'aws', 'airflow', 'power bi', 'data warehousing', 'tableau']"
3341,Infosys,Data Analyst,Hyderabad,Onsite,Contract,5,Azure|Airflow|Git|NumPy,16.96,2023-07-25,"['airflow', 'git', 'numpy', 'azure']"
3342,Deloitte,Business Analyst,Bengaluru,Hybrid,Full-time,1,Spark|Power BI|NumPy|Excel,8.39,2024-10-25,"['spark', 'numpy', 'excel', 'power bi']"
3343,Walmart,Senior Data Analyst,Chennai,Onsite,Internship,8,Power BI|NumPy|Spark|Azure,25.3,2024-05-02,"['spark', 'numpy', 'azure', 'power bi']"
3344,Swiggy,Data Scientist,Chennai,Remote,Contract,3,Docker|Spark|Git|Power BI|Statistics|Azure|Data Warehousing|AWS,17.13,2024-03-27,"['statistics', 'aws', 'git', 'power bi', 'spark', 'azure', 'data warehousing', 'docker']"
3345,Freshworks,BI Analyst,Remote,Onsite,Internship,0,Spark|AWS|Machine Learning|ETL|Docker|Data Warehousing,5.77,2023-07-06,"['machine learning', 'aws', 'spark', 'etl', 'data warehousing', 'docker']"
3346,Accenture,Analytics Engineer,Bengaluru,Remote,Internship,6,Tableau|Azure|Excel|Spark|Machine Learning|Power BI|Statistics|Python,25.72,2023-08-11,"['machine learning', 'statistics', 'excel', 'power bi', 'spark', 'tableau', 'python', 'azure']"
3347,Accenture,Data Analyst,Pune,Onsite,Internship,3,Airflow|NumPy|Statistics|Docker|Excel,10.19,2024-03-20,"['numpy', 'statistics', 'excel', 'airflow', 'docker']"
3348,Swiggy,Analytics Engineer,Delhi,Onsite,Internship,4,Spark|ETL|Statistics|SQL,14.32,2023-03-11,"['spark', 'statistics', 'sql', 'etl']"
3349,Paytm,Senior Data Analyst,Pune,Hybrid,Contract,2,Power BI|Spark|Airflow|NumPy|Git|SQL,10.46,2024-01-09,"['numpy', 'git', 'sql', 'airflow', 'power bi', 'spark']"
3350,Deloitte,Analytics Engineer,Mumbai,Hybrid,Contract,2,Statistics|Spark|Pandas|Power BI|ETL,8.97,2023-01-27,"['statistics', 'power bi', 'spark', 'etl', 'pandas']"
3351,Accenture,Business Analyst,Hyderabad,Hybrid,Internship,0,Excel|Pandas|AWS|Tableau|Airflow,4.13,2024-03-25,"['aws', 'excel', 'airflow', 'pandas', 'tableau']"
3352,Zoho,Analytics Engineer,Mumbai,Remote,Contract,7,Spark|NumPy|Pandas|Airflow,22.4,2023-06-10,"['spark', 'numpy', 'airflow', 'pandas']"
3353,Accenture,Analytics Engineer,Pune,Remote,Full-time,4,Machine Learning|Docker|Excel|Azure|Pandas|Airflow|Python,19.69,2023-09-09,"['machine learning', 'excel', 'docker', 'airflow', 'pandas', 'python', 'azure']"
3354,Microsoft,Data Analyst,Pune,Remote,Full-time,1,Spark|SQL|Machine Learning|Git|Python|Docker|Statistics|Pandas,11.96,2023-12-26,"['machine learning', 'statistics', 'git', 'sql', 'spark', 'pandas', 'python', 'docker']"
3355,Paytm,Data Scientist,Delhi,Remote,Internship,5,Tableau|Python|Pandas|Machine Learning|ETL|SQL|Airflow|Docker,25.97,2024-05-13,"['machine learning', 'sql', 'airflow', 'pandas', 'etl', 'tableau', 'python', 'docker']"
3356,Deloitte,BI Analyst,Mumbai,Remote,Full-time,4,ETL|Docker|SQL|AWS|Tableau|Statistics,16.86,2024-01-21,"['statistics', 'aws', 'sql', 'etl', 'tableau', 'docker']"
3357,Swiggy,BI Analyst,Pune,Hybrid,Full-time,4,Azure|Statistics|Git|Tableau|Docker|Excel|ETL,14.22,2023-08-23,"['statistics', 'excel', 'git', 'azure', 'etl', 'tableau', 'docker']"
3358,Infosys,BI Analyst,Bengaluru,Hybrid,Contract,2,Docker|Pandas|Machine Learning|SQL|AWS,13.04,2024-05-11,"['machine learning', 'aws', 'sql', 'pandas', 'docker']"
3359,Infosys,Business Analyst,Mumbai,Hybrid,Full-time,8,Statistics|AWS|Pandas|Python|Git|Power BI|SQL,23.46,2024-10-10,"['statistics', 'aws', 'git', 'sql', 'power bi', 'pandas', 'python']"
3360,Accenture,Senior Data Analyst,Mumbai,Hybrid,Contract,7,Docker|Python|AWS|Statistics|Azure,21.79,2023-10-04,"['statistics', 'aws', 'docker', 'python', 'azure']"
3361,Cognizant,Analytics Engineer,Mumbai,Onsite,Contract,7,Statistics|Docker|NumPy|Python|AWS|Machine Learning|Pandas,24.67,2024-03-25,"['machine learning', 'numpy', 'statistics', 'aws', 'pandas', 'python', 'docker']"
3362,Deloitte,BI Analyst,Mumbai,Hybrid,Internship,3,Docker|Spark|Tableau|AWS|Statistics|Azure|Machine Learning,14.35,2023-11-03,"['machine learning', 'statistics', 'aws', 'spark', 'azure', 'tableau', 'docker']"
3363,Microsoft,Data Scientist,Mumbai,Remote,Internship,5,Git|Tableau|ETL|SQL|Airflow|Azure,23.38,2023-09-28,"['git', 'sql', 'airflow', 'etl', 'tableau', 'azure']"
3364,Flipkart,Analytics Engineer,Chennai,Onsite,Contract,6,Docker|Statistics|Data Warehousing|AWS,18.94,2024-05-03,"['data warehousing', 'statistics', 'aws', 'docker']"
3365,Deloitte,BI Analyst,Mumbai,Hybrid,Contract,4,Git|Pandas|SQL|Power BI|Tableau,13.87,2024-01-14,"['git', 'sql', 'pandas', 'power bi', 'tableau']"
3366,Accenture,Data Analyst,Remote,Onsite,Full-time,1,Data Warehousing|ETL|Pandas|Git|Statistics|AWS|Azure|Machine Learning,10.19,2024-08-31,"['machine learning', 'statistics', 'aws', 'git', 'etl', 'data warehousing', 'pandas', 'azure']"
3367,TCS,Data Scientist,Chennai,Remote,Contract,0,Azure|Python|Pandas|Excel,9.31,2024-01-24,"['pandas', 'python', 'azure', 'excel']"
3368,Microsoft,Analytics Engineer,Hyderabad,Hybrid,Contract,5,SQL|Azure|Spark|AWS|Data Warehousing|Docker,17.78,2023-10-25,"['aws', 'sql', 'docker', 'spark', 'data warehousing', 'azure']"
3369,Razorpay,Business Analyst,Hyderabad,Onsite,Contract,7,Excel|NumPy|AWS|Tableau,22.94,2024-02-21,"['tableau', 'numpy', 'aws', 'excel']"
3370,Infosys,Business Analyst,Delhi,Remote,Internship,3,NumPy|Spark|AWS|Statistics|Pandas|Git,13.21,2023-06-10,"['numpy', 'statistics', 'aws', 'git', 'spark', 'pandas']"
3371,Deloitte,Business Analyst,Delhi,Hybrid,Full-time,1,Airflow|Python|Machine Learning|Statistics|Git|Docker|Azure|Pandas,9.95,2024-07-19,"['machine learning', 'statistics', 'git', 'airflow', 'azure', 'pandas', 'python', 'docker']"
3372,Amazon,Data Scientist,Pune,Hybrid,Internship,7,Git|Docker|Tableau|Python|AWS,25.74,2024-06-11,"['aws', 'git', 'tableau', 'python', 'docker']"
3373,Flipkart,Business Analyst,Mumbai,Hybrid,Internship,6,Docker|Python|AWS|Statistics|Azure|Git|Data Warehousing,20.43,2023-02-26,"['statistics', 'aws', 'git', 'docker', 'data warehousing', 'python', 'azure']"
3374,Cognizant,Data Scientist,Pune,Onsite,Internship,4,Spark|SQL|Statistics|Data Warehousing|Power BI|AWS,19.18,2023-01-28,"['statistics', 'aws', 'sql', 'power bi', 'spark', 'data warehousing']"
3375,Accenture,Data Analyst,Pune,Remote,Full-time,0,Statistics|Pandas|Spark|Power BI|NumPy|ETL|Docker,5.04,2024-01-31,"['numpy', 'statistics', 'power bi', 'spark', 'etl', 'pandas', 'docker']"
3376,Flipkart,Data Analyst,Pune,Hybrid,Internship,5,AWS|Power BI|Spark|Pandas|NumPy|Statistics|SQL|Azure,15.61,2024-07-18,"['numpy', 'statistics', 'aws', 'sql', 'power bi', 'spark', 'pandas', 'azure']"
3377,Infosys,BI Analyst,Pune,Remote,Internship,2,Azure|Power BI|Spark|AWS|Airflow|Machine Learning,14.95,2024-11-18,"['machine learning', 'aws', 'airflow', 'power bi', 'spark', 'azure']"
3378,Swiggy,Senior Data Analyst,Chennai,Onsite,Internship,0,Azure|Data Warehousing|Airflow|Tableau|Spark|Machine Learning|Python,6.68,2024-09-25,"['machine learning', 'airflow', 'spark', 'data warehousing', 'tableau', 'python', 'azure']"
3379,Infosys,BI Analyst,Delhi,Remote,Full-time,2,Data Warehousing|NumPy|Docker|AWS|Pandas|Python|Statistics,10.05,2023-07-14,"['numpy', 'statistics', 'aws', 'data warehousing', 'pandas', 'python', 'docker']"
3380,Amazon,BI Analyst,Pune,Remote,Full-time,6,Pandas|Power BI|Airflow|ETL|Machine Learning|SQL|Data Warehousing,23.66,2023-01-29,"['machine learning', 'sql', 'airflow', 'power bi', 'etl', 'data warehousing', 'pandas']"
3381,Swiggy,BI Analyst,Bengaluru,Hybrid,Full-time,8,Statistics|Git|AWS|Docker|Machine Learning|Power BI,29.22,2023-11-14,"['machine learning', 'statistics', 'aws', 'git', 'power bi', 'docker']"
3382,Amazon,Business Analyst,Pune,Remote,Contract,7,ETL|Statistics|Python|Docker,23.2,2024-06-25,"['statistics', 'python', 'etl', 'docker']"
3383,Razorpay,Analytics Engineer,Hyderabad,Hybrid,Full-time,3,Docker|Machine Learning|Azure|ETL,15.8,2024-06-12,"['machine learning', 'azure', 'etl', 'docker']"
3384,Zoho,BI Analyst,Pune,Onsite,Contract,7,NumPy|Airflow|Data Warehousing|Pandas|Azure,21.42,2024-01-16,"['numpy', 'airflow', 'data warehousing', 'pandas', 'azure']"
3385,Paytm,Analytics Engineer,Delhi,Remote,Internship,5,Statistics|Azure|Excel|SQL|Airflow|Python|Pandas,19.17,2024-05-07,"['statistics', 'excel', 'sql', 'airflow', 'pandas', 'python', 'azure']"
3386,Deloitte,Business Analyst,Delhi,Remote,Internship,5,AWS|SQL|Power BI|Pandas,18.45,2024-05-29,"['pandas', 'sql', 'aws', 'power bi']"
3387,Razorpay,Data Analyst,Mumbai,Hybrid,Internship,0,Azure|Data Warehousing|Machine Learning|Statistics|Power BI|Tableau|Pandas|Docker,6.58,2024-04-28,"['machine learning', 'statistics', 'docker', 'power bi', 'pandas', 'data warehousing', 'tableau', 'azure']"
3388,Swiggy,Business Analyst,Bengaluru,Hybrid,Internship,0,Python|Excel|ETL|SQL|Data Warehousing|Git|Docker|Pandas,7.35,2023-11-07,"['excel', 'git', 'sql', 'etl', 'data warehousing', 'pandas', 'python', 'docker']"
3389,TCS,Business Analyst,Remote,Onsite,Internship,1,Airflow|Python|Machine Learning|Azure|SQL|NumPy|Docker,9.03,2024-01-11,"['machine learning', 'numpy', 'sql', 'docker', 'airflow', 'python', 'azure']"
3390,Paytm,BI Analyst,Chennai,Hybrid,Full-time,6,Statistics|AWS|Python|Spark,19.46,2023-02-16,"['spark', 'statistics', 'python', 'aws']"
3391,Freshworks,Data Analyst,Hyderabad,Remote,Internship,4,AWS|SQL|Azure|Machine Learning|Data Warehousing|Power BI,17.07,2024-08-07,"['machine learning', 'aws', 'sql', 'power bi', 'data warehousing', 'azure']"
3392,Swiggy,Data Scientist,Chennai,Remote,Internship,0,AWS|Data Warehousing|ETL|Tableau|Pandas|NumPy|Azure,10.56,2024-10-27,"['numpy', 'aws', 'pandas', 'etl', 'data warehousing', 'tableau', 'azure']"
3393,Flipkart,Data Analyst,Chennai,Hybrid,Contract,3,NumPy|Data Warehousing|ETL|Excel|Statistics|Power BI|Spark,12.31,2023-04-10,"['numpy', 'statistics', 'excel', 'power bi', 'spark', 'etl', 'data warehousing']"
3394,Walmart,Data Analyst,Remote,Hybrid,Contract,8,Statistics|Spark|SQL|Airflow|Docker,24.43,2023-07-08,"['statistics', 'sql', 'airflow', 'spark', 'docker']"
3395,Cognizant,Senior Data Analyst,Chennai,Onsite,Full-time,6,Statistics|SQL|Airflow|Python|Spark|Docker|Excel,20.22,2024-07-15,"['statistics', 'excel', 'sql', 'airflow', 'spark', 'python', 'docker']"
3396,Zoho,Senior Data Analyst,Delhi,Remote,Full-time,8,Docker|ETL|Azure|Power BI|Pandas|SQL|Excel|Python,24.33,2024-03-24,"['excel', 'docker', 'sql', 'power bi', 'etl', 'pandas', 'python', 'azure']"
3397,Zoho,Analytics Engineer,Bengaluru,Hybrid,Full-time,8,NumPy|Power BI|Statistics|Docker|Python|AWS|Machine Learning,30.38,2024-07-28,"['machine learning', 'numpy', 'statistics', 'aws', 'power bi', 'python', 'docker']"
3398,TCS,Business Analyst,Hyderabad,Remote,Contract,0,AWS|Airflow|Data Warehousing|SQL|Azure,5.09,2023-04-14,"['aws', 'sql', 'airflow', 'data warehousing', 'azure']"
3399,Walmart,Senior Data Analyst,Bengaluru,Onsite,Full-time,5,Docker|Airflow|Power BI|Pandas|Statistics|Tableau,18.05,2024-03-07,"['statistics', 'airflow', 'power bi', 'tableau', 'pandas', 'docker']"
3400,Razorpay,Business Analyst,Chennai,Hybrid,Contract,7,Data Warehousing|Git|NumPy|Power BI|Airflow|Docker|AWS,22.24,2024-08-21,"['numpy', 'aws', 'git', 'airflow', 'power bi', 'data warehousing', 'docker']"
3401,TCS,BI Analyst,Mumbai,Hybrid,Internship,4,SQL|Data Warehousing|Azure|AWS|Git|Machine Learning,16.9,2023-08-26,"['machine learning', 'aws', 'git', 'sql', 'data warehousing', 'azure']"
3402,Walmart,Business Analyst,Hyderabad,Hybrid,Contract,1,ETL|Tableau|Git|NumPy|Python|Excel,5.25,2023-09-16,"['numpy', 'excel', 'git', 'etl', 'tableau', 'python']"
3403,Microsoft,Data Analyst,Hyderabad,Hybrid,Internship,6,SQL|Machine Learning|Excel|Airflow|Data Warehousing|Pandas,21.35,2023-12-20,"['machine learning', 'excel', 'sql', 'airflow', 'data warehousing', 'pandas']"
3404,Paytm,Data Scientist,Bengaluru,Remote,Full-time,8,Docker|AWS|Spark|Pandas|Excel,32.52,2023-04-28,"['aws', 'excel', 'spark', 'pandas', 'docker']"
3405,Razorpay,Data Scientist,Mumbai,Onsite,Contract,7,SQL|Machine Learning|AWS|ETL|Statistics|NumPy|Power BI|Python,28.64,2023-07-16,"['machine learning', 'statistics', 'numpy', 'aws', 'sql', 'power bi', 'etl', 'python']"
3406,Swiggy,Business Analyst,Pune,Onsite,Internship,6,Pandas|AWS|Git|Power BI|Statistics|Azure,19.9,2023-10-16,"['statistics', 'aws', 'git', 'power bi', 'pandas', 'azure']"
3407,Zoho,Data Scientist,Remote,Onsite,Contract,1,Docker|Machine Learning|Data Warehousing|Airflow|Excel|Python,14.08,2023-07-14,"['machine learning', 'excel', 'airflow', 'data warehousing', 'python', 'docker']"
3408,Accenture,Business Analyst,Mumbai,Onsite,Internship,4,Azure|Spark|Pandas|NumPy|SQL,14.95,2024-03-16,"['numpy', 'sql', 'spark', 'pandas', 'azure']"
3409,Walmart,Business Analyst,Chennai,Onsite,Contract,1,Machine Learning|Tableau|Docker|Spark|Pandas,8.03,2024-11-14,"['machine learning', 'pandas', 'spark', 'tableau', 'docker']"
3410,Paytm,Senior Data Analyst,Mumbai,Remote,Internship,2,Excel|ETL|Pandas|Python|Git|NumPy,9.19,2023-10-08,"['numpy', 'excel', 'git', 'etl', 'pandas', 'python']"
3411,Amazon,Analytics Engineer,Hyderabad,Hybrid,Internship,2,Git|Pandas|Statistics|SQL,8.12,2023-02-03,"['git', 'pandas', 'sql', 'statistics']"
3412,Freshworks,Data Scientist,Pune,Onsite,Contract,2,NumPy|ETL|Machine Learning|SQL|Spark|Tableau|Power BI|Data Warehousing,15.24,2023-06-08,"['machine learning', 'numpy', 'sql', 'power bi', 'spark', 'etl', 'data warehousing', 'tableau']"
3413,Walmart,Business Analyst,Remote,Remote,Contract,7,Docker|Git|Excel|NumPy|AWS|Pandas|Machine Learning,24.87,2024-10-11,"['machine learning', 'numpy', 'aws', 'excel', 'git', 'pandas', 'docker']"
3414,Cognizant,BI Analyst,Chennai,Remote,Full-time,8,Git|AWS|ETL|Azure|Power BI|Data Warehousing|Excel,24.58,2023-03-16,"['aws', 'excel', 'git', 'power bi', 'etl', 'data warehousing', 'azure']"
3415,Microsoft,BI Analyst,Pune,Remote,Full-time,7,ETL|Pandas|Docker|Git|Spark|NumPy,23.63,2024-09-10,"['numpy', 'git', 'spark', 'etl', 'pandas', 'docker']"
3416,Razorpay,Data Scientist,Mumbai,Onsite,Full-time,5,Airflow|Docker|Git|Statistics|Azure,19.56,2023-07-15,"['statistics', 'git', 'airflow', 'azure', 'docker']"
3417,Microsoft,BI Analyst,Chennai,Onsite,Internship,1,Tableau|ETL|Statistics|AWS|Python,5.12,2023-08-01,"['statistics', 'aws', 'etl', 'tableau', 'python']"
3418,Swiggy,Data Scientist,Remote,Remote,Full-time,8,NumPy|Data Warehousing|SQL|Azure|Pandas,28.29,2023-01-17,"['numpy', 'sql', 'data warehousing', 'pandas', 'azure']"
3419,Walmart,BI Analyst,Bengaluru,Onsite,Internship,6,Python|Pandas|Tableau|NumPy|Power BI|Machine Learning,24.29,2024-05-27,"['machine learning', 'numpy', 'pandas', 'power bi', 'tableau', 'python']"
3420,Cognizant,Data Scientist,Delhi,Onsite,Contract,5,Power BI|Tableau|Pandas|Excel|Airflow,20.45,2023-04-07,"['excel', 'airflow', 'power bi', 'tableau', 'pandas']"
3421,Razorpay,BI Analyst,Delhi,Hybrid,Contract,3,Power BI|Azure|AWS|Airflow|SQL|Python,11.28,2024-05-27,"['aws', 'sql', 'airflow', 'power bi', 'python', 'azure']"
3422,Razorpay,Business Analyst,Delhi,Onsite,Internship,3,Spark|SQL|Excel|NumPy|Python|Power BI|Docker,10.43,2024-05-21,"['numpy', 'excel', 'sql', 'power bi', 'spark', 'python', 'docker']"
3423,Walmart,Data Scientist,Delhi,Onsite,Internship,2,Azure|Tableau|Data Warehousing|Airflow|Machine Learning,17.37,2024-03-12,"['machine learning', 'airflow', 'data warehousing', 'tableau', 'azure']"
3424,TCS,Data Analyst,Chennai,Onsite,Internship,3,SQL|Docker|Power BI|Data Warehousing|Python|Machine Learning,13.97,2024-05-06,"['machine learning', 'sql', 'power bi', 'data warehousing', 'python', 'docker']"
3425,Infosys,Analytics Engineer,Mumbai,Onsite,Contract,7,Airflow|Excel|Spark|AWS,21.69,2024-09-18,"['spark', 'aws', 'airflow', 'excel']"
3426,Zoho,Data Scientist,Mumbai,Onsite,Internship,5,Docker|Airflow|NumPy|Pandas|Python,20.66,2024-02-05,"['numpy', 'airflow', 'pandas', 'python', 'docker']"
3427,Infosys,Data Scientist,Pune,Onsite,Full-time,2,AWS|SQL|Statistics|Tableau,13.08,2024-04-09,"['tableau', 'statistics', 'sql', 'aws']"
3428,Paytm,Senior Data Analyst,Chennai,Remote,Full-time,3,Python|NumPy|AWS|Data Warehousing|Git|Power BI|Docker|Azure,12.67,2024-02-12,"['numpy', 'aws', 'git', 'power bi', 'azure', 'data warehousing', 'python', 'docker']"
3429,Cognizant,BI Analyst,Delhi,Hybrid,Internship,0,AWS|ETL|Excel|Machine Learning|Pandas,7.07,2024-07-01,"['machine learning', 'aws', 'excel', 'etl', 'pandas']"
3430,Flipkart,Analytics Engineer,Mumbai,Onsite,Internship,2,Statistics|Pandas|Data Warehousing|Tableau,10.32,2023-06-06,"['data warehousing', 'statistics', 'tableau', 'pandas']"
3431,Microsoft,Business Analyst,Bengaluru,Onsite,Full-time,2,Git|Pandas|Airflow|ETL|Excel,11.28,2024-11-23,"['excel', 'git', 'airflow', 'etl', 'pandas']"
3432,Flipkart,Analytics Engineer,Pune,Hybrid,Internship,4,Spark|AWS|Tableau|Azure|SQL|Machine Learning|Data Warehousing,17.3,2024-04-10,"['machine learning', 'aws', 'sql', 'spark', 'data warehousing', 'tableau', 'azure']"
3433,Amazon,Data Analyst,Mumbai,Remote,Contract,0,Pandas|Machine Learning|Airflow|NumPy|Tableau|Docker|Spark,8.43,2023-12-25,"['machine learning', 'numpy', 'airflow', 'pandas', 'spark', 'tableau', 'docker']"
3434,Flipkart,Data Scientist,Mumbai,Hybrid,Internship,5,Machine Learning|Azure|Data Warehousing|Tableau,22.12,2024-05-26,"['data warehousing', 'machine learning', 'tableau', 'azure']"
3435,Razorpay,BI Analyst,Remote,Onsite,Internship,0,SQL|NumPy|Data Warehousing|Statistics|Airflow|Power BI|Git|Azure,3.59,2024-08-24,"['numpy', 'statistics', 'git', 'sql', 'airflow', 'power bi', 'data warehousing', 'azure']"
3436,Cognizant,Analytics Engineer,Delhi,Hybrid,Full-time,0,NumPy|Data Warehousing|Tableau|SQL|Airflow|Pandas,3.76,2023-01-19,"['numpy', 'sql', 'airflow', 'pandas', 'data warehousing', 'tableau']"
3437,Accenture,Data Analyst,Hyderabad,Hybrid,Full-time,1,Airflow|Python|SQL|AWS|Azure|Tableau,5.02,2024-03-21,"['aws', 'sql', 'airflow', 'tableau', 'python', 'azure']"
3438,Razorpay,Business Analyst,Chennai,Onsite,Full-time,6,NumPy|Power BI|Data Warehousing|Spark,18.66,2023-08-21,"['data warehousing', 'spark', 'numpy', 'power bi']"
3439,TCS,Data Analyst,Hyderabad,Onsite,Full-time,6,AWS|SQL|Git|Machine Learning,20.52,2024-05-01,"['git', 'sql', 'machine learning', 'aws']"
3440,Flipkart,Data Scientist,Chennai,Onsite,Internship,7,AWS|Azure|Statistics|Spark,26.29,2024-09-10,"['spark', 'azure', 'statistics', 'aws']"
3441,Zoho,Data Scientist,Remote,Hybrid,Internship,5,Power BI|Python|ETL|Docker,21.31,2023-08-27,"['python', 'etl', 'docker', 'power bi']"
3442,Accenture,Senior Data Analyst,Hyderabad,Hybrid,Internship,2,Statistics|Spark|AWS|Pandas|SQL|Data Warehousing|NumPy,8.29,2023-09-03,"['statistics', 'numpy', 'aws', 'sql', 'spark', 'data warehousing', 'pandas']"
3443,Flipkart,Data Analyst,Pune,Hybrid,Full-time,2,Data Warehousing|Airflow|Statistics|SQL|Python,9.73,2023-01-23,"['statistics', 'sql', 'airflow', 'data warehousing', 'python']"
3444,Microsoft,Senior Data Analyst,Bengaluru,Remote,Contract,2,Spark|Git|Statistics|ETL|Excel,12.74,2024-01-12,"['statistics', 'excel', 'git', 'spark', 'etl']"
3445,Walmart,Data Analyst,Mumbai,Remote,Contract,7,NumPy|Excel|Power BI|Spark|Statistics|Azure,24.01,2024-11-24,"['statistics', 'numpy', 'excel', 'power bi', 'spark', 'azure']"
3446,Walmart,Business Analyst,Mumbai,Remote,Internship,6,Azure|Git|ETL|Machine Learning,24.77,2024-09-01,"['git', 'etl', 'machine learning', 'azure']"
3447,Swiggy,Data Analyst,Chennai,Onsite,Contract,6,Statistics|Tableau|Data Warehousing|SQL|Pandas|Docker|Spark|Azure,18.29,2023-06-10,"['statistics', 'sql', 'pandas', 'spark', 'azure', 'data warehousing', 'tableau', 'docker']"
3448,Freshworks,Data Scientist,Delhi,Onsite,Internship,8,Spark|AWS|NumPy|Statistics|Tableau|SQL,26.72,2024-04-26,"['numpy', 'statistics', 'aws', 'sql', 'spark', 'tableau']"
3449,Freshworks,Senior Data Analyst,Mumbai,Hybrid,Full-time,1,Python|Docker|NumPy|AWS|Pandas|Excel|Airflow|Data Warehousing,7.22,2023-01-06,"['numpy', 'aws', 'excel', 'airflow', 'data warehousing', 'pandas', 'python', 'docker']"
3450,Zoho,Senior Data Analyst,Pune,Onsite,Full-time,0,Power BI|ETL|NumPy|SQL,2.81,2024-10-27,"['numpy', 'sql', 'etl', 'power bi']"
3451,Paytm,Data Analyst,Delhi,Remote,Contract,1,Git|NumPy|Machine Learning|Tableau|SQL,11.98,2023-03-31,"['machine learning', 'numpy', 'git', 'sql', 'tableau']"
3452,Microsoft,Business Analyst,Remote,Hybrid,Internship,0,Azure|ETL|AWS|NumPy|Pandas,2.54,2023-03-07,"['numpy', 'aws', 'etl', 'pandas', 'azure']"
3453,Walmart,Data Analyst,Mumbai,Onsite,Contract,5,Excel|Airflow|Spark|Python|Git|Statistics,15.87,2023-05-06,"['statistics', 'excel', 'git', 'airflow', 'spark', 'python']"
3454,Flipkart,Senior Data Analyst,Chennai,Hybrid,Contract,3,Pandas|AWS|Azure|Spark|SQL|Airflow,12.63,2024-11-05,"['aws', 'sql', 'airflow', 'spark', 'pandas', 'azure']"
3455,Accenture,BI Analyst,Pune,Hybrid,Contract,2,Data Warehousing|Excel|Power BI|Tableau|Python|Azure,9.73,2023-03-23,"['excel', 'power bi', 'data warehousing', 'tableau', 'python', 'azure']"
3456,Flipkart,Analytics Engineer,Delhi,Remote,Contract,4,SQL|Statistics|Machine Learning|Airflow|AWS|Pandas|Data Warehousing,18.84,2023-09-01,"['machine learning', 'statistics', 'aws', 'sql', 'airflow', 'data warehousing', 'pandas']"
3457,Flipkart,Data Scientist,Pune,Hybrid,Full-time,6,Azure|Excel|SQL|Docker|Airflow|Statistics|ETL,22.06,2023-08-28,"['statistics', 'excel', 'sql', 'airflow', 'azure', 'etl', 'docker']"
3458,Swiggy,BI Analyst,Bengaluru,Onsite,Internship,4,Azure|Python|NumPy|ETL|Airflow|Pandas|Data Warehousing|Excel,17.14,2024-05-02,"['numpy', 'excel', 'airflow', 'etl', 'data warehousing', 'pandas', 'python', 'azure']"
3459,Deloitte,Data Analyst,Bengaluru,Hybrid,Full-time,3,Docker|Statistics|Azure|SQL|Airflow|Git,13.8,2024-12-01,"['statistics', 'git', 'sql', 'docker', 'airflow', 'azure']"
3460,Amazon,Data Scientist,Remote,Remote,Full-time,7,Docker|Azure|Statistics|Spark|NumPy|Python|SQL|Machine Learning,31.45,2023-10-08,"['machine learning', 'numpy', 'statistics', 'docker', 'sql', 'spark', 'python', 'azure']"
3461,Swiggy,Data Scientist,Hyderabad,Hybrid,Internship,5,AWS|ETL|Excel|Docker|Statistics|Tableau,19.67,2024-11-01,"['statistics', 'aws', 'excel', 'etl', 'tableau', 'docker']"
3462,Razorpay,Analytics Engineer,Pune,Remote,Full-time,7,Docker|ETL|Python|SQL|Azure,22.58,2024-01-07,"['sql', 'docker', 'etl', 'python', 'azure']"
3463,TCS,Data Analyst,Pune,Onsite,Internship,7,SQL|Machine Learning|Python|Airflow|AWS|Tableau,25.74,2023-04-29,"['machine learning', 'aws', 'sql', 'airflow', 'tableau', 'python']"
3464,Flipkart,Senior Data Analyst,Mumbai,Onsite,Contract,6,Git|Machine Learning|Azure|Python|Spark|AWS|Pandas|Power BI,22.67,2024-11-03,"['machine learning', 'aws', 'git', 'power bi', 'spark', 'pandas', 'python', 'azure']"
3465,Deloitte,Data Analyst,Pune,Hybrid,Internship,5,Excel|Power BI|Machine Learning|Data Warehousing|Statistics|Spark|ETL,18.15,2023-07-30,"['machine learning', 'statistics', 'excel', 'power bi', 'spark', 'etl', 'data warehousing']"
3466,Infosys,Analytics Engineer,Chennai,Hybrid,Contract,2,Power BI|Docker|Azure|SQL|ETL|AWS,9.94,2024-10-13,"['aws', 'sql', 'docker', 'power bi', 'etl', 'azure']"
3467,Walmart,Business Analyst,Hyderabad,Remote,Contract,7,Python|SQL|NumPy|Machine Learning|Airflow|Tableau|ETL|Azure,24.85,2024-08-19,"['machine learning', 'numpy', 'sql', 'airflow', 'etl', 'tableau', 'python', 'azure']"
3468,Accenture,Analytics Engineer,Pune,Hybrid,Internship,2,Excel|Pandas|Tableau|Git|SQL|Power BI|ETL|NumPy,8.54,2023-08-08,"['numpy', 'excel', 'git', 'sql', 'pandas', 'power bi', 'etl', 'tableau']"
3469,Microsoft,Senior Data Analyst,Delhi,Onsite,Full-time,6,Docker|Pandas|Spark|Statistics,17.78,2023-10-13,"['spark', 'pandas', 'statistics', 'docker']"
3470,Freshworks,BI Analyst,Hyderabad,Remote,Full-time,7,Excel|NumPy|Pandas|Azure|Statistics,24.09,2023-07-04,"['numpy', 'statistics', 'excel', 'pandas', 'azure']"
3471,Freshworks,Data Scientist,Mumbai,Onsite,Internship,4,Python|Machine Learning|Power BI|Data Warehousing|Statistics,20.28,2024-01-14,"['machine learning', 'statistics', 'power bi', 'data warehousing', 'python']"
3472,Flipkart,Analytics Engineer,Remote,Remote,Internship,7,AWS|Excel|Pandas|Python,24.49,2023-05-20,"['pandas', 'python', 'aws', 'excel']"
3473,Deloitte,Senior Data Analyst,Delhi,Remote,Internship,3,Spark|Data Warehousing|ETL|Docker,12.98,2024-09-14,"['spark', 'data warehousing', 'etl', 'docker']"
3474,Amazon,Analytics Engineer,Pune,Onsite,Full-time,3,AWS|Pandas|Statistics|Tableau|Git|Data Warehousing|ETL,11.56,2024-10-03,"['statistics', 'aws', 'git', 'pandas', 'etl', 'data warehousing', 'tableau']"
3475,Paytm,BI Analyst,Bengaluru,Remote,Full-time,1,Excel|Power BI|Tableau|Pandas|SQL,8.72,2024-11-02,"['excel', 'sql', 'power bi', 'tableau', 'pandas']"
3476,Infosys,Data Analyst,Remote,Remote,Contract,1,ETL|Azure|Tableau|Pandas,7.03,2023-09-24,"['tableau', 'etl', 'azure', 'pandas']"
3477,Infosys,Analytics Engineer,Hyderabad,Onsite,Internship,4,AWS|Tableau|Power BI|ETL|Git|Spark|Airflow|Azure,14.17,2023-09-13,"['aws', 'git', 'airflow', 'power bi', 'spark', 'etl', 'tableau', 'azure']"
3478,Amazon,Senior Data Analyst,Remote,Onsite,Contract,7,AWS|NumPy|Data Warehousing|Docker,21.44,2024-06-23,"['data warehousing', 'numpy', 'docker', 'aws']"
3479,Deloitte,Analytics Engineer,Remote,Remote,Internship,7,NumPy|ETL|AWS|Power BI|SQL|Tableau|Airflow|Data Warehousing,22.06,2024-01-20,"['numpy', 'aws', 'sql', 'airflow', 'power bi', 'etl', 'data warehousing', 'tableau']"
3480,Amazon,Data Analyst,Bengaluru,Remote,Internship,8,NumPy|Git|SQL|Pandas,26.22,2024-04-04,"['git', 'numpy', 'sql', 'pandas']"
3481,Deloitte,Senior Data Analyst,Delhi,Onsite,Full-time,4,Statistics|Python|Tableau|Data Warehousing|Azure|Excel|Airflow|Docker,12.87,2023-08-17,"['statistics', 'excel', 'docker', 'airflow', 'data warehousing', 'tableau', 'python', 'azure']"
3482,Freshworks,BI Analyst,Chennai,Onsite,Full-time,0,Machine Learning|Airflow|Power BI|Excel|Pandas|ETL,8.07,2023-01-16,"['machine learning', 'excel', 'airflow', 'power bi', 'etl', 'pandas']"
3483,Paytm,Senior Data Analyst,Delhi,Onsite,Full-time,3,Azure|Excel|Docker|Tableau|ETL|Machine Learning,13.37,2024-06-07,"['machine learning', 'excel', 'azure', 'etl', 'tableau', 'docker']"
3484,Microsoft,Data Scientist,Delhi,Remote,Internship,8,Statistics|Azure|Python|Airflow|Power BI,29.48,2024-08-28,"['statistics', 'airflow', 'power bi', 'python', 'azure']"
3485,Walmart,Business Analyst,Bengaluru,Hybrid,Full-time,5,ETL|Spark|Tableau|Statistics|SQL|Pandas|NumPy|Excel,19.42,2023-08-29,"['statistics', 'numpy', 'excel', 'sql', 'pandas', 'spark', 'etl', 'tableau']"
3486,Swiggy,Data Scientist,Delhi,Remote,Full-time,0,Python|Airflow|NumPy|Git|Azure|Statistics|Data Warehousing,9.2,2023-08-27,"['numpy', 'statistics', 'git', 'airflow', 'data warehousing', 'python', 'azure']"
3487,Amazon,Data Analyst,Bengaluru,Remote,Full-time,1,Power BI|Tableau|AWS|Pandas|Docker|Spark|ETL,9.97,2023-04-27,"['aws', 'power bi', 'spark', 'etl', 'tableau', 'pandas', 'docker']"
3488,Freshworks,Senior Data Analyst,Bengaluru,Onsite,Full-time,0,ETL|Data Warehousing|AWS|SQL|Statistics,6.22,2024-10-29,"['statistics', 'aws', 'sql', 'etl', 'data warehousing']"
3489,Deloitte,Data Analyst,Chennai,Hybrid,Full-time,6,Excel|SQL|Git|Python,17.89,2024-05-03,"['git', 'python', 'sql', 'excel']"
3490,Deloitte,Data Analyst,Chennai,Hybrid,Full-time,6,Machine Learning|Git|Spark|Excel|Power BI,21.31,2024-05-04,"['machine learning', 'excel', 'git', 'power bi', 'spark']"
3491,Infosys,Business Analyst,Delhi,Remote,Contract,5,SQL|Docker|Pandas|ETL|Power BI|AWS,17.51,2023-08-13,"['aws', 'sql', 'power bi', 'etl', 'pandas', 'docker']"
3492,Flipkart,BI Analyst,Bengaluru,Remote,Internship,1,Python|Git|Power BI|Spark|Docker,9.93,2024-11-08,"['git', 'power bi', 'spark', 'python', 'docker']"
3493,Deloitte,Data Analyst,Mumbai,Hybrid,Contract,3,Azure|Python|Git|Machine Learning|SQL|AWS,15.58,2023-09-27,"['machine learning', 'aws', 'git', 'sql', 'python', 'azure']"
3494,Infosys,Senior Data Analyst,Chennai,Onsite,Full-time,6,Git|Power BI|Docker|Spark|Statistics|Excel,20.41,2023-09-24,"['statistics', 'excel', 'git', 'power bi', 'spark', 'docker']"
3495,Infosys,Data Scientist,Remote,Hybrid,Full-time,5,Spark|Azure|NumPy|Statistics,20.69,2023-06-28,"['spark', 'numpy', 'statistics', 'azure']"
3496,TCS,Data Analyst,Remote,Remote,Contract,6,Azure|Statistics|Python|Git|SQL|Tableau|Excel,19.91,2023-02-04,"['statistics', 'excel', 'git', 'sql', 'tableau', 'python', 'azure']"
3497,Razorpay,Data Scientist,Bengaluru,Hybrid,Contract,8,Airflow|ETL|Python|AWS,30.86,2024-03-19,"['aws', 'python', 'etl', 'airflow']"
3498,Swiggy,Senior Data Analyst,Bengaluru,Hybrid,Contract,8,Python|SQL|Data Warehousing|Git|Excel|Docker,25.74,2024-01-03,"['excel', 'git', 'sql', 'data warehousing', 'python', 'docker']"
3499,Zoho,Analytics Engineer,Hyderabad,Hybrid,Internship,7,Data Warehousing|NumPy|Excel|Spark|Machine Learning|Statistics|Pandas,23.06,2024-07-18,"['machine learning', 'numpy', 'statistics', 'excel', 'spark', 'data warehousing', 'pandas']"
3500,Amazon,Analytics Engineer,Bengaluru,Onsite,Internship,2,Airflow|Docker|Power BI|Pandas|Statistics|NumPy,11.09,2024-04-26,"['statistics', 'numpy', 'airflow', 'power bi', 'pandas', 'docker']"
3501,Flipkart,Senior Data Analyst,Bengaluru,Hybrid,Contract,1,Data Warehousing|Tableau|Power BI|Azure,7.53,2024-11-04,"['data warehousing', 'tableau', 'azure', 'power bi']"
3502,TCS,Data Analyst,Chennai,Onsite,Contract,8,Spark|Azure|AWS|Python,23.51,2023-01-23,"['spark', 'aws', 'python', 'azure']"
3503,Paytm,Data Analyst,Remote,Remote,Full-time,7,Power BI|Docker|Azure|Excel|Statistics|Airflow,22.66,2023-07-13,"['statistics', 'excel', 'docker', 'airflow', 'power bi', 'azure']"
3504,Infosys,Data Scientist,Pune,Hybrid,Contract,0,Pandas|Statistics|SQL|AWS|ETL,6.99,2023-11-11,"['statistics', 'aws', 'sql', 'etl', 'pandas']"
3505,Deloitte,Data Analyst,Remote,Remote,Contract,6,Machine Learning|AWS|Excel|NumPy|ETL|Docker|Git|Pandas,23.82,2023-07-04,"['machine learning', 'numpy', 'aws', 'excel', 'git', 'etl', 'pandas', 'docker']"
3506,Walmart,Data Scientist,Bengaluru,Onsite,Contract,4,Statistics|Pandas|Machine Learning|Airflow,23.9,2023-09-05,"['machine learning', 'statistics', 'airflow', 'pandas']"
3507,Freshworks,Data Scientist,Hyderabad,Remote,Internship,2,Machine Learning|ETL|Git|Spark|AWS|Docker,18.24,2023-11-29,"['machine learning', 'aws', 'git', 'spark', 'etl', 'docker']"
3508,Flipkart,Data Analyst,Chennai,Hybrid,Contract,4,Data Warehousing|AWS|Python|Git|ETL|Azure,15.05,2024-07-11,"['aws', 'git', 'etl', 'data warehousing', 'python', 'azure']"
3509,Freshworks,BI Analyst,Bengaluru,Remote,Contract,3,Excel|AWS|Machine Learning|Spark|Airflow|Git|Statistics|Docker,18.76,2024-05-04,"['machine learning', 'statistics', 'aws', 'excel', 'git', 'airflow', 'spark', 'docker']"
3510,Microsoft,Data Scientist,Chennai,Onsite,Full-time,7,Machine Learning|ETL|Git|Tableau|Statistics|Data Warehousing|Python,29.57,2023-12-26,"['machine learning', 'statistics', 'git', 'etl', 'data warehousing', 'tableau', 'python']"
3511,Razorpay,Analytics Engineer,Pune,Hybrid,Internship,1,Git|Tableau|NumPy|Power BI|Machine Learning|AWS|Statistics|Excel,9.37,2024-03-11,"['machine learning', 'numpy', 'statistics', 'aws', 'excel', 'git', 'power bi', 'tableau']"
3512,Cognizant,BI Analyst,Hyderabad,Hybrid,Full-time,0,Power BI|Tableau|AWS|ETL|Pandas|Data Warehousing|NumPy|Excel,4.47,2024-09-17,"['numpy', 'aws', 'excel', 'power bi', 'data warehousing', 'etl', 'tableau', 'pandas']"
3513,TCS,Data Analyst,Chennai,Remote,Internship,7,ETL|Python|Machine Learning|Airflow|Pandas|NumPy|Statistics,24.58,2024-01-19,"['machine learning', 'numpy', 'statistics', 'airflow', 'etl', 'pandas', 'python']"
3514,Microsoft,BI Analyst,Pune,Onsite,Contract,3,Docker|ETL|Python|Azure|Excel|Airflow|Statistics|Data Warehousing,10.1,2024-04-06,"['statistics', 'excel', 'docker', 'airflow', 'etl', 'data warehousing', 'python', 'azure']"
3515,Infosys,Data Analyst,Mumbai,Hybrid,Internship,2,Python|Power BI|Pandas|Git|Excel|Airflow,9.42,2024-09-27,"['excel', 'git', 'airflow', 'power bi', 'pandas', 'python']"
3516,Microsoft,Analytics Engineer,Hyderabad,Hybrid,Internship,8,Git|Azure|Power BI|Pandas|NumPy|ETL,25.35,2023-10-01,"['numpy', 'git', 'power bi', 'etl', 'pandas', 'azure']"
3517,Zoho,Analytics Engineer,Pune,Remote,Internship,4,Azure|Data Warehousing|Spark|ETL|Docker|Statistics,14.63,2023-12-13,"['statistics', 'spark', 'azure', 'etl', 'data warehousing', 'docker']"
3518,Paytm,Senior Data Analyst,Hyderabad,Onsite,Internship,2,Azure|Python|AWS|Pandas,8.85,2024-04-26,"['aws', 'pandas', 'python', 'azure']"
3519,Swiggy,BI Analyst,Pune,Onsite,Full-time,2,Excel|ETL|NumPy|AWS|Pandas|Azure|Machine Learning|Spark,12.17,2023-10-07,"['machine learning', 'numpy', 'aws', 'excel', 'spark', 'etl', 'pandas', 'azure']"
3520,Accenture,Data Scientist,Bengaluru,Remote,Internship,6,Python|Statistics|NumPy|Git|Airflow|AWS|Machine Learning,30.33,2024-03-21,"['machine learning', 'numpy', 'statistics', 'aws', 'git', 'airflow', 'python']"
3521,Razorpay,Senior Data Analyst,Mumbai,Hybrid,Full-time,4,Pandas|AWS|Tableau|Spark|Data Warehousing|Python|Docker|Statistics,12.81,2023-12-30,"['statistics', 'aws', 'pandas', 'spark', 'data warehousing', 'tableau', 'python', 'docker']"
3522,TCS,BI Analyst,Chennai,Remote,Full-time,7,Data Warehousing|Machine Learning|Power BI|Excel|Statistics|SQL|NumPy,26.26,2024-02-03,"['machine learning', 'statistics', 'numpy', 'excel', 'sql', 'power bi', 'data warehousing']"
3523,Flipkart,Data Scientist,Mumbai,Onsite,Internship,6,Azure|Python|Docker|Git|Data Warehousing|Statistics|Power BI|Pandas,21.61,2024-02-02,"['statistics', 'git', 'docker', 'power bi', 'data warehousing', 'pandas', 'python', 'azure']"
3524,Paytm,Data Analyst,Bengaluru,Hybrid,Full-time,5,ETL|SQL|Statistics|AWS|Machine Learning|Power BI|Tableau,20.14,2024-06-20,"['machine learning', 'statistics', 'aws', 'sql', 'power bi', 'etl', 'tableau']"
3525,Walmart,Business Analyst,Hyderabad,Onsite,Internship,3,Python|Excel|Tableau|Airflow|Statistics|ETL,12.96,2024-08-10,"['statistics', 'excel', 'airflow', 'etl', 'tableau', 'python']"
3526,Cognizant,Business Analyst,Delhi,Hybrid,Internship,4,AWS|Tableau|Machine Learning|Python|SQL|Spark|NumPy|Data Warehousing,17.34,2023-05-01,"['machine learning', 'numpy', 'aws', 'sql', 'spark', 'data warehousing', 'tableau', 'python']"
3527,Deloitte,Data Scientist,Mumbai,Onsite,Full-time,2,AWS|Docker|Git|Excel|Python|Tableau|SQL|Azure,12.89,2024-09-05,"['aws', 'excel', 'git', 'sql', 'azure', 'tableau', 'python', 'docker']"
3528,Walmart,Senior Data Analyst,Remote,Onsite,Contract,6,Spark|Tableau|SQL|Azure|Power BI|Python,18.19,2023-03-02,"['sql', 'power bi', 'spark', 'tableau', 'python', 'azure']"
3529,Amazon,Analytics Engineer,Mumbai,Remote,Internship,6,Docker|Machine Learning|Power BI|Tableau|AWS|Excel|Data Warehousing,24.16,2024-01-01,"['machine learning', 'aws', 'excel', 'power bi', 'data warehousing', 'tableau', 'docker']"
3530,Amazon,Data Scientist,Delhi,Hybrid,Internship,4,Data Warehousing|AWS|NumPy|Tableau|Statistics,17.42,2024-07-17,"['statistics', 'numpy', 'aws', 'data warehousing', 'tableau']"
3531,Paytm,Senior Data Analyst,Remote,Onsite,Internship,0,Python|Pandas|Docker|Statistics|Git,4.88,2024-04-09,"['statistics', 'git', 'pandas', 'python', 'docker']"
3532,Freshworks,Business Analyst,Hyderabad,Hybrid,Contract,1,Pandas|Spark|Python|Docker|Data Warehousing|Airflow|Tableau,6.85,2023-05-30,"['tableau', 'airflow', 'spark', 'data warehousing', 'pandas', 'python', 'docker']"
3533,Swiggy,Data Scientist,Mumbai,Onsite,Internship,4,Statistics|Git|Power BI|NumPy|Machine Learning|Spark|Data Warehousing|Azure,21.03,2024-11-12,"['machine learning', 'statistics', 'numpy', 'git', 'power bi', 'spark', 'data warehousing', 'azure']"
3534,Microsoft,Analytics Engineer,Pune,Hybrid,Contract,4,Power BI|Pandas|Docker|Machine Learning|NumPy|Statistics|Data Warehousing|Git,16.99,2024-07-05,"['machine learning', 'numpy', 'statistics', 'git', 'power bi', 'data warehousing', 'pandas', 'docker']"
3535,Cognizant,Analytics Engineer,Delhi,Onsite,Contract,1,AWS|Python|Statistics|NumPy,6.13,2024-09-27,"['numpy', 'statistics', 'python', 'aws']"
3536,Accenture,Senior Data Analyst,Mumbai,Onsite,Contract,2,Tableau|Azure|Statistics|Data Warehousing|SQL|ETL,7.55,2023-01-21,"['statistics', 'sql', 'etl', 'data warehousing', 'tableau', 'azure']"
3537,Amazon,Data Analyst,Remote,Remote,Contract,0,Tableau|Power BI|ETL|AWS|Airflow|Excel|Data Warehousing,5.37,2023-07-04,"['aws', 'excel', 'airflow', 'power bi', 'etl', 'data warehousing', 'tableau']"
3538,Amazon,Senior Data Analyst,Bengaluru,Remote,Internship,7,Tableau|AWS|ETL|NumPy|Data Warehousing|Pandas|Spark|Python,24.61,2023-03-06,"['numpy', 'aws', 'pandas', 'spark', 'etl', 'data warehousing', 'tableau', 'python']"
3539,TCS,Data Analyst,Pune,Onsite,Full-time,0,Azure|AWS|Pandas|NumPy,4.94,2024-05-03,"['aws', 'numpy', 'pandas', 'azure']"
3540,Flipkart,Data Scientist,Bengaluru,Hybrid,Contract,0,Git|Machine Learning|AWS|Tableau,12.74,2023-01-29,"['aws', 'git', 'tableau', 'machine learning']"
3541,Freshworks,Business Analyst,Hyderabad,Remote,Full-time,0,Tableau|Git|Data Warehousing|Statistics|ETL,6.43,2024-11-05,"['statistics', 'git', 'etl', 'data warehousing', 'tableau']"
3542,Cognizant,Data Analyst,Bengaluru,Remote,Internship,0,AWS|Pandas|NumPy|Power BI,8.56,2023-06-13,"['numpy', 'pandas', 'aws', 'power bi']"
3543,Flipkart,Data Scientist,Mumbai,Hybrid,Contract,4,Python|Docker|SQL|Tableau,17.31,2024-08-30,"['sql', 'tableau', 'python', 'docker']"
3544,Infosys,BI Analyst,Mumbai,Remote,Full-time,0,Azure|Power BI|Excel|Tableau|Pandas,6.5,2024-04-27,"['excel', 'power bi', 'tableau', 'pandas', 'azure']"
3545,Swiggy,Data Analyst,Bengaluru,Hybrid,Internship,8,SQL|AWS|Pandas|Python,25.23,2023-03-13,"['pandas', 'sql', 'aws', 'python']"
3546,Walmart,Data Analyst,Remote,Remote,Contract,5,Docker|SQL|Data Warehousing|Power BI|Statistics|NumPy|AWS|Tableau,17.32,2024-05-21,"['statistics', 'numpy', 'aws', 'sql', 'power bi', 'data warehousing', 'tableau', 'docker']"
3547,Flipkart,Analytics Engineer,Chennai,Hybrid,Full-time,6,SQL|Azure|Excel|Machine Learning|Pandas|NumPy|Power BI,20.52,2023-10-07,"['machine learning', 'numpy', 'excel', 'sql', 'power bi', 'pandas', 'azure']"
3548,Razorpay,Business Analyst,Pune,Onsite,Contract,4,Machine Learning|SQL|NumPy|AWS|Excel|Azure|Data Warehousing,17.69,2024-05-18,"['machine learning', 'numpy', 'aws', 'excel', 'sql', 'data warehousing', 'azure']"
3549,Zoho,Senior Data Analyst,Mumbai,Onsite,Full-time,1,Pandas|ETL|Airflow|Statistics|SQL|Git|Excel|Machine Learning,8.17,2024-07-23,"['machine learning', 'statistics', 'excel', 'git', 'sql', 'airflow', 'etl', 'pandas']"
3550,Deloitte,Data Analyst,Pune,Remote,Full-time,7,Spark|ETL|Python|Machine Learning|Power BI|NumPy,25.64,2023-11-30,"['machine learning', 'numpy', 'power bi', 'spark', 'etl', 'python']"
3551,Razorpay,Senior Data Analyst,Mumbai,Hybrid,Contract,4,Power BI|AWS|Git|Excel|Spark|Data Warehousing,12.93,2024-02-19,"['aws', 'excel', 'git', 'power bi', 'spark', 'data warehousing']"
3552,Deloitte,Data Scientist,Pune,Remote,Contract,0,SQL|Spark|Docker|Python|Data Warehousing|Pandas|Airflow|Tableau,9.97,2023-07-01,"['tableau', 'sql', 'airflow', 'spark', 'data warehousing', 'pandas', 'python', 'docker']"
3553,TCS,Analytics Engineer,Delhi,Remote,Contract,4,Git|SQL|Excel|Power BI|Data Warehousing|ETL|NumPy|AWS,14.88,2023-01-06,"['numpy', 'aws', 'excel', 'git', 'sql', 'power bi', 'etl', 'data warehousing']"
3554,Microsoft,BI Analyst,Mumbai,Onsite,Internship,8,Git|Python|ETL|NumPy,23.16,2024-01-04,"['git', 'numpy', 'python', 'etl']"
3555,Flipkart,BI Analyst,Delhi,Onsite,Full-time,2,Git|Airflow|NumPy|Spark|SQL,8.25,2024-04-15,"['numpy', 'git', 'sql', 'airflow', 'spark']"
3556,Flipkart,Senior Data Analyst,Delhi,Hybrid,Internship,0,ETL|Docker|Python|SQL,4.77,2023-04-24,"['sql', 'python', 'etl', 'docker']"
3557,Accenture,Data Scientist,Mumbai,Hybrid,Contract,8,Python|Git|ETL|Statistics,28.02,2024-01-12,"['git', 'statistics', 'python', 'etl']"
3558,Zoho,BI Analyst,Pune,Onsite,Internship,6,Data Warehousing|Docker|Git|Statistics,18.78,2023-05-15,"['data warehousing', 'git', 'statistics', 'docker']"
3559,Infosys,Data Analyst,Chennai,Onsite,Full-time,2,Statistics|AWS|ETL|Docker|SQL,10.35,2024-08-29,"['statistics', 'aws', 'sql', 'etl', 'docker']"
3560,Amazon,Data Analyst,Pune,Remote,Contract,5,Git|Pandas|Spark|ETL|AWS,17.09,2024-04-19,"['aws', 'git', 'spark', 'etl', 'pandas']"
3561,Razorpay,Data Scientist,Remote,Hybrid,Internship,0,Tableau|Pandas|Azure|Airflow|Python|ETL|AWS|Git,7.36,2024-04-21,"['aws', 'git', 'airflow', 'pandas', 'etl', 'tableau', 'python', 'azure']"
3562,Infosys,BI Analyst,Remote,Onsite,Full-time,8,Python|Power BI|ETL|Azure|Airflow|Git|Pandas|NumPy,24.1,2024-02-29,"['numpy', 'git', 'airflow', 'power bi', 'etl', 'pandas', 'python', 'azure']"
3563,Accenture,Data Scientist,Remote,Remote,Contract,0,SQL|Excel|Pandas|Statistics|Azure|Python|Data Warehousing|NumPy,10.15,2024-10-31,"['statistics', 'numpy', 'excel', 'sql', 'data warehousing', 'pandas', 'python', 'azure']"
3564,Flipkart,Data Scientist,Mumbai,Onsite,Contract,3,SQL|Statistics|Git|Pandas|Docker|AWS|Airflow,14.37,2024-03-24,"['statistics', 'aws', 'git', 'sql', 'airflow', 'pandas', 'docker']"
3565,Amazon,Data Analyst,Remote,Remote,Full-time,6,Excel|Airflow|Git|ETL|Pandas|Machine Learning|NumPy,23.16,2023-02-25,"['machine learning', 'numpy', 'excel', 'git', 'airflow', 'etl', 'pandas']"
3566,Flipkart,Senior Data Analyst,Hyderabad,Onsite,Full-time,3,Data Warehousing|ETL|Tableau|Power BI|Airflow|Python|AWS,12.62,2024-01-04,"['aws', 'airflow', 'power bi', 'etl', 'data warehousing', 'tableau', 'python']"
3567,Walmart,Analytics Engineer,Remote,Remote,Internship,0,Machine Learning|Python|AWS|Statistics|Data Warehousing|Docker|Tableau,8.68,2023-04-10,"['machine learning', 'statistics', 'aws', 'data warehousing', 'tableau', 'python', 'docker']"
3568,Flipkart,Business Analyst,Pune,Hybrid,Contract,4,SQL|Data Warehousing|Azure|Python,14.12,2024-06-11,"['data warehousing', 'sql', 'azure', 'python']"
3569,Razorpay,Business Analyst,Hyderabad,Remote,Internship,3,Python|Machine Learning|NumPy|Data Warehousing,15.44,2024-10-27,"['data warehousing', 'machine learning', 'numpy', 'python']"
3570,Razorpay,BI Analyst,Chennai,Remote,Contract,0,ETL|SQL|NumPy|Excel|AWS|Azure|Tableau|Statistics,4.02,2023-10-17,"['numpy', 'statistics', 'aws', 'excel', 'sql', 'etl', 'tableau', 'azure']"
3571,Deloitte,Analytics Engineer,Pune,Remote,Contract,0,Statistics|SQL|Excel|Data Warehousing|Python|Power BI,5.73,2023-06-13,"['statistics', 'excel', 'sql', 'power bi', 'data warehousing', 'python']"
3572,Razorpay,BI Analyst,Chennai,Remote,Internship,4,Tableau|NumPy|Python|Azure|Airflow|Git,14.15,2023-05-02,"['numpy', 'git', 'airflow', 'tableau', 'python', 'azure']"
3573,Accenture,Analytics Engineer,Mumbai,Hybrid,Contract,5,Azure|AWS|Statistics|Tableau|Machine Learning|Airflow|Python,19.45,2023-01-25,"['machine learning', 'statistics', 'aws', 'airflow', 'tableau', 'python', 'azure']"
3574,Flipkart,Business Analyst,Hyderabad,Hybrid,Contract,8,Data Warehousing|Azure|Airflow|Python|Statistics,23.17,2023-01-14,"['statistics', 'airflow', 'data warehousing', 'python', 'azure']"
3575,Microsoft,Data Scientist,Chennai,Onsite,Contract,2,Spark|Power BI|Pandas|Docker|Git|Python|SQL|Tableau,12.9,2023-04-05,"['git', 'sql', 'power bi', 'spark', 'tableau', 'pandas', 'python', 'docker']"
3576,TCS,Analytics Engineer,Delhi,Remote,Contract,8,Spark|Python|Data Warehousing|Pandas|SQL|Tableau|AWS,26.63,2024-10-12,"['tableau', 'aws', 'sql', 'spark', 'data warehousing', 'pandas', 'python']"
3577,Infosys,Data Analyst,Bengaluru,Onsite,Contract,8,Spark|Power BI|Docker|Excel,27.4,2023-01-04,"['spark', 'excel', 'docker', 'power bi']"
3578,Amazon,Senior Data Analyst,Remote,Onsite,Contract,0,Spark|Power BI|Pandas|NumPy|AWS|Airflow,4.91,2023-06-07,"['numpy', 'aws', 'airflow', 'power bi', 'spark', 'pandas']"
3579,Accenture,BI Analyst,Bengaluru,Remote,Full-time,2,Machine Learning|Git|Tableau|Data Warehousing|Statistics|AWS|ETL,16.02,2023-07-02,"['machine learning', 'statistics', 'aws', 'git', 'etl', 'data warehousing', 'tableau']"
3580,Microsoft,Analytics Engineer,Bengaluru,Onsite,Full-time,0,SQL|Spark|NumPy|Tableau|Git|Python|Statistics,6.99,2023-05-07,"['numpy', 'statistics', 'git', 'sql', 'spark', 'tableau', 'python']"
3581,Zoho,BI Analyst,Hyderabad,Hybrid,Contract,3,AWS|Power BI|ETL|Azure|Pandas|Machine Learning|SQL|Data Warehousing,14.74,2023-07-14,"['machine learning', 'aws', 'sql', 'power bi', 'etl', 'data warehousing', 'pandas', 'azure']"
3582,Razorpay,Senior Data Analyst,Delhi,Remote,Internship,3,Spark|NumPy|SQL|Azure|Excel|Data Warehousing|Pandas,12.34,2024-03-06,"['numpy', 'excel', 'sql', 'spark', 'data warehousing', 'pandas', 'azure']"
3583,Amazon,Data Analyst,Pune,Remote,Internship,5,Azure|Tableau|Git|Excel,18.87,2023-04-21,"['git', 'tableau', 'azure', 'excel']"
3584,Microsoft,BI Analyst,Hyderabad,Onsite,Full-time,8,ETL|Docker|Airflow|Tableau|Data Warehousing|Azure|Python|Power BI,22.97,2023-08-04,"['airflow', 'power bi', 'azure', 'etl', 'data warehousing', 'tableau', 'python', 'docker']"
3585,Swiggy,Business Analyst,Bengaluru,Remote,Contract,8,Statistics|Tableau|Azure|AWS|NumPy|Python|Power BI|Pandas,28.14,2023-06-07,"['numpy', 'statistics', 'aws', 'power bi', 'pandas', 'tableau', 'python', 'azure']"
3586,Zoho,Data Analyst,Remote,Remote,Internship,4,Python|AWS|Tableau|Airflow,16.79,2024-03-15,"['airflow', 'tableau', 'python', 'aws']"
3587,Freshworks,Senior Data Analyst,Delhi,Onsite,Internship,7,ETL|Excel|NumPy|Python,20.94,2024-06-02,"['numpy', 'python', 'etl', 'excel']"
3588,Infosys,BI Analyst,Hyderabad,Remote,Full-time,6,Docker|Python|Pandas|Tableau|Statistics,21.53,2024-06-22,"['statistics', 'pandas', 'tableau', 'python', 'docker']"
3589,Deloitte,Business Analyst,Remote,Remote,Contract,3,Git|Python|SQL|AWS,12.01,2024-04-20,"['aws', 'git', 'python', 'sql']"
3590,Paytm,Data Analyst,Mumbai,Remote,Contract,7,Tableau|Airflow|Power BI|SQL|Python|AWS,24.13,2024-11-02,"['aws', 'sql', 'airflow', 'power bi', 'tableau', 'python']"
3591,Zoho,Business Analyst,Mumbai,Remote,Contract,6,Data Warehousing|Pandas|Machine Learning|Azure|Docker|SQL|NumPy,22.03,2024-01-23,"['machine learning', 'numpy', 'sql', 'azure', 'data warehousing', 'pandas', 'docker']"
3592,Walmart,Analytics Engineer,Chennai,Remote,Internship,8,Pandas|ETL|AWS|Python,24.49,2023-06-25,"['pandas', 'python', 'etl', 'aws']"
3593,Accenture,Data Scientist,Pune,Remote,Full-time,4,Azure|Python|NumPy|Machine Learning|Airflow|SQL|Data Warehousing,21.47,2023-10-20,"['machine learning', 'numpy', 'sql', 'airflow', 'data warehousing', 'python', 'azure']"
3594,Deloitte,Data Scientist,Hyderabad,Hybrid,Internship,7,Git|Python|Tableau|SQL|ETL|Machine Learning|Airflow|Spark,29.17,2024-09-24,"['machine learning', 'git', 'sql', 'airflow', 'spark', 'etl', 'tableau', 'python']"
3595,Amazon,Senior Data Analyst,Mumbai,Onsite,Internship,4,Data Warehousing|Git|Machine Learning|AWS|Python|Excel,16.26,2023-11-22,"['machine learning', 'aws', 'excel', 'git', 'data warehousing', 'python']"
3596,Deloitte,BI Analyst,Bengaluru,Remote,Internship,7,Airflow|SQL|Power BI|ETL|Tableau,25.56,2024-03-08,"['sql', 'airflow', 'power bi', 'etl', 'tableau']"
3597,Paytm,BI Analyst,Pune,Remote,Full-time,6,SQL|Azure|Git|ETL|AWS|Airflow,19.91,2024-10-17,"['aws', 'git', 'sql', 'airflow', 'etl', 'azure']"
3598,Accenture,Analytics Engineer,Pune,Onsite,Internship,7,Python|NumPy|Statistics|Machine Learning|Power BI|Azure|Pandas|Tableau,24.25,2024-06-22,"['machine learning', 'numpy', 'statistics', 'power bi', 'tableau', 'pandas', 'python', 'azure']"
3599,Amazon,BI Analyst,Delhi,Onsite,Full-time,0,Power BI|Azure|Airflow|Pandas|Statistics|Machine Learning,7.4,2024-03-26,"['machine learning', 'statistics', 'airflow', 'power bi', 'pandas', 'azure']"
3600,Microsoft,Data Scientist,Pune,Onsite,Contract,1,Pandas|Tableau|Docker|Statistics|Azure|Data Warehousing,10.44,2024-09-08,"['statistics', 'docker', 'pandas', 'data warehousing', 'tableau', 'azure']"
3601,Swiggy,Data Scientist,Pune,Onsite,Internship,4,NumPy|Tableau|Statistics|Machine Learning|Power BI,21.92,2023-12-27,"['machine learning', 'numpy', 'statistics', 'power bi', 'tableau']"
3602,Swiggy,Analytics Engineer,Mumbai,Hybrid,Full-time,7,Docker|Excel|Python|Machine Learning|ETL|Git|Statistics,25.75,2023-09-17,"['machine learning', 'statistics', 'excel', 'git', 'etl', 'python', 'docker']"
3603,Freshworks,Data Analyst,Mumbai,Remote,Contract,5,Git|AWS|NumPy|Data Warehousing|Power BI|SQL|ETL,18.03,2023-11-21,"['numpy', 'aws', 'git', 'sql', 'power bi', 'etl', 'data warehousing']"
3604,Zoho,Senior Data Analyst,Remote,Hybrid,Full-time,2,Azure|AWS|Power BI|Excel|Pandas|Machine Learning,11.86,2024-09-16,"['machine learning', 'aws', 'excel', 'power bi', 'pandas', 'azure']"
3605,Paytm,Analytics Engineer,Bengaluru,Hybrid,Contract,0,Pandas|Excel|Spark|NumPy|Statistics|AWS|ETL,4.57,2023-11-18,"['numpy', 'statistics', 'aws', 'excel', 'spark', 'etl', 'pandas']"
3606,Amazon,Data Analyst,Mumbai,Onsite,Internship,3,Pandas|Git|Spark|Tableau|Machine Learning|NumPy|Azure|Airflow,14.85,2023-07-27,"['machine learning', 'numpy', 'git', 'airflow', 'spark', 'tableau', 'pandas', 'azure']"
3607,Zoho,Data Scientist,Mumbai,Remote,Contract,8,Excel|Data Warehousing|Pandas|Azure|ETL|NumPy|Docker,28.56,2024-02-27,"['numpy', 'excel', 'docker', 'etl', 'data warehousing', 'pandas', 'azure']"
3608,Infosys,Data Analyst,Delhi,Remote,Full-time,0,Spark|Airflow|Pandas|Statistics|Excel,5.68,2023-11-16,"['statistics', 'excel', 'airflow', 'spark', 'pandas']"
3609,Paytm,BI Analyst,Chennai,Onsite,Internship,1,Pandas|Docker|Power BI|Statistics|Tableau|Azure,6.2,2023-02-23,"['statistics', 'pandas', 'power bi', 'azure', 'tableau', 'docker']"
3610,TCS,Data Analyst,Remote,Hybrid,Internship,2,Docker|AWS|Data Warehousing|NumPy|Azure|Python|ETL,8.35,2023-02-07,"['numpy', 'aws', 'docker', 'etl', 'data warehousing', 'python', 'azure']"
3611,Cognizant,Data Analyst,Remote,Remote,Contract,0,Tableau|Docker|NumPy|Pandas,6.62,2023-11-13,"['numpy', 'tableau', 'docker', 'pandas']"
3612,Walmart,Senior Data Analyst,Remote,Hybrid,Internship,3,SQL|Tableau|Statistics|Machine Learning,14.2,2024-11-01,"['machine learning', 'tableau', 'sql', 'statistics']"
3613,Paytm,BI Analyst,Hyderabad,Hybrid,Internship,4,Python|Azure|Power BI|Docker|Spark,14.52,2024-08-07,"['power bi', 'spark', 'azure', 'python', 'docker']"
3614,Flipkart,BI Analyst,Pune,Hybrid,Internship,3,ETL|NumPy|Power BI|SQL,12.46,2024-02-14,"['numpy', 'sql', 'etl', 'power bi']"
3615,Microsoft,Data Analyst,Hyderabad,Remote,Contract,0,SQL|Airflow|ETL|Data Warehousing|Docker|Statistics|Git,4.0,2023-05-31,"['statistics', 'git', 'sql', 'airflow', 'etl', 'data warehousing', 'docker']"
3616,Paytm,Data Analyst,Chennai,Remote,Contract,0,Machine Learning|Pandas|Power BI|Statistics|NumPy|Excel|Tableau,7.92,2024-11-18,"['machine learning', 'numpy', 'statistics', 'excel', 'power bi', 'tableau', 'pandas']"
3617,Walmart,Senior Data Analyst,Pune,Remote,Contract,2,Spark|SQL|Docker|Pandas|Tableau|Excel|Statistics,9.79,2023-03-25,"['statistics', 'excel', 'sql', 'spark', 'tableau', 'pandas', 'docker']"
3618,Paytm,Data Analyst,Chennai,Remote,Contract,2,Spark|Data Warehousing|Tableau|ETL|Machine Learning|Airflow|Statistics|Pandas,14.7,2024-05-20,"['machine learning', 'statistics', 'airflow', 'pandas', 'spark', 'etl', 'data warehousing', 'tableau']"
3619,Razorpay,Analytics Engineer,Chennai,Onsite,Full-time,2,Machine Learning|Power BI|Azure|Pandas,13.39,2023-06-18,"['machine learning', 'pandas', 'azure', 'power bi']"
3620,Freshworks,Data Analyst,Mumbai,Hybrid,Internship,1,Machine Learning|Statistics|Python|Azure|Tableau|Docker|Power BI,10.11,2023-10-29,"['machine learning', 'statistics', 'docker', 'power bi', 'tableau', 'python', 'azure']"
3621,Freshworks,Senior Data Analyst,Mumbai,Hybrid,Internship,3,Excel|AWS|Pandas|Azure|Statistics,12.08,2023-10-17,"['statistics', 'aws', 'excel', 'pandas', 'azure']"
3622,Accenture,Data Analyst,Mumbai,Hybrid,Full-time,4,Git|Excel|ETL|Azure|Docker|NumPy|Data Warehousing,14.86,2024-06-06,"['numpy', 'excel', 'git', 'azure', 'etl', 'data warehousing', 'docker']"
3623,Walmart,Data Scientist,Remote,Remote,Internship,4,Python|Docker|Statistics|Azure,18.22,2023-02-02,"['statistics', 'python', 'azure', 'docker']"
3624,Zoho,Analytics Engineer,Hyderabad,Onsite,Full-time,7,AWS|Data Warehousing|Power BI|ETL|Machine Learning|Git|Docker|Azure,24.91,2023-05-15,"['machine learning', 'aws', 'git', 'power bi', 'azure', 'etl', 'data warehousing', 'docker']"
3625,Walmart,Business Analyst,Pune,Onsite,Internship,8,Docker|Spark|Machine Learning|Pandas|AWS,27.8,2023-10-19,"['machine learning', 'aws', 'spark', 'pandas', 'docker']"
3626,TCS,Analytics Engineer,Mumbai,Remote,Internship,1,Azure|Spark|Statistics|AWS,7.58,2024-06-25,"['spark', 'statistics', 'aws', 'azure']"
3627,Microsoft,Senior Data Analyst,Remote,Onsite,Contract,3,Spark|Airflow|Pandas|SQL|Azure|Power BI,10.61,2023-09-29,"['sql', 'airflow', 'power bi', 'spark', 'pandas', 'azure']"
3628,TCS,Data Analyst,Delhi,Onsite,Internship,7,Data Warehousing|Python|NumPy|Docker,22.82,2023-09-03,"['data warehousing', 'numpy', 'python', 'docker']"
3629,Walmart,Senior Data Analyst,Delhi,Hybrid,Internship,4,Azure|Git|Machine Learning|Spark|Airflow,16.48,2023-01-22,"['machine learning', 'git', 'airflow', 'spark', 'azure']"
3630,Accenture,BI Analyst,Bengaluru,Onsite,Full-time,3,Excel|Pandas|SQL|Azure,13.18,2024-10-14,"['pandas', 'sql', 'azure', 'excel']"
3631,Deloitte,Data Analyst,Pune,Remote,Internship,8,Azure|Machine Learning|Excel|Airflow,28.75,2024-04-20,"['airflow', 'machine learning', 'azure', 'excel']"
3632,Swiggy,BI Analyst,Chennai,Remote,Full-time,0,SQL|Spark|Docker|Python|Statistics|Git|AWS,4.06,2024-02-16,"['statistics', 'aws', 'git', 'sql', 'spark', 'python', 'docker']"
3633,Accenture,BI Analyst,Delhi,Onsite,Full-time,3,Git|Airflow|Power BI|Excel|Spark,11.28,2024-04-08,"['excel', 'git', 'airflow', 'power bi', 'spark']"
3634,Walmart,Data Analyst,Mumbai,Remote,Internship,7,Data Warehousing|SQL|Excel|Spark|Statistics|Python|Airflow|Machine Learning,26.42,2024-03-27,"['machine learning', 'statistics', 'excel', 'sql', 'airflow', 'spark', 'data warehousing', 'python']"
3635,Walmart,Analytics Engineer,Mumbai,Hybrid,Internship,7,Azure|Pandas|Spark|Data Warehousing|Tableau|AWS|Git,22.5,2024-02-03,"['aws', 'git', 'spark', 'data warehousing', 'tableau', 'pandas', 'azure']"
3636,Amazon,Data Analyst,Mumbai,Remote,Contract,8,Spark|Machine Learning|Excel|SQL|Azure|AWS,29.95,2024-01-07,"['machine learning', 'aws', 'excel', 'sql', 'spark', 'azure']"
3637,TCS,Data Scientist,Pune,Hybrid,Contract,2,Pandas|Airflow|ETL|Power BI|Spark|AWS|Python|SQL,12.45,2024-08-14,"['aws', 'sql', 'airflow', 'power bi', 'spark', 'etl', 'pandas', 'python']"
3638,Amazon,Business Analyst,Delhi,Onsite,Internship,7,Git|ETL|SQL|Pandas|Azure|Docker,22.88,2023-03-14,"['git', 'sql', 'docker', 'etl', 'pandas', 'azure']"
3639,TCS,BI Analyst,Chennai,Hybrid,Internship,3,NumPy|AWS|Docker|Statistics,11.85,2024-03-09,"['numpy', 'docker', 'statistics', 'aws']"
3640,Accenture,Data Analyst,Remote,Onsite,Contract,7,Spark|SQL|Power BI|ETL|Airflow|Python|Data Warehousing,21.5,2024-03-10,"['sql', 'airflow', 'power bi', 'spark', 'etl', 'data warehousing', 'python']"
3641,Deloitte,Data Scientist,Chennai,Onsite,Internship,5,Git|SQL|Airflow|Python|Pandas|ETL|Azure|Power BI,21.69,2023-02-24,"['git', 'sql', 'airflow', 'power bi', 'etl', 'pandas', 'python', 'azure']"
3642,Cognizant,BI Analyst,Pune,Hybrid,Contract,3,Python|Azure|Git|Tableau,10.62,2024-07-23,"['git', 'tableau', 'python', 'azure']"
3643,Freshworks,Data Scientist,Delhi,Remote,Full-time,2,AWS|Airflow|ETL|Power BI|Docker|NumPy|Machine Learning,16.95,2023-04-01,"['machine learning', 'numpy', 'aws', 'airflow', 'power bi', 'etl', 'docker']"
3644,Infosys,Data Scientist,Remote,Remote,Internship,5,Machine Learning|NumPy|Data Warehousing|Statistics|Power BI,24.83,2024-04-01,"['machine learning', 'numpy', 'statistics', 'power bi', 'data warehousing']"
3645,Cognizant,Business Analyst,Mumbai,Remote,Contract,1,AWS|Machine Learning|Azure|Data Warehousing|Excel|SQL,10.63,2023-10-04,"['machine learning', 'aws', 'excel', 'sql', 'data warehousing', 'azure']"
3646,Walmart,Data Scientist,Mumbai,Remote,Contract,6,Machine Learning|NumPy|Data Warehousing|Excel|Python,26.42,2024-05-19,"['machine learning', 'numpy', 'excel', 'data warehousing', 'python']"
3647,Paytm,Data Scientist,Chennai,Onsite,Internship,1,Git|Statistics|Azure|Data Warehousing|NumPy|Machine Learning,13.33,2023-11-25,"['machine learning', 'statistics', 'numpy', 'git', 'data warehousing', 'azure']"
3648,TCS,Data Analyst,Bengaluru,Onsite,Contract,8,Spark|Power BI|Azure|SQL|Airflow,26.46,2024-03-20,"['sql', 'airflow', 'power bi', 'spark', 'azure']"
3649,Cognizant,Business Analyst,Pune,Onsite,Internship,0,Spark|Tableau|Excel|Git|Data Warehousing|Pandas|NumPy,3.72,2024-02-17,"['numpy', 'excel', 'git', 'pandas', 'spark', 'data warehousing', 'tableau']"
3650,Microsoft,BI Analyst,Chennai,Onsite,Full-time,6,Power BI|Azure|Python|Spark,20.48,2023-03-25,"['spark', 'python', 'azure', 'power bi']"
3651,Walmart,Business Analyst,Chennai,Hybrid,Contract,6,Azure|Git|NumPy|Spark|Excel|Statistics,19.43,2024-02-09,"['numpy', 'statistics', 'excel', 'git', 'spark', 'azure']"
3652,Flipkart,Data Scientist,Remote,Onsite,Contract,7,Excel|ETL|Statistics|Data Warehousing|SQL,24.01,2024-06-16,"['statistics', 'excel', 'sql', 'etl', 'data warehousing']"
3653,Razorpay,Analytics Engineer,Chennai,Hybrid,Contract,0,Statistics|Data Warehousing|Python|AWS|Airflow,4.61,2023-05-01,"['statistics', 'aws', 'airflow', 'data warehousing', 'python']"
3654,Amazon,Data Scientist,Remote,Hybrid,Full-time,7,Docker|Tableau|Data Warehousing|NumPy,26.55,2024-04-18,"['data warehousing', 'numpy', 'tableau', 'docker']"
3655,Deloitte,Data Analyst,Pune,Remote,Full-time,5,AWS|Pandas|Machine Learning|Data Warehousing|Python,19.71,2024-03-03,"['machine learning', 'aws', 'data warehousing', 'pandas', 'python']"
3656,TCS,Analytics Engineer,Bengaluru,Hybrid,Contract,3,Airflow|Tableau|Pandas|Docker,14.58,2023-02-21,"['tableau', 'docker', 'airflow', 'pandas']"
3657,Microsoft,BI Analyst,Mumbai,Onsite,Internship,1,SQL|Statistics|NumPy|Docker|ETL|Python|Pandas,5.36,2024-04-16,"['numpy', 'statistics', 'sql', 'etl', 'pandas', 'python', 'docker']"
3658,Cognizant,Analytics Engineer,Pune,Onsite,Internship,7,Docker|NumPy|SQL|AWS|Data Warehousing|Excel|ETL,22.79,2024-02-01,"['numpy', 'aws', 'excel', 'sql', 'etl', 'data warehousing', 'docker']"
3659,Amazon,Data Analyst,Remote,Remote,Contract,8,Machine Learning|Docker|ETL|SQL|Power BI|Airflow|AWS,27.06,2024-11-16,"['machine learning', 'aws', 'sql', 'airflow', 'power bi', 'etl', 'docker']"
3660,Microsoft,Analytics Engineer,Mumbai,Onsite,Contract,8,ETL|Git|Docker|AWS|Machine Learning|Airflow,27.83,2024-04-11,"['machine learning', 'aws', 'git', 'airflow', 'etl', 'docker']"
3661,Cognizant,Analytics Engineer,Bengaluru,Onsite,Contract,6,Airflow|Docker|Power BI|Statistics|Excel|Machine Learning|Git|Tableau,24.64,2023-03-08,"['machine learning', 'statistics', 'excel', 'git', 'airflow', 'power bi', 'tableau', 'docker']"
3662,Walmart,Senior Data Analyst,Pune,Hybrid,Full-time,7,Spark|Python|SQL|Airflow|Tableau|Docker,20.45,2024-11-04,"['sql', 'airflow', 'spark', 'tableau', 'python', 'docker']"
3663,Razorpay,Data Analyst,Hyderabad,Hybrid,Internship,5,Git|Power BI|Excel|Python|Machine Learning|ETL|Airflow,20.5,2023-11-12,"['machine learning', 'excel', 'git', 'airflow', 'power bi', 'etl', 'python']"
3664,Microsoft,Data Scientist,Bengaluru,Remote,Internship,1,Git|Power BI|NumPy|Airflow|Pandas,14.51,2023-06-21,"['numpy', 'git', 'airflow', 'power bi', 'pandas']"
3665,Walmart,Business Analyst,Bengaluru,Remote,Full-time,1,Docker|Statistics|ETL|Machine Learning|SQL|Tableau,13.33,2024-01-09,"['machine learning', 'statistics', 'sql', 'etl', 'tableau', 'docker']"
3666,Microsoft,Analytics Engineer,Mumbai,Onsite,Contract,1,Airflow|Python|ETL|Excel|Statistics,6.3,2023-11-09,"['statistics', 'excel', 'airflow', 'etl', 'python']"
3667,Cognizant,Analytics Engineer,Mumbai,Onsite,Contract,4,Spark|Power BI|Pandas|SQL,13.26,2023-06-09,"['spark', 'pandas', 'sql', 'power bi']"
3668,Infosys,Analytics Engineer,Mumbai,Remote,Contract,1,Pandas|Docker|Airflow|ETL,6.56,2024-05-27,"['airflow', 'pandas', 'etl', 'docker']"
3669,Zoho,Data Scientist,Pune,Remote,Full-time,0,Data Warehousing|Power BI|Git|Docker|Excel|Airflow|SQL,10.61,2024-02-03,"['excel', 'git', 'sql', 'airflow', 'power bi', 'data warehousing', 'docker']"
3670,Flipkart,Data Analyst,Mumbai,Onsite,Internship,7,Excel|Machine Learning|Power BI|Python|NumPy|Statistics|Docker,25.22,2023-12-19,"['machine learning', 'numpy', 'statistics', 'excel', 'power bi', 'python', 'docker']"
3671,Swiggy,Business Analyst,Delhi,Remote,Full-time,4,Machine Learning|ETL|Statistics|Spark,17.97,2024-05-10,"['spark', 'machine learning', 'statistics', 'etl']"
3672,Swiggy,Senior Data Analyst,Chennai,Onsite,Full-time,0,Statistics|SQL|Tableau|ETL,4.86,2024-02-28,"['tableau', 'statistics', 'sql', 'etl']"
3673,Zoho,BI Analyst,Delhi,Hybrid,Internship,5,Docker|Pandas|Airflow|Power BI|Azure|Excel|AWS|Spark,15.79,2023-04-13,"['aws', 'excel', 'docker', 'airflow', 'power bi', 'spark', 'pandas', 'azure']"
3674,Walmart,Senior Data Analyst,Bengaluru,Onsite,Full-time,5,NumPy|Pandas|ETL|SQL|AWS|Airflow|Python|Docker,19.58,2024-02-18,"['numpy', 'aws', 'sql', 'airflow', 'etl', 'pandas', 'python', 'docker']"
3675,Cognizant,Business Analyst,Mumbai,Hybrid,Full-time,4,Excel|Data Warehousing|Statistics|Airflow|Git|Spark|Docker|Python,13.42,2024-11-26,"['statistics', 'excel', 'git', 'airflow', 'spark', 'data warehousing', 'python', 'docker']"
3676,Microsoft,BI Analyst,Hyderabad,Remote,Full-time,8,Statistics|Spark|ETL|Pandas|Excel,24.77,2023-07-06,"['statistics', 'excel', 'spark', 'etl', 'pandas']"
3677,Freshworks,Business Analyst,Remote,Hybrid,Full-time,8,Tableau|Data Warehousing|Pandas|Azure,23.72,2023-10-11,"['data warehousing', 'tableau', 'azure', 'pandas']"
3678,Amazon,Data Scientist,Hyderabad,Onsite,Internship,5,NumPy|Spark|Pandas|Airflow,20.41,2023-01-15,"['spark', 'numpy', 'airflow', 'pandas']"
3679,Swiggy,Business Analyst,Hyderabad,Remote,Full-time,7,Tableau|Git|Pandas|Power BI|ETL,22.16,2023-10-13,"['git', 'power bi', 'pandas', 'etl', 'tableau']"
3680,Zoho,Senior Data Analyst,Pune,Remote,Full-time,2,NumPy|Spark|Airflow|ETL,9.98,2024-03-23,"['spark', 'numpy', 'etl', 'airflow']"
3681,Flipkart,Analytics Engineer,Remote,Remote,Full-time,0,NumPy|Statistics|Pandas|Python|Docker|Data Warehousing|Excel,6.31,2024-06-19,"['numpy', 'statistics', 'excel', 'data warehousing', 'pandas', 'python', 'docker']"
3682,Deloitte,Senior Data Analyst,Mumbai,Onsite,Internship,8,AWS|SQL|Statistics|Docker|Azure,23.64,2024-01-10,"['statistics', 'aws', 'sql', 'docker', 'azure']"
3683,Razorpay,Senior Data Analyst,Remote,Hybrid,Contract,8,Pandas|NumPy|Docker|Spark|Git|Statistics|Python,22.97,2024-10-17,"['numpy', 'statistics', 'git', 'spark', 'pandas', 'python', 'docker']"
3684,Accenture,Analytics Engineer,Chennai,Remote,Contract,7,Airflow|Python|Machine Learning|ETL|Pandas,26.98,2023-05-20,"['machine learning', 'airflow', 'etl', 'pandas', 'python']"
3685,TCS,Business Analyst,Bengaluru,Onsite,Internship,3,Docker|Git|Pandas|Data Warehousing,13.11,2023-05-19,"['data warehousing', 'git', 'pandas', 'docker']"
3686,Flipkart,BI Analyst,Pune,Hybrid,Internship,0,AWS|Tableau|Docker|Git|Excel,4.77,2024-07-11,"['aws', 'excel', 'git', 'tableau', 'docker']"
3687,Freshworks,Data Scientist,Mumbai,Remote,Internship,6,ETL|Power BI|Tableau|Statistics|AWS,23.02,2023-02-01,"['statistics', 'aws', 'power bi', 'etl', 'tableau']"
3688,Zoho,Senior Data Analyst,Delhi,Remote,Contract,3,Pandas|Power BI|Airflow|ETL|Spark|Docker|Azure|Tableau,13.9,2023-12-05,"['airflow', 'power bi', 'spark', 'azure', 'etl', 'tableau', 'pandas', 'docker']"
3689,Accenture,Data Scientist,Chennai,Onsite,Full-time,5,ETL|Airflow|Excel|Data Warehousing|Git,20.88,2024-01-28,"['excel', 'git', 'airflow', 'etl', 'data warehousing']"
3690,Paytm,Business Analyst,Remote,Hybrid,Internship,2,NumPy|Machine Learning|Airflow|Data Warehousing,11.31,2023-05-15,"['data warehousing', 'machine learning', 'numpy', 'airflow']"
3691,Zoho,Analytics Engineer,Mumbai,Remote,Internship,6,NumPy|SQL|Statistics|ETL,19.13,2024-03-18,"['numpy', 'sql', 'etl', 'statistics']"
3692,Accenture,Analytics Engineer,Mumbai,Remote,Contract,3,Machine Learning|Azure|SQL|Python|NumPy|ETL|Data Warehousing|Tableau,16.35,2023-03-14,"['machine learning', 'numpy', 'sql', 'etl', 'data warehousing', 'tableau', 'python', 'azure']"
3693,Razorpay,Business Analyst,Delhi,Hybrid,Full-time,8,Python|AWS|Spark|Power BI|Statistics|Machine Learning|Pandas,27.9,2023-02-28,"['machine learning', 'statistics', 'aws', 'power bi', 'spark', 'pandas', 'python']"
3694,Razorpay,BI Analyst,Delhi,Remote,Contract,3,Spark|Airflow|AWS|Pandas,12.75,2023-06-30,"['spark', 'aws', 'airflow', 'pandas']"
3695,Cognizant,Data Scientist,Mumbai,Remote,Internship,0,Airflow|AWS|SQL|Power BI|Tableau|Pandas|Docker|Machine Learning,12.75,2023-01-02,"['machine learning', 'aws', 'sql', 'airflow', 'power bi', 'pandas', 'tableau', 'docker']"
3696,Swiggy,Analytics Engineer,Chennai,Remote,Internship,8,Airflow|Python|Machine Learning|SQL|Docker|ETL|Statistics|Data Warehousing,27.52,2023-07-29,"['machine learning', 'statistics', 'sql', 'airflow', 'etl', 'data warehousing', 'python', 'docker']"
3697,Deloitte,BI Analyst,Mumbai,Remote,Full-time,0,Docker|Python|Machine Learning|Azure|Pandas,7.86,2023-10-06,"['machine learning', 'docker', 'pandas', 'python', 'azure']"
3698,Swiggy,BI Analyst,Remote,Remote,Contract,2,NumPy|Pandas|Data Warehousing|Docker,10.48,2024-05-22,"['data warehousing', 'numpy', 'docker', 'pandas']"
3699,Amazon,Business Analyst,Remote,Hybrid,Internship,8,Power BI|Data Warehousing|Azure|Machine Learning|Python,27.04,2023-11-01,"['machine learning', 'power bi', 'data warehousing', 'python', 'azure']"
3700,TCS,Business Analyst,Bengaluru,Remote,Full-time,0,ETL|Data Warehousing|Pandas|Airflow|NumPy|Machine Learning|Excel|Power BI,10.67,2023-02-03,"['machine learning', 'numpy', 'excel', 'airflow', 'power bi', 'etl', 'data warehousing', 'pandas']"
3701,TCS,Analytics Engineer,Hyderabad,Onsite,Contract,7,Git|Pandas|AWS|SQL|Spark|Airflow,20.48,2024-01-31,"['aws', 'git', 'sql', 'airflow', 'spark', 'pandas']"
3702,Accenture,Analytics Engineer,Hyderabad,Onsite,Full-time,7,Airflow|Python|Tableau|ETL|Power BI|Azure,20.22,2024-06-24,"['airflow', 'power bi', 'etl', 'tableau', 'python', 'azure']"
3703,Deloitte,BI Analyst,Mumbai,Remote,Internship,0,Pandas|Statistics|Docker|Power BI|ETL|Data Warehousing,4.28,2023-03-23,"['statistics', 'power bi', 'etl', 'data warehousing', 'pandas', 'docker']"
3704,Zoho,Senior Data Analyst,Chennai,Onsite,Full-time,2,Docker|NumPy|Python|Data Warehousing,8.53,2024-04-09,"['data warehousing', 'numpy', 'python', 'docker']"
3705,Freshworks,BI Analyst,Remote,Onsite,Contract,1,Tableau|Python|AWS|Pandas|Data Warehousing|SQL|ETL|Azure,6.81,2023-07-05,"['aws', 'sql', 'pandas', 'etl', 'data warehousing', 'tableau', 'python', 'azure']"
3706,Freshworks,Data Analyst,Hyderabad,Remote,Full-time,3,Pandas|Excel|Tableau|Machine Learning|Azure|Python|SQL,17.36,2023-06-30,"['machine learning', 'excel', 'sql', 'pandas', 'tableau', 'python', 'azure']"
3707,Zoho,Analytics Engineer,Remote,Hybrid,Internship,8,AWS|Python|SQL|Docker,24.35,2023-03-26,"['sql', 'python', 'aws', 'docker']"
3708,Paytm,Business Analyst,Hyderabad,Onsite,Full-time,6,Git|ETL|Power BI|Statistics,19.73,2024-01-09,"['git', 'statistics', 'etl', 'power bi']"
3709,Amazon,Data Scientist,Chennai,Onsite,Full-time,8,Docker|NumPy|Spark|Azure,29.38,2024-01-07,"['spark', 'numpy', 'azure', 'docker']"
3710,Microsoft,Data Analyst,Chennai,Remote,Contract,6,Docker|Excel|Pandas|SQL|Python,20.13,2023-05-03,"['excel', 'sql', 'pandas', 'python', 'docker']"
3711,Cognizant,Business Analyst,Hyderabad,Onsite,Full-time,0,Power BI|Azure|SQL|Tableau|Docker|ETL,3.69,2023-07-27,"['sql', 'power bi', 'azure', 'etl', 'tableau', 'docker']"
3712,Paytm,Analytics Engineer,Chennai,Remote,Contract,2,Python|ETL|Excel|SQL|Azure|Tableau,11.04,2024-02-29,"['excel', 'sql', 'etl', 'tableau', 'python', 'azure']"
3713,Amazon,Business Analyst,Pune,Hybrid,Internship,3,SQL|Statistics|Airflow|NumPy|Tableau|Azure|Machine Learning|Pandas,13.66,2023-04-14,"['machine learning', 'numpy', 'statistics', 'sql', 'airflow', 'pandas', 'tableau', 'azure']"
3714,Zoho,Senior Data Analyst,Chennai,Onsite,Contract,8,Python|Data Warehousing|Airflow|Machine Learning,25.92,2024-01-22,"['data warehousing', 'machine learning', 'python', 'airflow']"
3715,Microsoft,Senior Data Analyst,Delhi,Onsite,Full-time,0,AWS|Docker|Machine Learning|Tableau,6.67,2023-01-06,"['machine learning', 'tableau', 'docker', 'aws']"
3716,Infosys,Business Analyst,Delhi,Onsite,Internship,4,Spark|AWS|NumPy|Docker|Data Warehousing|Excel,12.79,2023-04-19,"['numpy', 'aws', 'excel', 'spark', 'data warehousing', 'docker']"
3717,Cognizant,Analytics Engineer,Chennai,Onsite,Full-time,0,NumPy|Pandas|Python|SQL|Data Warehousing,4.07,2024-09-10,"['numpy', 'sql', 'data warehousing', 'pandas', 'python']"
3718,Accenture,BI Analyst,Delhi,Remote,Contract,0,Tableau|ETL|Airflow|Pandas|Python|Statistics|Docker|SQL,5.17,2024-04-17,"['statistics', 'sql', 'airflow', 'pandas', 'etl', 'tableau', 'python', 'docker']"
3719,Paytm,Data Scientist,Delhi,Onsite,Internship,5,Machine Learning|Airflow|SQL|NumPy,22.44,2024-10-14,"['machine learning', 'numpy', 'sql', 'airflow']"
3720,Deloitte,Data Scientist,Remote,Remote,Contract,4,Docker|Spark|NumPy|Machine Learning|ETL,23.49,2024-10-16,"['machine learning', 'numpy', 'spark', 'etl', 'docker']"
3721,Walmart,Business Analyst,Bengaluru,Onsite,Contract,0,Python|Machine Learning|Docker|ETL|Statistics,8.18,2024-11-20,"['machine learning', 'statistics', 'etl', 'python', 'docker']"
3722,Cognizant,Business Analyst,Bengaluru,Remote,Contract,4,Airflow|AWS|SQL|Excel|Docker|Power BI|Statistics,18.81,2023-10-30,"['statistics', 'aws', 'excel', 'sql', 'airflow', 'power bi', 'docker']"
3723,Paytm,Business Analyst,Bengaluru,Onsite,Contract,1,Spark|Data Warehousing|Pandas|Python|Machine Learning|Docker,11.85,2023-01-19,"['machine learning', 'spark', 'data warehousing', 'pandas', 'python', 'docker']"
3724,Swiggy,Data Scientist,Remote,Hybrid,Full-time,5,ETL|NumPy|Pandas|Data Warehousing|Excel|Power BI,19.42,2023-09-18,"['numpy', 'excel', 'power bi', 'etl', 'data warehousing', 'pandas']"
3725,Deloitte,BI Analyst,Bengaluru,Remote,Internship,1,Python|Pandas|Excel|ETL,8.85,2024-03-16,"['pandas', 'python', 'etl', 'excel']"
3726,TCS,Senior Data Analyst,Pune,Hybrid,Full-time,7,Excel|NumPy|ETL|Python,21.48,2024-03-14,"['numpy', 'python', 'etl', 'excel']"
3727,Microsoft,Business Analyst,Bengaluru,Onsite,Contract,2,Pandas|Azure|Data Warehousing|Tableau|ETL|Airflow,11.73,2024-04-05,"['tableau', 'airflow', 'etl', 'data warehousing', 'pandas', 'azure']"
3728,Amazon,Business Analyst,Bengaluru,Hybrid,Internship,2,Python|Spark|Excel|SQL|Statistics|Pandas|Git|Data Warehousing,12.43,2024-04-04,"['statistics', 'excel', 'git', 'sql', 'spark', 'data warehousing', 'pandas', 'python']"
3729,Swiggy,Data Analyst,Hyderabad,Remote,Full-time,5,Machine Learning|Pandas|Data Warehousing|SQL|Statistics|Tableau|AWS|Spark,20.72,2024-10-07,"['machine learning', 'statistics', 'tableau', 'aws', 'sql', 'spark', 'data warehousing', 'pandas']"
3730,Razorpay,Data Analyst,Remote,Onsite,Contract,8,Docker|Spark|NumPy|SQL|Power BI,25.02,2024-01-27,"['numpy', 'sql', 'power bi', 'spark', 'docker']"
3731,Infosys,BI Analyst,Hyderabad,Hybrid,Full-time,4,ETL|Airflow|Excel|Statistics|Machine Learning|Pandas|NumPy,17.17,2023-12-28,"['machine learning', 'statistics', 'numpy', 'excel', 'airflow', 'etl', 'pandas']"
3732,Deloitte,Data Scientist,Mumbai,Onsite,Full-time,1,Statistics|Excel|Pandas|Data Warehousing|Python|AWS,10.3,2023-01-09,"['statistics', 'aws', 'excel', 'data warehousing', 'pandas', 'python']"
3733,Flipkart,Analytics Engineer,Chennai,Remote,Full-time,5,Tableau|Machine Learning|Data Warehousing|ETL|Azure|Power BI,19.92,2023-09-10,"['machine learning', 'power bi', 'etl', 'data warehousing', 'tableau', 'azure']"
3734,Accenture,Data Scientist,Bengaluru,Hybrid,Internship,8,Azure|Tableau|Machine Learning|Airflow|SQL|AWS|Git,33.09,2023-07-30,"['machine learning', 'aws', 'git', 'sql', 'airflow', 'tableau', 'azure']"
3735,Deloitte,Data Analyst,Delhi,Remote,Full-time,5,Python|Docker|Statistics|Tableau|Data Warehousing,17.17,2023-02-24,"['statistics', 'data warehousing', 'tableau', 'python', 'docker']"
3736,Cognizant,Analytics Engineer,Pune,Hybrid,Internship,8,Python|Tableau|Spark|NumPy|Azure|Statistics,22.93,2023-03-08,"['numpy', 'statistics', 'spark', 'tableau', 'python', 'azure']"
3737,Freshworks,Data Scientist,Bengaluru,Remote,Contract,1,Azure|Python|Docker|Statistics,12.61,2023-12-29,"['statistics', 'python', 'azure', 'docker']"
3738,Deloitte,Senior Data Analyst,Chennai,Onsite,Contract,4,Machine Learning|Python|Docker|NumPy|AWS|SQL,16.86,2024-03-20,"['machine learning', 'numpy', 'aws', 'sql', 'python', 'docker']"
3739,Zoho,Business Analyst,Delhi,Hybrid,Contract,8,Statistics|Tableau|Airflow|Spark|Azure|Pandas,23.99,2024-09-14,"['statistics', 'airflow', 'pandas', 'spark', 'tableau', 'azure']"
3740,Microsoft,Analytics Engineer,Hyderabad,Onsite,Full-time,7,Pandas|Airflow|Power BI|Spark|NumPy|Tableau|Git|Statistics,22.84,2024-05-15,"['numpy', 'statistics', 'git', 'airflow', 'power bi', 'spark', 'tableau', 'pandas']"
3741,Paytm,Business Analyst,Chennai,Onsite,Full-time,1,SQL|Azure|NumPy|Git|Airflow|Pandas|ETL|Data Warehousing,5.7,2023-07-15,"['numpy', 'git', 'sql', 'airflow', 'etl', 'data warehousing', 'pandas', 'azure']"
3742,Paytm,BI Analyst,Bengaluru,Remote,Contract,6,Statistics|Excel|AWS|Airflow|Machine Learning|Data Warehousing|NumPy|Docker,26.25,2023-02-04,"['machine learning', 'statistics', 'numpy', 'aws', 'excel', 'airflow', 'data warehousing', 'docker']"
3743,Zoho,Data Scientist,Remote,Onsite,Contract,1,Tableau|ETL|Airflow|Python|Power BI|Azure|Excel|Git,11.25,2024-03-28,"['excel', 'git', 'airflow', 'power bi', 'etl', 'tableau', 'python', 'azure']"
3744,TCS,Data Scientist,Hyderabad,Hybrid,Contract,3,Statistics|SQL|ETL|Tableau|Git|Machine Learning|Excel,17.57,2024-11-21,"['machine learning', 'statistics', 'excel', 'git', 'sql', 'etl', 'tableau']"
3745,Accenture,Data Scientist,Pune,Hybrid,Contract,1,Excel|Docker|SQL|Git|ETL|Spark|Data Warehousing,9.08,2023-07-29,"['excel', 'git', 'sql', 'spark', 'etl', 'data warehousing', 'docker']"
3746,Walmart,BI Analyst,Remote,Hybrid,Full-time,8,Statistics|Spark|Excel|SQL|Git|Pandas|ETL,23.42,2023-07-18,"['statistics', 'excel', 'git', 'sql', 'spark', 'etl', 'pandas']"
3747,Swiggy,Data Scientist,Pune,Remote,Internship,1,Data Warehousing|Azure|AWS|Power BI|NumPy|Airflow|Tableau,10.56,2024-07-12,"['numpy', 'aws', 'airflow', 'power bi', 'data warehousing', 'tableau', 'azure']"
3748,Freshworks,Analytics Engineer,Delhi,Hybrid,Contract,4,NumPy|SQL|ETL|Excel|Machine Learning,17.02,2023-04-17,"['machine learning', 'numpy', 'excel', 'sql', 'etl']"
3749,TCS,Senior Data Analyst,Remote,Hybrid,Full-time,6,Data Warehousing|SQL|Git|Azure,19.02,2024-09-27,"['data warehousing', 'git', 'sql', 'azure']"
3750,Zoho,Data Scientist,Mumbai,Onsite,Contract,2,AWS|Airflow|ETL|Spark|Power BI|Machine Learning,14.7,2023-07-30,"['machine learning', 'aws', 'airflow', 'power bi', 'spark', 'etl']"
3751,TCS,Data Scientist,Pune,Onsite,Internship,6,Git|NumPy|Airflow|Data Warehousing,22.29,2023-07-19,"['data warehousing', 'git', 'numpy', 'airflow']"
3752,Cognizant,Data Analyst,Remote,Onsite,Internship,8,NumPy|Git|ETL|Power BI,24.71,2024-06-16,"['git', 'numpy', 'etl', 'power bi']"
3753,Amazon,Data Analyst,Remote,Remote,Internship,4,Python|Statistics|Data Warehousing|Airflow|Azure|Machine Learning,17.83,2023-04-25,"['machine learning', 'statistics', 'airflow', 'data warehousing', 'python', 'azure']"
3754,Deloitte,Data Analyst,Pune,Onsite,Internship,6,ETL|Docker|Excel|AWS|Power BI|Spark,19.57,2024-02-21,"['aws', 'excel', 'power bi', 'spark', 'etl', 'docker']"
3755,Razorpay,Data Analyst,Delhi,Hybrid,Full-time,3,ETL|Excel|Git|Spark|Power BI,12.09,2024-07-25,"['excel', 'git', 'power bi', 'spark', 'etl']"
3756,Deloitte,Analytics Engineer,Delhi,Remote,Full-time,1,Spark|NumPy|Azure|AWS|Power BI|Pandas,7.25,2023-06-29,"['numpy', 'aws', 'power bi', 'spark', 'pandas', 'azure']"
3757,Swiggy,Business Analyst,Chennai,Onsite,Contract,6,Power BI|Docker|Python|Azure|Tableau|Airflow|Machine Learning,21.92,2024-06-17,"['machine learning', 'docker', 'airflow', 'power bi', 'tableau', 'python', 'azure']"
3758,Zoho,BI Analyst,Pune,Onsite,Internship,0,Data Warehousing|ETL|Excel|AWS|Python,5.24,2023-09-14,"['aws', 'excel', 'etl', 'data warehousing', 'python']"
3759,Freshworks,Analytics Engineer,Bengaluru,Hybrid,Internship,1,Azure|Python|Tableau|AWS,8.61,2023-06-27,"['aws', 'tableau', 'python', 'azure']"
3760,Accenture,Analytics Engineer,Remote,Remote,Contract,3,Statistics|Azure|Git|ETL|AWS|Tableau|Python,14.4,2023-07-08,"['statistics', 'aws', 'git', 'etl', 'tableau', 'python', 'azure']"
3761,Flipkart,Data Scientist,Hyderabad,Remote,Internship,8,Machine Learning|Docker|AWS|Pandas,31.74,2024-03-07,"['aws', 'machine learning', 'pandas', 'docker']"
3762,Zoho,Analytics Engineer,Chennai,Remote,Full-time,2,Pandas|SQL|Statistics|Power BI|Azure,9.3,2024-11-26,"['statistics', 'sql', 'power bi', 'pandas', 'azure']"
3763,Infosys,Senior Data Analyst,Pune,Remote,Contract,6,Statistics|SQL|Docker|Spark|NumPy,19.19,2024-08-12,"['numpy', 'statistics', 'sql', 'spark', 'docker']"
3764,Deloitte,BI Analyst,Remote,Onsite,Contract,7,Power BI|Machine Learning|Spark|SQL,25.66,2023-01-01,"['spark', 'machine learning', 'sql', 'power bi']"
3765,Accenture,Senior Data Analyst,Remote,Hybrid,Contract,7,Pandas|SQL|Machine Learning|Tableau,23.85,2024-04-02,"['tableau', 'machine learning', 'pandas', 'sql']"
3766,TCS,Analytics Engineer,Pune,Remote,Full-time,5,Pandas|NumPy|Docker|Statistics|Machine Learning|Azure|Airflow,20.94,2023-08-15,"['machine learning', 'numpy', 'statistics', 'airflow', 'azure', 'pandas', 'docker']"
3767,TCS,BI Analyst,Chennai,Remote,Internship,7,Python|Docker|Airflow|Tableau|AWS|Azure|Spark,23.62,2024-02-22,"['aws', 'airflow', 'spark', 'azure', 'tableau', 'python', 'docker']"
3768,Paytm,Analytics Engineer,Mumbai,Hybrid,Contract,0,Spark|ETL|Excel|SQL|Data Warehousing|NumPy|AWS,3.16,2024-03-01,"['numpy', 'aws', 'excel', 'sql', 'spark', 'etl', 'data warehousing']"
3769,Microsoft,Data Scientist,Remote,Remote,Contract,3,ETL|Spark|NumPy|Airflow|SQL,16.56,2023-12-17,"['numpy', 'sql', 'airflow', 'spark', 'etl']"
3770,Amazon,BI Analyst,Chennai,Remote,Internship,7,Data Warehousing|Spark|AWS|Power BI|ETL|Git|Excel,22.74,2024-07-02,"['aws', 'excel', 'git', 'power bi', 'spark', 'etl', 'data warehousing']"
3771,Microsoft,Analytics Engineer,Pune,Onsite,Contract,3,AWS|Data Warehousing|Machine Learning|ETL|Power BI|Tableau|Docker,13.39,2023-10-01,"['machine learning', 'aws', 'power bi', 'etl', 'data warehousing', 'tableau', 'docker']"
3772,Accenture,Data Analyst,Pune,Remote,Internship,2,Airflow|ETL|Azure|Python|Power BI|SQL,10.85,2024-08-24,"['sql', 'airflow', 'power bi', 'etl', 'python', 'azure']"
3773,Cognizant,Analytics Engineer,Remote,Onsite,Internship,1,Tableau|Python|Data Warehousing|Statistics|Spark|NumPy|Git,5.88,2023-08-17,"['statistics', 'numpy', 'git', 'spark', 'data warehousing', 'tableau', 'python']"
3774,Walmart,Data Scientist,Pune,Remote,Internship,0,NumPy|ETL|Excel|SQL|Azure|Power BI,9.65,2023-01-10,"['numpy', 'excel', 'sql', 'power bi', 'etl', 'azure']"
3775,Freshworks,Data Scientist,Mumbai,Remote,Contract,6,Azure|Tableau|Python|Machine Learning|NumPy|SQL,28.75,2023-01-04,"['machine learning', 'numpy', 'sql', 'tableau', 'python', 'azure']"
3776,Accenture,Data Scientist,Chennai,Onsite,Internship,8,NumPy|Power BI|Tableau|ETL|AWS,28.53,2024-01-11,"['numpy', 'aws', 'power bi', 'etl', 'tableau']"
3777,Flipkart,Senior Data Analyst,Chennai,Hybrid,Contract,2,SQL|Power BI|Git|NumPy|Pandas|Statistics,8.92,2024-06-17,"['numpy', 'statistics', 'git', 'sql', 'power bi', 'pandas']"
3778,Walmart,Business Analyst,Pune,Onsite,Contract,2,Power BI|Python|Azure|Git|Statistics|Docker|ETL|Pandas,10.17,2023-11-19,"['statistics', 'git', 'docker', 'power bi', 'etl', 'pandas', 'python', 'azure']"
3779,Zoho,Business Analyst,Delhi,Hybrid,Internship,8,Tableau|SQL|AWS|NumPy|Python|Airflow,24.98,2024-02-22,"['numpy', 'aws', 'sql', 'airflow', 'tableau', 'python']"
3780,Accenture,Data Analyst,Remote,Remote,Contract,5,Power BI|Git|NumPy|ETL|Python,17.38,2024-01-19,"['numpy', 'git', 'power bi', 'etl', 'python']"
3781,Freshworks,Analytics Engineer,Pune,Hybrid,Contract,7,Power BI|Data Warehousing|Excel|Tableau|Docker|Spark|NumPy|AWS,21.0,2024-01-06,"['numpy', 'aws', 'excel', 'power bi', 'spark', 'data warehousing', 'tableau', 'docker']"
3782,Walmart,BI Analyst,Hyderabad,Onsite,Internship,0,NumPy|Machine Learning|Airflow|Power BI|Data Warehousing|Python|Pandas,7.07,2023-06-11,"['machine learning', 'numpy', 'airflow', 'power bi', 'data warehousing', 'pandas', 'python']"
3783,Razorpay,Senior Data Analyst,Mumbai,Hybrid,Full-time,6,Airflow|Data Warehousing|Spark|Python|Machine Learning|Git|Azure|SQL,21.46,2024-07-23,"['machine learning', 'git', 'sql', 'airflow', 'spark', 'data warehousing', 'python', 'azure']"
3784,Flipkart,Senior Data Analyst,Pune,Hybrid,Full-time,1,Python|NumPy|ETL|Tableau|Excel|Machine Learning,8.32,2024-02-04,"['machine learning', 'numpy', 'excel', 'etl', 'tableau', 'python']"
3785,Paytm,Analytics Engineer,Bengaluru,Remote,Full-time,3,SQL|Pandas|Power BI|Azure|Spark|AWS|Tableau,15.56,2023-10-29,"['aws', 'sql', 'power bi', 'spark', 'tableau', 'pandas', 'azure']"
3786,Walmart,Data Analyst,Chennai,Hybrid,Internship,2,NumPy|Machine Learning|Docker|Spark,11.82,2024-09-17,"['spark', 'machine learning', 'numpy', 'docker']"
3787,Infosys,Data Analyst,Hyderabad,Onsite,Contract,0,Pandas|Azure|NumPy|Git|Airflow|Machine Learning|Statistics,6.64,2023-08-03,"['machine learning', 'numpy', 'statistics', 'git', 'airflow', 'pandas', 'azure']"
3788,Microsoft,Senior Data Analyst,Remote,Onsite,Contract,7,NumPy|Git|Spark|SQL|Azure|Airflow|Pandas|Docker,20.3,2024-02-13,"['numpy', 'git', 'sql', 'docker', 'airflow', 'spark', 'pandas', 'azure']"
3789,Accenture,BI Analyst,Hyderabad,Remote,Contract,7,ETL|Spark|Airflow|AWS|Azure|Data Warehousing|Git,23.66,2023-05-16,"['aws', 'git', 'airflow', 'spark', 'etl', 'data warehousing', 'azure']"
3790,Cognizant,Analytics Engineer,Chennai,Hybrid,Full-time,6,NumPy|Git|SQL|AWS|Data Warehousing|Statistics|Pandas,20.45,2023-05-16,"['numpy', 'statistics', 'aws', 'git', 'sql', 'data warehousing', 'pandas']"
3791,Microsoft,Analytics Engineer,Mumbai,Remote,Internship,4,Machine Learning|Python|Git|Power BI|Data Warehousing|Spark,19.71,2023-07-28,"['machine learning', 'git', 'power bi', 'spark', 'data warehousing', 'python']"
3792,Paytm,Data Scientist,Bengaluru,Onsite,Contract,8,Airflow|Git|NumPy|AWS|Excel,29.67,2024-05-13,"['numpy', 'aws', 'excel', 'git', 'airflow']"
3793,Amazon,Analytics Engineer,Mumbai,Hybrid,Contract,8,Data Warehousing|Airflow|AWS|Docker|Python|Machine Learning|Statistics,27.19,2023-03-22,"['machine learning', 'statistics', 'aws', 'airflow', 'data warehousing', 'python', 'docker']"
3794,Infosys,Data Analyst,Chennai,Remote,Contract,8,Azure|SQL|Spark|Git|AWS,26.06,2023-10-26,"['aws', 'git', 'sql', 'spark', 'azure']"
3795,Flipkart,BI Analyst,Chennai,Hybrid,Internship,4,Git|SQL|Statistics|Power BI|Pandas,14.68,2024-05-06,"['statistics', 'git', 'sql', 'power bi', 'pandas']"
3796,Deloitte,BI Analyst,Delhi,Onsite,Contract,1,Azure|Machine Learning|Statistics|Docker,9.43,2023-02-26,"['machine learning', 'statistics', 'docker', 'azure']"
3797,Deloitte,Senior Data Analyst,Mumbai,Onsite,Full-time,1,Statistics|Tableau|Git|Excel|NumPy|Python|ETL|Data Warehousing,7.82,2023-02-01,"['statistics', 'numpy', 'excel', 'git', 'etl', 'data warehousing', 'tableau', 'python']"
3798,Infosys,Senior Data Analyst,Pune,Hybrid,Contract,6,Tableau|Python|Machine Learning|Azure|Docker|Pandas|Git|Statistics,23.17,2024-04-25,"['machine learning', 'statistics', 'git', 'docker', 'pandas', 'tableau', 'python', 'azure']"
3799,Freshworks,Data Analyst,Remote,Remote,Internship,1,NumPy|Pandas|ETL|Data Warehousing|Statistics,8.57,2023-11-08,"['numpy', 'statistics', 'etl', 'data warehousing', 'pandas']"
3800,Zoho,BI Analyst,Pune,Onsite,Internship,3,ETL|Data Warehousing|SQL|Machine Learning,14.22,2024-03-26,"['data warehousing', 'machine learning', 'sql', 'etl']"
3801,Zoho,Analytics Engineer,Remote,Remote,Full-time,6,Airflow|Statistics|Data Warehousing|Tableau,19.62,2024-06-30,"['data warehousing', 'statistics', 'tableau', 'airflow']"
3802,Deloitte,Business Analyst,Remote,Remote,Internship,0,Excel|Docker|Power BI|Data Warehousing|Azure,5.26,2023-01-28,"['excel', 'docker', 'power bi', 'data warehousing', 'azure']"
3803,Microsoft,Senior Data Analyst,Hyderabad,Hybrid,Contract,6,Spark|Machine Learning|AWS|Statistics|Docker|Python|Pandas,21.31,2023-09-12,"['machine learning', 'statistics', 'aws', 'spark', 'pandas', 'python', 'docker']"
3804,Deloitte,Analytics Engineer,Hyderabad,Onsite,Internship,5,Tableau|Excel|SQL|Azure|Statistics|NumPy,16.96,2023-03-20,"['statistics', 'numpy', 'excel', 'sql', 'tableau', 'azure']"
3805,Cognizant,Business Analyst,Remote,Remote,Contract,8,Statistics|Machine Learning|Git|ETL|Power BI|Docker|Python|Azure,27.49,2023-01-20,"['machine learning', 'statistics', 'git', 'power bi', 'azure', 'etl', 'python', 'docker']"
3806,Zoho,Business Analyst,Pune,Remote,Full-time,6,Python|AWS|Azure|Pandas|NumPy|Machine Learning,23.8,2023-02-09,"['machine learning', 'numpy', 'aws', 'pandas', 'python', 'azure']"
3807,Infosys,Analytics Engineer,Remote,Hybrid,Contract,2,NumPy|Power BI|Airflow|Pandas|ETL,10.35,2023-05-06,"['numpy', 'airflow', 'power bi', 'etl', 'pandas']"
3808,Zoho,Data Scientist,Pune,Remote,Internship,7,Data Warehousing|Machine Learning|Spark|Airflow|Power BI|Statistics,31.43,2023-04-06,"['machine learning', 'statistics', 'airflow', 'power bi', 'spark', 'data warehousing']"
3809,Infosys,Business Analyst,Chennai,Onsite,Contract,7,NumPy|Statistics|Tableau|Git|Pandas|Data Warehousing|AWS,20.28,2023-10-02,"['numpy', 'statistics', 'aws', 'git', 'pandas', 'data warehousing', 'tableau']"
3810,Razorpay,Senior Data Analyst,Mumbai,Remote,Contract,7,Airflow|Power BI|NumPy|Docker|Spark|Azure|ETL,22.59,2024-02-29,"['numpy', 'airflow', 'power bi', 'spark', 'azure', 'etl', 'docker']"
3811,Paytm,Data Analyst,Pune,Onsite,Contract,0,Power BI|AWS|SQL|Azure|Docker,3.04,2024-02-22,"['aws', 'sql', 'power bi', 'azure', 'docker']"
3812,Accenture,Business Analyst,Delhi,Onsite,Full-time,3,Docker|Spark|ETL|Pandas|Excel|NumPy,12.45,2023-03-05,"['numpy', 'excel', 'spark', 'etl', 'pandas', 'docker']"
3813,Walmart,Analytics Engineer,Bengaluru,Remote,Full-time,4,Git|Pandas|NumPy|Excel|Docker|Azure|Python,18.26,2024-09-24,"['numpy', 'excel', 'git', 'azure', 'pandas', 'python', 'docker']"
3814,Flipkart,Data Scientist,Remote,Onsite,Full-time,8,Tableau|AWS|Azure|Data Warehousing|Pandas|Docker|Airflow|Excel,28.39,2024-03-16,"['aws', 'excel', 'docker', 'airflow', 'pandas', 'data warehousing', 'tableau', 'azure']"
3815,Microsoft,Analytics Engineer,Hyderabad,Remote,Contract,6,ETL|Power BI|Docker|Airflow,21.91,2024-04-10,"['airflow', 'etl', 'docker', 'power bi']"
3816,Flipkart,Data Analyst,Mumbai,Remote,Full-time,3,SQL|Git|Azure|Excel|AWS|Data Warehousing,11.56,2024-07-02,"['aws', 'excel', 'git', 'sql', 'data warehousing', 'azure']"
3817,Flipkart,Data Scientist,Pune,Remote,Contract,4,Spark|Azure|Airflow|Excel,18.23,2023-03-02,"['spark', 'airflow', 'azure', 'excel']"
3818,Paytm,Analytics Engineer,Pune,Onsite,Full-time,0,Tableau|Data Warehousing|AWS|Airflow|Spark|Pandas|Git,3.82,2023-12-03,"['aws', 'git', 'airflow', 'pandas', 'spark', 'data warehousing', 'tableau']"
3819,Razorpay,Data Analyst,Hyderabad,Remote,Internship,3,Azure|Machine Learning|NumPy|Excel,15.25,2023-05-11,"['machine learning', 'numpy', 'azure', 'excel']"
3820,TCS,Data Analyst,Remote,Onsite,Contract,5,Python|SQL|AWS|Power BI|Airflow|Spark,16.72,2023-02-18,"['aws', 'sql', 'airflow', 'power bi', 'spark', 'python']"
3821,Amazon,Analytics Engineer,Bengaluru,Onsite,Internship,7,Python|Azure|ETL|Tableau|AWS,24.28,2024-10-11,"['aws', 'etl', 'tableau', 'python', 'azure']"
3822,Razorpay,Data Scientist,Delhi,Hybrid,Internship,3,Pandas|Airflow|Power BI|Python|Data Warehousing,16.13,2023-12-21,"['airflow', 'power bi', 'data warehousing', 'pandas', 'python']"
3823,Walmart,BI Analyst,Delhi,Onsite,Internship,2,AWS|ETL|Pandas|NumPy|Airflow|Git|Statistics|Machine Learning,13.45,2023-08-23,"['machine learning', 'numpy', 'statistics', 'aws', 'git', 'airflow', 'etl', 'pandas']"
3824,Deloitte,Business Analyst,Bengaluru,Remote,Internship,4,Power BI|Python|AWS|Azure|Pandas,17.53,2024-03-31,"['aws', 'power bi', 'pandas', 'python', 'azure']"
3825,Accenture,BI Analyst,Chennai,Hybrid,Full-time,8,Data Warehousing|Python|Azure|Docker|AWS,24.68,2024-06-05,"['aws', 'docker', 'data warehousing', 'python', 'azure']"
3826,Paytm,Analytics Engineer,Pune,Hybrid,Internship,7,NumPy|Python|Azure|Docker|SQL|Machine Learning|AWS|Spark,24.93,2024-11-27,"['machine learning', 'numpy', 'aws', 'sql', 'docker', 'spark', 'python', 'azure']"
3827,Paytm,Senior Data Analyst,Pune,Onsite,Internship,6,Git|AWS|Pandas|Docker,18.46,2024-01-22,"['git', 'pandas', 'docker', 'aws']"
3828,Freshworks,BI Analyst,Delhi,Remote,Contract,0,Pandas|Git|SQL|Machine Learning|Airflow,8.07,2024-04-07,"['machine learning', 'git', 'sql', 'airflow', 'pandas']"
3829,Infosys,Data Analyst,Delhi,Onsite,Full-time,8,Excel|SQL|Statistics|Pandas,23.26,2024-08-22,"['pandas', 'statistics', 'sql', 'excel']"
3830,Freshworks,BI Analyst,Chennai,Hybrid,Full-time,4,Python|Airflow|Docker|Excel|Machine Learning,16.07,2023-06-21,"['machine learning', 'excel', 'airflow', 'python', 'docker']"
3831,Freshworks,Business Analyst,Bengaluru,Remote,Internship,4,Machine Learning|Python|Azure|Statistics|Tableau|Git,19.24,2024-07-08,"['machine learning', 'statistics', 'git', 'tableau', 'python', 'azure']"
3832,Freshworks,Analytics Engineer,Hyderabad,Hybrid,Internship,0,Power BI|Pandas|Python|Airflow,5.23,2024-09-17,"['pandas', 'python', 'airflow', 'power bi']"
3833,Zoho,Data Scientist,Pune,Remote,Full-time,1,Machine Learning|Excel|Git|NumPy|SQL|Azure|Docker,14.32,2023-03-09,"['machine learning', 'numpy', 'excel', 'git', 'sql', 'docker', 'azure']"
3834,Infosys,BI Analyst,Delhi,Remote,Internship,3,Pandas|Git|Data Warehousing|NumPy|ETL|Power BI,13.13,2023-04-19,"['numpy', 'git', 'power bi', 'etl', 'data warehousing', 'pandas']"
3835,Amazon,Business Analyst,Remote,Remote,Full-time,0,Power BI|Airflow|SQL|Azure,4.54,2023-12-05,"['azure', 'sql', 'airflow', 'power bi']"
3836,Zoho,Analytics Engineer,Delhi,Hybrid,Full-time,0,ETL|AWS|SQL|Airflow,4.63,2023-10-02,"['airflow', 'sql', 'etl', 'aws']"
3837,Accenture,Data Analyst,Pune,Hybrid,Contract,8,Python|AWS|Power BI|Machine Learning|Azure|Tableau|SQL,26.14,2023-11-04,"['machine learning', 'aws', 'sql', 'power bi', 'tableau', 'python', 'azure']"
3838,Freshworks,Data Scientist,Bengaluru,Hybrid,Contract,4,ETL|Tableau|Python|NumPy|Git|Docker,21.38,2023-08-31,"['numpy', 'git', 'etl', 'tableau', 'python', 'docker']"
3839,Razorpay,BI Analyst,Pune,Onsite,Internship,8,Pandas|Power BI|Excel|SQL|Machine Learning|Docker|Python|Azure,27.32,2024-05-30,"['machine learning', 'excel', 'sql', 'power bi', 'azure', 'pandas', 'python', 'docker']"
3840,Paytm,Senior Data Analyst,Chennai,Hybrid,Internship,7,SQL|Tableau|Azure|Data Warehousing|Statistics|Python|Pandas|NumPy,22.61,2024-03-14,"['statistics', 'numpy', 'sql', 'pandas', 'data warehousing', 'tableau', 'python', 'azure']"
3841,Amazon,Senior Data Analyst,Remote,Remote,Internship,8,Git|Spark|Statistics|AWS|Python|Tableau,25.2,2024-04-17,"['statistics', 'aws', 'git', 'spark', 'tableau', 'python']"
3842,Amazon,Senior Data Analyst,Mumbai,Remote,Internship,4,Power BI|Python|Docker|AWS|Airflow|Git|Spark,16.23,2024-05-09,"['aws', 'git', 'airflow', 'power bi', 'spark', 'python', 'docker']"
3843,Walmart,Senior Data Analyst,Chennai,Hybrid,Full-time,8,Azure|Pandas|Tableau|Airflow|Python|Machine Learning|Docker,26.14,2023-09-28,"['machine learning', 'docker', 'airflow', 'pandas', 'tableau', 'python', 'azure']"
3844,Flipkart,Data Analyst,Pune,Hybrid,Contract,4,Pandas|Python|Airflow|Statistics|ETL|Git|Spark|Power BI,13.51,2024-04-02,"['statistics', 'git', 'airflow', 'power bi', 'spark', 'etl', 'pandas', 'python']"
3845,Freshworks,Business Analyst,Bengaluru,Onsite,Internship,6,Power BI|Docker|Tableau|Machine Learning|Data Warehousing|Pandas,25.06,2023-05-25,"['machine learning', 'power bi', 'pandas', 'data warehousing', 'tableau', 'docker']"
3846,Amazon,Business Analyst,Hyderabad,Hybrid,Internship,0,Spark|Pandas|SQL|Statistics|Airflow,4.56,2023-01-30,"['statistics', 'sql', 'airflow', 'spark', 'pandas']"
3847,Microsoft,Data Analyst,Mumbai,Onsite,Full-time,4,Python|Docker|Git|Spark|SQL|Airflow|Power BI|Pandas,13.41,2023-08-26,"['git', 'sql', 'airflow', 'power bi', 'spark', 'pandas', 'python', 'docker']"
3848,Deloitte,BI Analyst,Delhi,Hybrid,Internship,5,ETL|Excel|SQL|Git|Power BI|Statistics|Docker,15.32,2024-08-01,"['statistics', 'excel', 'git', 'sql', 'power bi', 'etl', 'docker']"
3849,Freshworks,Data Analyst,Hyderabad,Hybrid,Contract,7,Docker|Statistics|Git|Pandas|Power BI|SQL|Data Warehousing,20.61,2024-10-31,"['statistics', 'git', 'sql', 'power bi', 'data warehousing', 'pandas', 'docker']"
3850,Deloitte,Data Analyst,Mumbai,Hybrid,Contract,1,Git|Python|Data Warehousing|NumPy,6.93,2023-10-08,"['data warehousing', 'git', 'numpy', 'python']"
3851,Walmart,Data Scientist,Chennai,Remote,Internship,4,AWS|ETL|Git|Tableau,18.93,2024-07-16,"['git', 'tableau', 'etl', 'aws']"
3852,Cognizant,Senior Data Analyst,Pune,Remote,Internship,3,AWS|Pandas|ETL|Power BI|Git|Statistics|Spark,14.0,2024-10-17,"['statistics', 'aws', 'git', 'power bi', 'spark', 'etl', 'pandas']"
3853,Swiggy,BI Analyst,Bengaluru,Onsite,Internship,7,Spark|Power BI|NumPy|Azure|Git,22.48,2024-11-15,"['numpy', 'git', 'power bi', 'spark', 'azure']"
3854,Flipkart,Business Analyst,Bengaluru,Remote,Internship,7,Tableau|Machine Learning|Azure|Spark,28.64,2023-03-05,"['spark', 'machine learning', 'tableau', 'azure']"
3855,Amazon,BI Analyst,Hyderabad,Onsite,Contract,1,Tableau|Airflow|Spark|Azure|Docker|Git,5.17,2023-11-11,"['git', 'airflow', 'spark', 'azure', 'tableau', 'docker']"
3856,Swiggy,BI Analyst,Delhi,Remote,Full-time,2,Docker|Power BI|Spark|SQL|Pandas|Azure,10.03,2024-10-06,"['sql', 'power bi', 'spark', 'azure', 'pandas', 'docker']"
3857,Zoho,Business Analyst,Delhi,Onsite,Full-time,8,Power BI|Airflow|Data Warehousing|ETL|Azure|AWS,23.06,2024-06-05,"['aws', 'airflow', 'power bi', 'etl', 'data warehousing', 'azure']"
3858,Deloitte,Senior Data Analyst,Bengaluru,Remote,Contract,6,SQL|NumPy|Python|AWS|Machine Learning|Git|Pandas,24.65,2023-07-24,"['machine learning', 'numpy', 'aws', 'git', 'sql', 'pandas', 'python']"
3859,Cognizant,Analytics Engineer,Pune,Hybrid,Contract,3,Statistics|Azure|NumPy|Machine Learning|Python|Spark|Docker,14.89,2023-09-12,"['machine learning', 'numpy', 'statistics', 'docker', 'spark', 'python', 'azure']"
3860,Razorpay,BI Analyst,Hyderabad,Onsite,Full-time,2,Machine Learning|Tableau|Spark|NumPy|Statistics|Docker,12.11,2023-10-25,"['machine learning', 'numpy', 'statistics', 'spark', 'tableau', 'docker']"
3861,Deloitte,Data Analyst,Hyderabad,Hybrid,Internship,6,ETL|AWS|Power BI|Data Warehousing|Azure|Tableau,18.21,2023-11-06,"['aws', 'power bi', 'etl', 'data warehousing', 'tableau', 'azure']"
3862,Microsoft,BI Analyst,Bengaluru,Remote,Full-time,0,Pandas|Azure|SQL|NumPy|ETL|Power BI|Machine Learning|AWS,10.05,2024-06-22,"['machine learning', 'numpy', 'aws', 'sql', 'power bi', 'etl', 'pandas', 'azure']"
3863,Paytm,BI Analyst,Bengaluru,Onsite,Contract,2,ETL|NumPy|Tableau|SQL|Power BI|Pandas|Machine Learning,14.81,2024-07-27,"['machine learning', 'numpy', 'sql', 'power bi', 'pandas', 'etl', 'tableau']"
3864,Walmart,BI Analyst,Mumbai,Hybrid,Contract,6,Machine Learning|Python|Excel|Airflow|SQL,22.73,2023-09-25,"['machine learning', 'excel', 'sql', 'airflow', 'python']"
3865,Razorpay,BI Analyst,Pune,Remote,Contract,5,Excel|AWS|NumPy|Docker|ETL,17.49,2023-04-28,"['numpy', 'aws', 'excel', 'etl', 'docker']"
3866,Flipkart,Analytics Engineer,Bengaluru,Onsite,Internship,2,ETL|Spark|SQL|Statistics,11.56,2023-05-28,"['spark', 'statistics', 'sql', 'etl']"
3867,Infosys,Analytics Engineer,Bengaluru,Remote,Contract,4,Machine Learning|Git|Python|Spark|Azure|Pandas,20.06,2024-03-26,"['machine learning', 'git', 'spark', 'pandas', 'python', 'azure']"
3868,Amazon,Data Scientist,Chennai,Onsite,Full-time,5,SQL|ETL|NumPy|Git|Excel|Machine Learning|Statistics|Spark,23.64,2023-09-13,"['machine learning', 'numpy', 'statistics', 'excel', 'git', 'sql', 'spark', 'etl']"
3869,Deloitte,Business Analyst,Mumbai,Hybrid,Contract,7,SQL|ETL|Machine Learning|Airflow|Tableau|Docker|Pandas,23.53,2023-05-11,"['machine learning', 'sql', 'airflow', 'pandas', 'etl', 'tableau', 'docker']"
3870,Microsoft,Senior Data Analyst,Chennai,Onsite,Internship,2,Tableau|Airflow|Docker|Python|Azure|Data Warehousing,7.82,2024-03-10,"['airflow', 'azure', 'data warehousing', 'tableau', 'python', 'docker']"
3871,Paytm,Senior Data Analyst,Bengaluru,Onsite,Contract,4,Tableau|Machine Learning|SQL|Git|Azure|AWS|Airflow,17.8,2024-11-20,"['machine learning', 'aws', 'git', 'sql', 'airflow', 'tableau', 'azure']"
3872,Deloitte,Business Analyst,Chennai,Hybrid,Internship,1,Data Warehousing|Statistics|Airflow|Pandas|Machine Learning,10.95,2023-01-09,"['machine learning', 'statistics', 'airflow', 'data warehousing', 'pandas']"
3873,Paytm,Data Analyst,Chennai,Hybrid,Full-time,2,ETL|Power BI|Data Warehousing|Statistics|Docker|Spark|SQL,9.01,2023-12-13,"['statistics', 'sql', 'power bi', 'spark', 'etl', 'data warehousing', 'docker']"
3874,Paytm,Analytics Engineer,Mumbai,Onsite,Internship,0,Tableau|Git|Excel|ETL|Statistics|AWS|Docker|Python,3.08,2024-07-04,"['statistics', 'aws', 'excel', 'git', 'etl', 'tableau', 'python', 'docker']"
3875,Razorpay,Data Scientist,Mumbai,Remote,Internship,2,SQL|Airflow|Excel|Docker|Data Warehousing,14.17,2024-07-23,"['excel', 'sql', 'airflow', 'data warehousing', 'docker']"
3876,Paytm,Senior Data Analyst,Hyderabad,Hybrid,Full-time,0,Statistics|Git|NumPy|Excel|Pandas,3.46,2024-04-08,"['statistics', 'numpy', 'excel', 'git', 'pandas']"
3877,Infosys,Analytics Engineer,Pune,Onsite,Internship,0,Statistics|Airflow|Pandas|NumPy|Power BI,4.16,2024-01-09,"['numpy', 'statistics', 'airflow', 'power bi', 'pandas']"
3878,Infosys,Analytics Engineer,Hyderabad,Onsite,Contract,0,Data Warehousing|Python|ETL|Spark,3.5,2023-07-19,"['data warehousing', 'spark', 'python', 'etl']"
3879,Infosys,Analytics Engineer,Bengaluru,Onsite,Internship,2,Airflow|ETL|Azure|Power BI|Data Warehousing|Spark|Git|Docker,10.86,2023-03-04,"['git', 'docker', 'airflow', 'power bi', 'spark', 'etl', 'data warehousing', 'azure']"
3880,Accenture,Data Analyst,Delhi,Hybrid,Full-time,6,Pandas|Data Warehousing|Tableau|Docker|Spark|AWS|Statistics|NumPy,17.84,2023-10-03,"['statistics', 'numpy', 'tableau', 'aws', 'spark', 'data warehousing', 'pandas', 'docker']"
3881,Cognizant,Senior Data Analyst,Delhi,Onsite,Contract,1,SQL|Git|Python|Docker|Airflow|Azure|Power BI|Statistics,6.99,2024-08-31,"['statistics', 'git', 'sql', 'airflow', 'power bi', 'azure', 'python', 'docker']"
3882,Zoho,Business Analyst,Hyderabad,Remote,Internship,8,NumPy|Azure|Machine Learning|Airflow|Tableau|Excel|AWS,27.6,2024-08-19,"['machine learning', 'numpy', 'aws', 'excel', 'airflow', 'tableau', 'azure']"
3883,Amazon,Analytics Engineer,Hyderabad,Remote,Contract,7,Azure|Spark|AWS|SQL|Python|Git,24.32,2024-01-04,"['aws', 'git', 'sql', 'spark', 'python', 'azure']"
3884,Paytm,Analytics Engineer,Chennai,Hybrid,Internship,8,Git|Excel|Data Warehousing|Machine Learning|Azure|Tableau,26.15,2024-06-12,"['machine learning', 'excel', 'git', 'data warehousing', 'tableau', 'azure']"
3885,Amazon,Data Analyst,Pune,Hybrid,Full-time,6,Python|Spark|Pandas|Machine Learning,20.56,2024-10-13,"['spark', 'machine learning', 'pandas', 'python']"
3886,Microsoft,Analytics Engineer,Remote,Remote,Internship,6,Machine Learning|SQL|Airflow|Azure,22.19,2024-04-24,"['machine learning', 'azure', 'sql', 'airflow']"
3887,Paytm,Senior Data Analyst,Mumbai,Remote,Contract,2,Pandas|Git|AWS|Airflow,11.19,2023-04-09,"['airflow', 'git', 'pandas', 'aws']"
3888,Flipkart,Senior Data Analyst,Mumbai,Hybrid,Internship,4,Power BI|Data Warehousing|Machine Learning|AWS|SQL|Statistics|Azure|ETL,17.85,2023-11-05,"['machine learning', 'statistics', 'aws', 'sql', 'power bi', 'etl', 'data warehousing', 'azure']"
3889,Deloitte,Data Scientist,Pune,Onsite,Contract,7,Machine Learning|SQL|Docker|Python|AWS|Power BI,29.73,2024-06-13,"['machine learning', 'aws', 'sql', 'power bi', 'python', 'docker']"
3890,Paytm,Senior Data Analyst,Bengaluru,Remote,Contract,8,ETL|Pandas|Python|Docker,27.99,2023-12-31,"['pandas', 'python', 'etl', 'docker']"
3891,Paytm,Data Analyst,Pune,Hybrid,Full-time,1,ETL|AWS|Docker|Tableau|Airflow|Azure|Spark|Pandas,5.44,2024-09-23,"['aws', 'airflow', 'pandas', 'spark', 'azure', 'etl', 'tableau', 'docker']"
3892,Swiggy,Senior Data Analyst,Pune,Remote,Contract,5,Docker|Python|Spark|Git|Machine Learning|Excel,19.54,2023-04-17,"['machine learning', 'excel', 'git', 'spark', 'python', 'docker']"
3893,Swiggy,Data Scientist,Hyderabad,Hybrid,Internship,8,Excel|NumPy|ETL|Docker,27.06,2024-09-27,"['numpy', 'etl', 'docker', 'excel']"
3894,Freshworks,Data Scientist,Pune,Remote,Internship,4,SQL|Python|Power BI|Pandas|Data Warehousing|AWS|ETL,20.71,2023-11-12,"['aws', 'sql', 'power bi', 'etl', 'data warehousing', 'pandas', 'python']"
3895,Deloitte,Senior Data Analyst,Hyderabad,Hybrid,Contract,6,Spark|ETL|Data Warehousing|Statistics,18.94,2023-10-23,"['spark', 'data warehousing', 'etl', 'statistics']"
3896,Cognizant,BI Analyst,Delhi,Remote,Full-time,3,NumPy|Azure|Statistics|Power BI,11.59,2024-09-24,"['numpy', 'statistics', 'azure', 'power bi']"
3897,Paytm,Data Scientist,Pune,Hybrid,Internship,0,Docker|Statistics|Excel|Azure,8.81,2023-03-24,"['statistics', 'azure', 'docker', 'excel']"
3898,Freshworks,Data Analyst,Chennai,Remote,Full-time,4,SQL|Excel|Power BI|Tableau|Python,16.63,2024-04-12,"['excel', 'sql', 'power bi', 'tableau', 'python']"
3899,Deloitte,Business Analyst,Hyderabad,Hybrid,Contract,6,Pandas|ETL|NumPy|Data Warehousing|Statistics|Docker|Spark|Azure,18.74,2023-11-28,"['numpy', 'statistics', 'spark', 'azure', 'etl', 'data warehousing', 'pandas', 'docker']"
3900,Accenture,Analytics Engineer,Pune,Remote,Internship,5,Docker|Airflow|Excel|Machine Learning,21.47,2023-11-14,"['airflow', 'machine learning', 'docker', 'excel']"
3901,Zoho,BI Analyst,Chennai,Hybrid,Full-time,1,SQL|Data Warehousing|Python|Power BI|Pandas,6.92,2023-12-15,"['sql', 'power bi', 'data warehousing', 'pandas', 'python']"
3902,Microsoft,Business Analyst,Mumbai,Hybrid,Full-time,4,Data Warehousing|Spark|Power BI|AWS|Excel|Azure|ETL,13.87,2023-10-21,"['aws', 'excel', 'power bi', 'spark', 'etl', 'data warehousing', 'azure']"
3903,Freshworks,Data Scientist,Remote,Onsite,Contract,4,SQL|Azure|ETL|Spark|NumPy|Tableau,16.62,2024-09-09,"['numpy', 'sql', 'spark', 'etl', 'tableau', 'azure']"
3904,Amazon,Data Scientist,Delhi,Onsite,Contract,1,Data Warehousing|Tableau|AWS|NumPy,10.6,2024-03-27,"['data warehousing', 'numpy', 'tableau', 'aws']"
3905,Amazon,Data Scientist,Delhi,Onsite,Full-time,5,Machine Learning|Pandas|Power BI|AWS|Data Warehousing|SQL,24.65,2024-10-25,"['machine learning', 'aws', 'sql', 'power bi', 'data warehousing', 'pandas']"
3906,Zoho,Senior Data Analyst,Delhi,Remote,Contract,1,Git|Data Warehousing|Spark|SQL|Docker|Machine Learning|Python|Airflow,10.82,2024-04-16,"['machine learning', 'git', 'sql', 'airflow', 'spark', 'data warehousing', 'python', 'docker']"
3907,Cognizant,Business Analyst,Mumbai,Hybrid,Contract,6,Machine Learning|Python|Docker|AWS,20.97,2023-04-12,"['aws', 'machine learning', 'python', 'docker']"
3908,Deloitte,Business Analyst,Pune,Remote,Internship,6,Machine Learning|ETL|Excel|AWS|Tableau|Azure|Git|Statistics,23.6,2023-08-06,"['machine learning', 'statistics', 'aws', 'excel', 'git', 'etl', 'tableau', 'azure']"
3909,Razorpay,Analytics Engineer,Delhi,Hybrid,Internship,6,Airflow|Power BI|Spark|Machine Learning,21.88,2023-11-11,"['spark', 'machine learning', 'airflow', 'power bi']"
3910,Paytm,Senior Data Analyst,Mumbai,Hybrid,Internship,8,AWS|NumPy|SQL|Airflow,23.45,2023-03-10,"['airflow', 'numpy', 'sql', 'aws']"
3911,Infosys,BI Analyst,Hyderabad,Hybrid,Contract,0,Azure|NumPy|Data Warehousing|SQL,3.61,2024-05-16,"['data warehousing', 'numpy', 'sql', 'azure']"
3912,Cognizant,Data Analyst,Chennai,Hybrid,Internship,2,AWS|Azure|Data Warehousing|Pandas|Machine Learning|Statistics|NumPy|Git,13.11,2023-04-07,"['machine learning', 'statistics', 'numpy', 'aws', 'git', 'data warehousing', 'pandas', 'azure']"
3913,Swiggy,Business Analyst,Bengaluru,Remote,Internship,6,Power BI|Statistics|Python|ETL|Machine Learning|Tableau|Docker|Spark,26.07,2023-12-23,"['machine learning', 'statistics', 'power bi', 'spark', 'etl', 'tableau', 'python', 'docker']"
3914,Accenture,Senior Data Analyst,Hyderabad,Onsite,Full-time,1,Statistics|Machine Learning|Pandas|AWS|Spark,10.43,2024-06-12,"['machine learning', 'statistics', 'aws', 'spark', 'pandas']"
3915,Accenture,Data Scientist,Remote,Hybrid,Contract,2,Spark|Azure|Docker|Statistics|SQL|Airflow,13.93,2024-04-21,"['statistics', 'sql', 'airflow', 'spark', 'azure', 'docker']"
3916,Accenture,Business Analyst,Pune,Onsite,Full-time,5,AWS|Excel|Machine Learning|Docker,19.49,2023-02-26,"['machine learning', 'docker', 'aws', 'excel']"
3917,Razorpay,Business Analyst,Pune,Onsite,Contract,1,Machine Learning|SQL|Power BI|Data Warehousing|Spark|ETL|Python,9.89,2024-05-11,"['machine learning', 'sql', 'power bi', 'spark', 'etl', 'data warehousing', 'python']"
3918,Swiggy,Business Analyst,Hyderabad,Remote,Full-time,4,NumPy|Data Warehousing|Excel|Azure|ETL|Python,15.13,2023-08-02,"['numpy', 'excel', 'etl', 'data warehousing', 'python', 'azure']"
3919,Paytm,Data Scientist,Remote,Remote,Full-time,5,Machine Learning|Power BI|Spark|NumPy|Azure|ETL|AWS,26.33,2023-02-08,"['machine learning', 'numpy', 'aws', 'power bi', 'spark', 'etl', 'azure']"
3920,Amazon,Senior Data Analyst,Delhi,Remote,Contract,2,Spark|Power BI|Excel|Azure,11.84,2023-04-08,"['spark', 'excel', 'azure', 'power bi']"
3921,Flipkart,Business Analyst,Chennai,Remote,Internship,3,Data Warehousing|Spark|Python|Excel|ETL|Airflow|Azure,12.01,2023-02-22,"['excel', 'airflow', 'spark', 'etl', 'data warehousing', 'python', 'azure']"
3922,Flipkart,Business Analyst,Chennai,Remote,Full-time,3,AWS|ETL|Power BI|Git|Excel|Python,13.91,2023-08-31,"['aws', 'excel', 'git', 'power bi', 'etl', 'python']"
3923,Deloitte,BI Analyst,Chennai,Remote,Contract,1,Statistics|Python|ETL|Excel,9.24,2023-05-19,"['statistics', 'python', 'etl', 'excel']"
3924,Zoho,Senior Data Analyst,Remote,Hybrid,Full-time,2,Machine Learning|SQL|Data Warehousing|Statistics|Python,12.19,2024-11-11,"['machine learning', 'statistics', 'sql', 'data warehousing', 'python']"
3925,Deloitte,Business Analyst,Mumbai,Onsite,Contract,5,Spark|Airflow|Tableau|Machine Learning|Pandas|AWS,20.31,2024-07-23,"['machine learning', 'aws', 'airflow', 'pandas', 'spark', 'tableau']"
3926,Swiggy,Business Analyst,Remote,Hybrid,Full-time,7,Data Warehousing|Airflow|AWS|Machine Learning|Python|ETL,24.08,2023-08-02,"['machine learning', 'aws', 'airflow', 'etl', 'data warehousing', 'python']"
3927,Microsoft,Analytics Engineer,Chennai,Onsite,Full-time,0,Excel|Airflow|Azure|NumPy|Python|AWS|Git,3.26,2024-01-15,"['numpy', 'aws', 'excel', 'git', 'airflow', 'python', 'azure']"
3928,Deloitte,Data Analyst,Remote,Hybrid,Internship,7,Python|Azure|NumPy|ETL|Git|Pandas,21.79,2024-09-18,"['numpy', 'git', 'etl', 'pandas', 'python', 'azure']"
3929,Accenture,Data Scientist,Hyderabad,Onsite,Contract,0,Azure|Airflow|Docker|AWS|Statistics|Spark|Power BI,7.37,2023-02-13,"['statistics', 'aws', 'airflow', 'power bi', 'spark', 'azure', 'docker']"
3930,Walmart,Business Analyst,Mumbai,Onsite,Internship,0,Airflow|Statistics|Spark|SQL,2.61,2024-03-15,"['spark', 'statistics', 'sql', 'airflow']"
3931,Razorpay,BI Analyst,Remote,Remote,Internship,1,Airflow|Statistics|Pandas|AWS|SQL,8.91,2023-11-05,"['statistics', 'aws', 'sql', 'airflow', 'pandas']"
3932,Deloitte,Business Analyst,Hyderabad,Onsite,Contract,0,Airflow|Tableau|Power BI|Docker|Git,3.73,2023-05-04,"['git', 'airflow', 'power bi', 'tableau', 'docker']"
3933,Accenture,Data Analyst,Mumbai,Onsite,Full-time,2,Azure|AWS|Power BI|Git|Excel|Spark,8.36,2023-01-23,"['aws', 'excel', 'git', 'power bi', 'spark', 'azure']"
3934,Deloitte,Business Analyst,Hyderabad,Hybrid,Internship,2,Python|Data Warehousing|SQL|Tableau,10.31,2023-06-25,"['data warehousing', 'tableau', 'python', 'sql']"
3935,Swiggy,Data Scientist,Mumbai,Onsite,Full-time,2,Statistics|Azure|Python|ETL|AWS|Data Warehousing,14.3,2023-12-10,"['statistics', 'aws', 'etl', 'data warehousing', 'python', 'azure']"
3936,Swiggy,Business Analyst,Chennai,Hybrid,Contract,5,Tableau|ETL|NumPy|Power BI|AWS|Excel|Machine Learning,19.46,2024-01-20,"['machine learning', 'numpy', 'aws', 'excel', 'power bi', 'etl', 'tableau']"
3937,Amazon,Data Analyst,Bengaluru,Remote,Full-time,8,Git|Data Warehousing|AWS|Pandas|Tableau|NumPy|SQL|Excel,26.0,2024-04-21,"['numpy', 'tableau', 'aws', 'excel', 'git', 'sql', 'data warehousing', 'pandas']"
3938,Flipkart,Analytics Engineer,Bengaluru,Remote,Contract,0,Statistics|Data Warehousing|NumPy|Python|Power BI|ETL|Tableau,7.27,2023-06-17,"['numpy', 'statistics', 'power bi', 'etl', 'data warehousing', 'tableau', 'python']"
3939,Paytm,Data Analyst,Chennai,Remote,Internship,7,Docker|Pandas|AWS|Power BI|Excel,23.14,2024-04-26,"['aws', 'excel', 'power bi', 'pandas', 'docker']"
3940,Zoho,BI Analyst,Bengaluru,Hybrid,Full-time,7,Pandas|AWS|Tableau|Machine Learning|Power BI,25.5,2023-06-13,"['machine learning', 'aws', 'pandas', 'power bi', 'tableau']"
3941,Swiggy,Business Analyst,Chennai,Onsite,Internship,2,Statistics|NumPy|Machine Learning|Spark|Airflow|SQL|Tableau|Git,10.99,2023-12-12,"['machine learning', 'numpy', 'statistics', 'git', 'sql', 'airflow', 'spark', 'tableau']"
3942,Swiggy,Data Analyst,Chennai,Onsite,Contract,6,ETL|Python|Airflow|AWS|Spark,19.56,2023-10-12,"['aws', 'airflow', 'spark', 'etl', 'python']"
3943,Zoho,Data Analyst,Remote,Hybrid,Internship,2,Azure|Pandas|Power BI|AWS|Git|Excel,8.83,2023-01-27,"['aws', 'excel', 'git', 'power bi', 'pandas', 'azure']"
3944,Freshworks,Data Scientist,Hyderabad,Remote,Full-time,3,Statistics|Spark|Python|Excel|NumPy|Power BI|AWS|Tableau,16.34,2023-12-27,"['numpy', 'statistics', 'aws', 'excel', 'power bi', 'spark', 'tableau', 'python']"
3945,TCS,Senior Data Analyst,Chennai,Remote,Full-time,8,NumPy|Git|Machine Learning|Azure|AWS,29.19,2024-09-16,"['machine learning', 'numpy', 'aws', 'git', 'azure']"
3946,Flipkart,Senior Data Analyst,Chennai,Remote,Contract,3,Machine Learning|Azure|Data Warehousing|Statistics,14.68,2023-07-09,"['data warehousing', 'machine learning', 'statistics', 'azure']"
3947,Zoho,BI Analyst,Bengaluru,Remote,Internship,2,Pandas|NumPy|Python|Git|Statistics,13.62,2023-03-13,"['numpy', 'statistics', 'git', 'pandas', 'python']"
3948,Cognizant,BI Analyst,Hyderabad,Remote,Full-time,4,AWS|Airflow|Azure|Statistics|Excel|Docker|Git|Pandas,14.29,2024-07-14,"['statistics', 'aws', 'excel', 'git', 'docker', 'airflow', 'pandas', 'azure']"
3949,Walmart,Data Scientist,Hyderabad,Remote,Full-time,5,Spark|SQL|Machine Learning|Azure|Airflow|NumPy|AWS,23.92,2024-11-07,"['machine learning', 'numpy', 'aws', 'sql', 'airflow', 'spark', 'azure']"
3950,Paytm,Data Scientist,Delhi,Hybrid,Internship,2,Excel|Spark|Airflow|Git|Azure|Docker,11.81,2023-04-24,"['excel', 'git', 'docker', 'airflow', 'spark', 'azure']"
3951,Paytm,Data Scientist,Hyderabad,Hybrid,Internship,0,Spark|Docker|Power BI|Azure|Excel|SQL,7.72,2024-03-06,"['excel', 'docker', 'sql', 'power bi', 'spark', 'azure']"
3952,Amazon,Analytics Engineer,Bengaluru,Onsite,Full-time,0,Machine Learning|SQL|Spark|Pandas|AWS|NumPy|Excel|Statistics,8.77,2023-10-01,"['machine learning', 'numpy', 'statistics', 'aws', 'excel', 'sql', 'spark', 'pandas']"
3953,Swiggy,Senior Data Analyst,Remote,Remote,Internship,5,Excel|Python|NumPy|Pandas|Data Warehousing,17.17,2024-02-22,"['numpy', 'excel', 'data warehousing', 'pandas', 'python']"
3954,Freshworks,Data Analyst,Remote,Onsite,Internship,4,AWS|SQL|Spark|Azure|Airflow,12.71,2023-06-02,"['aws', 'sql', 'airflow', 'spark', 'azure']"
3955,Deloitte,Senior Data Analyst,Remote,Hybrid,Internship,3,SQL|Power BI|Pandas|Azure,10.74,2023-01-31,"['pandas', 'sql', 'azure', 'power bi']"
3956,Microsoft,Data Scientist,Delhi,Hybrid,Contract,5,Power BI|Pandas|Data Warehousing|ETL|Git,20.76,2023-10-16,"['git', 'power bi', 'etl', 'data warehousing', 'pandas']"
3957,Microsoft,Analytics Engineer,Delhi,Hybrid,Contract,7,Docker|Git|Azure|ETL,20.85,2024-06-02,"['git', 'azure', 'etl', 'docker']"
3958,Infosys,Data Scientist,Bengaluru,Remote,Full-time,3,Git|Python|Statistics|Machine Learning,22.7,2023-02-07,"['git', 'statistics', 'python', 'machine learning']"
3959,TCS,Business Analyst,Chennai,Onsite,Contract,4,Data Warehousing|Python|Pandas|NumPy|AWS|Azure,12.84,2024-06-05,"['numpy', 'aws', 'data warehousing', 'pandas', 'python', 'azure']"
3960,Paytm,Senior Data Analyst,Remote,Onsite,Contract,0,Machine Learning|Data Warehousing|AWS|SQL,8.41,2023-03-05,"['data warehousing', 'machine learning', 'sql', 'aws']"
3961,Amazon,Business Analyst,Mumbai,Remote,Contract,3,AWS|Pandas|Python|Excel,11.55,2024-02-29,"['pandas', 'python', 'aws', 'excel']"
3962,Walmart,Data Analyst,Bengaluru,Remote,Full-time,4,Excel|Power BI|Python|Statistics,16.82,2023-07-31,"['statistics', 'python', 'power bi', 'excel']"
3963,Deloitte,Data Analyst,Mumbai,Hybrid,Contract,5,Python|NumPy|SQL|Pandas|Spark|Machine Learning,18.95,2024-02-01,"['machine learning', 'numpy', 'sql', 'spark', 'pandas', 'python']"
3964,Flipkart,Data Analyst,Chennai,Onsite,Contract,6,Spark|Tableau|Excel|SQL|Git|Machine Learning|ETL,21.71,2024-08-03,"['machine learning', 'excel', 'git', 'sql', 'spark', 'etl', 'tableau']"
3965,Razorpay,Data Analyst,Bengaluru,Hybrid,Full-time,4,Git|ETL|Python|Azure|Power BI,15.19,2024-02-02,"['git', 'power bi', 'etl', 'python', 'azure']"
3966,Walmart,Data Analyst,Pune,Onsite,Contract,5,Tableau|Power BI|Git|Spark,17.17,2023-04-09,"['spark', 'git', 'tableau', 'power bi']"
3967,Paytm,Business Analyst,Chennai,Onsite,Full-time,5,NumPy|Machine Learning|SQL|Python|Data Warehousing|Git|Azure|Airflow,18.76,2024-05-25,"['machine learning', 'numpy', 'git', 'sql', 'airflow', 'data warehousing', 'python', 'azure']"
3968,Accenture,Senior Data Analyst,Bengaluru,Onsite,Contract,5,Tableau|SQL|Statistics|Data Warehousing|Git,17.02,2023-05-29,"['statistics', 'git', 'sql', 'data warehousing', 'tableau']"
3969,Zoho,Data Scientist,Mumbai,Remote,Internship,0,AWS|Azure|Docker|Spark|Git|Power BI|Excel|Python,10.16,2023-02-05,"['aws', 'excel', 'git', 'docker', 'power bi', 'spark', 'python', 'azure']"
3970,Cognizant,Analytics Engineer,Delhi,Onsite,Internship,6,Excel|Azure|Airflow|Tableau|Docker|NumPy|Python|SQL,19.71,2024-09-19,"['numpy', 'excel', 'sql', 'airflow', 'azure', 'tableau', 'python', 'docker']"
3971,Walmart,Business Analyst,Bengaluru,Onsite,Contract,1,Tableau|Machine Learning|Airflow|Python|Docker|AWS|Spark|ETL,12.16,2024-10-01,"['machine learning', 'aws', 'airflow', 'spark', 'etl', 'tableau', 'python', 'docker']"
3972,Walmart,Data Scientist,Delhi,Remote,Full-time,1,Excel|Pandas|Machine Learning|Git|Statistics|Data Warehousing|SQL|ETL,16.21,2024-09-29,"['machine learning', 'statistics', 'excel', 'git', 'sql', 'etl', 'data warehousing', 'pandas']"
3973,Microsoft,Senior Data Analyst,Pune,Hybrid,Full-time,4,AWS|Azure|Docker|Python|Power BI,14.43,2024-05-05,"['aws', 'docker', 'power bi', 'python', 'azure']"
3974,Razorpay,Analytics Engineer,Chennai,Onsite,Internship,6,Airflow|Docker|Git|Excel|Machine Learning|SQL|Spark|Python,21.01,2024-10-17,"['machine learning', 'excel', 'git', 'sql', 'airflow', 'spark', 'python', 'docker']"
3975,Freshworks,Business Analyst,Pune,Hybrid,Internship,7,Machine Learning|NumPy|Python|Spark|ETL,24.85,2023-08-28,"['machine learning', 'numpy', 'spark', 'etl', 'python']"
3976,Deloitte,BI Analyst,Chennai,Onsite,Internship,7,Data Warehousing|Power BI|Python|Statistics|Git|Machine Learning|ETL,24.83,2023-08-17,"['machine learning', 'statistics', 'git', 'power bi', 'etl', 'data warehousing', 'python']"
3977,Deloitte,Senior Data Analyst,Hyderabad,Onsite,Contract,1,NumPy|Tableau|Pandas|Statistics|AWS,5.54,2023-09-12,"['numpy', 'statistics', 'aws', 'pandas', 'tableau']"
3978,Paytm,BI Analyst,Delhi,Onsite,Contract,1,Pandas|Python|SQL|Statistics|Power BI|AWS|Data Warehousing,5.42,2024-10-21,"['statistics', 'aws', 'sql', 'power bi', 'data warehousing', 'pandas', 'python']"
3979,Amazon,Data Analyst,Bengaluru,Remote,Full-time,8,Docker|Tableau|SQL|Data Warehousing|Python|Machine Learning|Excel,30.87,2024-08-04,"['machine learning', 'excel', 'sql', 'data warehousing', 'tableau', 'python', 'docker']"
3980,Amazon,Data Scientist,Hyderabad,Onsite,Internship,7,ETL|NumPy|Airflow|Data Warehousing|Python|Machine Learning|Docker,29.45,2024-09-01,"['machine learning', 'numpy', 'airflow', 'etl', 'data warehousing', 'python', 'docker']"
3981,Deloitte,Senior Data Analyst,Chennai,Onsite,Full-time,0,Airflow|Data Warehousing|Azure|Statistics|NumPy|Python|Pandas,4.44,2024-10-26,"['numpy', 'statistics', 'airflow', 'data warehousing', 'pandas', 'python', 'azure']"
3982,Swiggy,Senior Data Analyst,Bengaluru,Remote,Full-time,0,SQL|NumPy|Python|ETL|Azure|AWS|Power BI|Pandas,7.77,2024-06-01,"['numpy', 'aws', 'sql', 'power bi', 'etl', 'pandas', 'python', 'azure']"
3983,Walmart,Senior Data Analyst,Remote,Onsite,Contract,5,AWS|Data Warehousing|Airflow|SQL|ETL|Git|Excel,15.38,2023-08-05,"['aws', 'excel', 'git', 'sql', 'airflow', 'etl', 'data warehousing']"
3984,Razorpay,Data Analyst,Mumbai,Remote,Full-time,6,Spark|Python|Data Warehousing|Power BI,21.86,2024-09-16,"['spark', 'data warehousing', 'python', 'power bi']"
3985,Amazon,BI Analyst,Mumbai,Remote,Contract,6,Tableau|Data Warehousing|Spark|Excel,20.24,2024-06-18,"['data warehousing', 'spark', 'tableau', 'excel']"
3986,TCS,Analytics Engineer,Mumbai,Remote,Contract,0,Excel|Power BI|Statistics|Git|Data Warehousing,6.92,2024-05-04,"['statistics', 'excel', 'git', 'power bi', 'data warehousing']"
3987,Swiggy,BI Analyst,Delhi,Onsite,Contract,5,Python|SQL|Excel|Tableau|Statistics|Pandas,17.62,2023-12-07,"['statistics', 'excel', 'sql', 'pandas', 'tableau', 'python']"
3988,Zoho,Senior Data Analyst,Remote,Remote,Internship,2,Azure|SQL|Spark|Machine Learning|Tableau,12.11,2023-07-22,"['machine learning', 'sql', 'spark', 'tableau', 'azure']"
3989,Walmart,Data Analyst,Pune,Hybrid,Full-time,3,ETL|AWS|Machine Learning|NumPy|Statistics|Pandas|Docker,13.61,2023-11-29,"['machine learning', 'numpy', 'statistics', 'aws', 'etl', 'pandas', 'docker']"
3990,TCS,Senior Data Analyst,Bengaluru,Remote,Internship,3,ETL|AWS|Tableau|Data Warehousing|Power BI|Statistics,14.01,2024-04-14,"['statistics', 'aws', 'power bi', 'etl', 'data warehousing', 'tableau']"
3991,Paytm,Data Analyst,Bengaluru,Onsite,Internship,0,ETL|Power BI|Docker|Python|SQL,4.93,2023-01-06,"['sql', 'power bi', 'etl', 'python', 'docker']"
3992,Freshworks,Business Analyst,Bengaluru,Remote,Internship,3,Tableau|Airflow|Python|AWS|Azure|Docker,14.54,2024-06-16,"['aws', 'docker', 'airflow', 'tableau', 'python', 'azure']"
3993,Cognizant,Senior Data Analyst,Chennai,Hybrid,Internship,1,Airflow|Power BI|AWS|Python|Statistics|NumPy|Excel,5.14,2023-08-17,"['statistics', 'numpy', 'aws', 'excel', 'airflow', 'power bi', 'python']"
3994,Swiggy,Senior Data Analyst,Hyderabad,Hybrid,Full-time,6,Docker|Excel|Power BI|Spark,20.02,2024-03-30,"['spark', 'power bi', 'docker', 'excel']"
3995,Accenture,BI Analyst,Remote,Onsite,Internship,1,Azure|Machine Learning|Airflow|Data Warehousing,10.17,2023-01-20,"['airflow', 'machine learning', 'data warehousing', 'azure']"
3996,Deloitte,Business Analyst,Bengaluru,Remote,Internship,8,Docker|Spark|ETL|Pandas|AWS|Power BI,27.76,2024-01-28,"['aws', 'power bi', 'spark', 'etl', 'pandas', 'docker']"
3997,Cognizant,Analytics Engineer,Chennai,Onsite,Full-time,6,NumPy|Data Warehousing|Azure|AWS|Statistics|Excel,20.39,2024-06-29,"['numpy', 'statistics', 'aws', 'excel', 'data warehousing', 'azure']"
3998,Swiggy,Business Analyst,Chennai,Onsite,Internship,3,AWS|Git|NumPy|SQL|Airflow|Azure|Excel|Spark,12.15,2023-08-18,"['numpy', 'aws', 'excel', 'git', 'sql', 'airflow', 'spark', 'azure']"
3999,Freshworks,Data Scientist,Mumbai,Hybrid,Internship,7,Airflow|SQL|AWS|Docker|Python,25.02,2024-04-24,"['aws', 'sql', 'airflow', 'python', 'docker']"
4000,Cognizant,Senior Data Analyst,Hyderabad,Remote,Contract,7,NumPy|Tableau|Machine Learning|Spark|ETL|Azure|Excel,24.55,2023-06-12,"['machine learning', 'numpy', 'excel', 'spark', 'etl', 'tableau', 'azure']"
4001,TCS,Analytics Engineer,Bengaluru,Hybrid,Full-time,2,Azure|Pandas|Docker|Tableau|Excel|NumPy|Data Warehousing,11.87,2023-06-13,"['numpy', 'excel', 'pandas', 'azure', 'data warehousing', 'tableau', 'docker']"
4002,Deloitte,BI Analyst,Remote,Hybrid,Internship,7,Python|Docker|Data Warehousing|SQL|Git|NumPy|Spark,22.66,2024-04-01,"['numpy', 'git', 'sql', 'spark', 'data warehousing', 'python', 'docker']"
4003,Amazon,Data Scientist,Hyderabad,Remote,Contract,2,Excel|Spark|Docker|NumPy|Pandas|Machine Learning,17.67,2023-12-04,"['machine learning', 'numpy', 'excel', 'spark', 'pandas', 'docker']"
4004,Amazon,Data Scientist,Mumbai,Hybrid,Internship,0,AWS|Azure|Python|Spark|Tableau|Data Warehousing,8.08,2023-07-23,"['aws', 'spark', 'data warehousing', 'tableau', 'python', 'azure']"
4005,Cognizant,Senior Data Analyst,Bengaluru,Onsite,Full-time,6,Python|Tableau|Excel|Git|AWS|Machine Learning|NumPy,24.63,2023-12-05,"['machine learning', 'numpy', 'aws', 'excel', 'git', 'tableau', 'python']"
4006,Freshworks,Business Analyst,Pune,Onsite,Internship,8,Power BI|Spark|Azure|Tableau|Python,25.18,2023-04-17,"['power bi', 'spark', 'tableau', 'python', 'azure']"
4007,Razorpay,Data Analyst,Hyderabad,Hybrid,Internship,4,ETL|Docker|Python|SQL|Pandas|Git|Machine Learning|Tableau,16.46,2023-07-03,"['machine learning', 'git', 'sql', 'etl', 'tableau', 'pandas', 'python', 'docker']"
4008,Deloitte,Analytics Engineer,Remote,Hybrid,Internship,2,Machine Learning|Spark|Excel|Airflow|SQL|Data Warehousing|Tableau|Azure,12.06,2023-11-08,"['machine learning', 'excel', 'sql', 'airflow', 'spark', 'data warehousing', 'tableau', 'azure']"
4009,Walmart,BI Analyst,Hyderabad,Remote,Internship,4,Spark|Python|Statistics|Airflow|Excel,14.4,2023-07-24,"['statistics', 'excel', 'airflow', 'spark', 'python']"
4010,Flipkart,Senior Data Analyst,Remote,Hybrid,Full-time,0,Git|Docker|Statistics|Data Warehousing,2.5,2023-11-25,"['data warehousing', 'git', 'statistics', 'docker']"
4011,TCS,Data Scientist,Hyderabad,Hybrid,Contract,5,Airflow|SQL|Azure|Tableau|NumPy|Statistics|Docker,19.81,2023-09-17,"['numpy', 'statistics', 'sql', 'docker', 'airflow', 'tableau', 'azure']"
4012,Zoho,Senior Data Analyst,Chennai,Hybrid,Contract,1,Power BI|Docker|Spark|Tableau|Data Warehousing|AWS,7.13,2024-10-18,"['aws', 'power bi', 'spark', 'data warehousing', 'tableau', 'docker']"
4013,Accenture,Analytics Engineer,Pune,Remote,Contract,2,Statistics|Docker|Excel|Machine Learning|Pandas|SQL,14.09,2024-11-28,"['machine learning', 'statistics', 'excel', 'sql', 'pandas', 'docker']"
4014,Freshworks,Data Scientist,Bengaluru,Onsite,Internship,7,NumPy|SQL|Airflow|Data Warehousing|ETL|Excel|Docker,28.01,2023-03-30,"['numpy', 'excel', 'sql', 'airflow', 'etl', 'data warehousing', 'docker']"
4015,Flipkart,BI Analyst,Mumbai,Onsite,Full-time,4,SQL|Data Warehousing|Docker|Spark,13.74,2024-06-07,"['data warehousing', 'spark', 'sql', 'docker']"
4016,Zoho,Data Scientist,Pune,Hybrid,Full-time,5,Docker|Excel|Statistics|Machine Learning|Tableau|Azure|Data Warehousing|Git,22.99,2023-01-01,"['machine learning', 'statistics', 'excel', 'git', 'azure', 'data warehousing', 'tableau', 'docker']"
4017,Razorpay,Business Analyst,Delhi,Onsite,Full-time,4,Tableau|AWS|Pandas|SQL|Data Warehousing|Statistics|Excel,12.88,2024-10-25,"['statistics', 'aws', 'excel', 'sql', 'pandas', 'data warehousing', 'tableau']"
4018,Accenture,BI Analyst,Chennai,Hybrid,Contract,5,Azure|Pandas|AWS|Tableau|Data Warehousing|NumPy|Statistics,16.36,2023-09-15,"['numpy', 'statistics', 'aws', 'data warehousing', 'tableau', 'pandas', 'azure']"
4019,Amazon,Data Scientist,Mumbai,Remote,Internship,4,Statistics|AWS|ETL|Azure,19.82,2024-01-05,"['statistics', 'etl', 'azure', 'aws']"
4020,Walmart,Senior Data Analyst,Delhi,Onsite,Full-time,5,Airflow|AWS|Azure|Power BI|Docker,16.74,2024-03-24,"['aws', 'docker', 'airflow', 'power bi', 'azure']"
4021,Paytm,Senior Data Analyst,Hyderabad,Remote,Full-time,4,ETL|Airflow|Pandas|Machine Learning|Spark|Data Warehousing,19.94,2023-01-12,"['machine learning', 'airflow', 'spark', 'etl', 'data warehousing', 'pandas']"
4022,Accenture,Analytics Engineer,Chennai,Remote,Contract,7,Pandas|Git|Python|Excel|Tableau|Machine Learning|Spark,27.1,2024-06-15,"['machine learning', 'excel', 'git', 'pandas', 'spark', 'tableau', 'python']"
4023,Cognizant,Data Analyst,Hyderabad,Remote,Internship,5,Statistics|Machine Learning|Azure|Git|Airflow|Excel|Tableau|Python,21.57,2024-04-22,"['machine learning', 'statistics', 'excel', 'git', 'airflow', 'tableau', 'python', 'azure']"
4024,Cognizant,Business Analyst,Bengaluru,Onsite,Internship,8,AWS|Machine Learning|Docker|Git|Power BI|Excel,30.19,2023-09-23,"['machine learning', 'aws', 'excel', 'git', 'power bi', 'docker']"
4025,Infosys,Data Analyst,Delhi,Remote,Contract,4,Data Warehousing|Airflow|Spark|Git|Azure|AWS|Machine Learning,18.62,2024-04-07,"['machine learning', 'aws', 'git', 'airflow', 'spark', 'data warehousing', 'azure']"
4026,TCS,Business Analyst,Pune,Onsite,Contract,4,ETL|Pandas|Excel|Statistics|Airflow,13.55,2024-07-17,"['statistics', 'excel', 'airflow', 'etl', 'pandas']"
4027,Amazon,Business Analyst,Delhi,Hybrid,Full-time,7,Power BI|Azure|Git|NumPy|SQL|Docker|Data Warehousing|Airflow,21.13,2024-04-30,"['numpy', 'git', 'sql', 'docker', 'airflow', 'power bi', 'data warehousing', 'azure']"
4028,Swiggy,Business Analyst,Bengaluru,Remote,Contract,8,NumPy|Power BI|Excel|Python|Spark|Azure|Tableau,28.53,2024-02-12,"['numpy', 'excel', 'power bi', 'spark', 'tableau', 'python', 'azure']"
4029,Deloitte,BI Analyst,Delhi,Remote,Internship,1,Pandas|AWS|Spark|Azure|Docker|NumPy|ETL,8.67,2024-10-20,"['numpy', 'aws', 'spark', 'azure', 'etl', 'pandas', 'docker']"
4030,Paytm,BI Analyst,Mumbai,Remote,Contract,7,Pandas|Power BI|Machine Learning|ETL|Docker|Excel|Statistics,25.04,2023-09-21,"['machine learning', 'statistics', 'excel', 'power bi', 'etl', 'pandas', 'docker']"
4031,Microsoft,BI Analyst,Bengaluru,Remote,Contract,8,Git|SQL|Azure|Statistics|ETL|NumPy|Docker,27.56,2024-08-07,"['statistics', 'numpy', 'git', 'sql', 'docker', 'etl', 'azure']"
4032,Deloitte,BI Analyst,Hyderabad,Remote,Internship,2,Git|Spark|ETL|Power BI|Tableau|Pandas,9.17,2023-01-27,"['git', 'power bi', 'spark', 'pandas', 'etl', 'tableau']"
4033,Accenture,Business Analyst,Chennai,Hybrid,Full-time,4,Statistics|Git|Tableau|Excel,15.49,2024-05-04,"['tableau', 'git', 'statistics', 'excel']"
4034,Flipkart,Data Analyst,Bengaluru,Remote,Internship,5,Data Warehousing|Pandas|Docker|Power BI|SQL|Machine Learning,21.75,2023-04-05,"['machine learning', 'sql', 'power bi', 'data warehousing', 'pandas', 'docker']"
4035,Cognizant,Data Analyst,Pune,Remote,Full-time,7,Docker|Git|Statistics|Azure,22.09,2023-04-30,"['git', 'statistics', 'azure', 'docker']"
4036,Flipkart,Data Analyst,Chennai,Onsite,Full-time,6,Azure|Statistics|Machine Learning|Tableau|Docker|NumPy,21.47,2023-01-09,"['machine learning', 'statistics', 'numpy', 'azure', 'tableau', 'docker']"
4037,Swiggy,Senior Data Analyst,Chennai,Hybrid,Internship,3,Pandas|Power BI|Python|SQL|ETL,11.21,2023-12-02,"['sql', 'power bi', 'etl', 'pandas', 'python']"
4038,Deloitte,Data Analyst,Chennai,Hybrid,Contract,4,Spark|Git|Statistics|Python|Tableau|SQL|ETL|Docker,14.47,2023-05-09,"['statistics', 'git', 'sql', 'spark', 'etl', 'tableau', 'python', 'docker']"
4039,Microsoft,Analytics Engineer,Hyderabad,Hybrid,Contract,3,SQL|Power BI|Git|Excel|Airflow,11.11,2023-07-17,"['excel', 'git', 'sql', 'airflow', 'power bi']"
4040,Swiggy,BI Analyst,Delhi,Hybrid,Internship,8,Statistics|Docker|Machine Learning|NumPy|Tableau|ETL|Azure|Excel,26.43,2024-08-16,"['machine learning', 'statistics', 'numpy', 'excel', 'azure', 'etl', 'tableau', 'docker']"
4041,Infosys,Data Analyst,Hyderabad,Remote,Contract,0,NumPy|Excel|Airflow|Data Warehousing|Statistics|Tableau|AWS,5.13,2023-01-24,"['numpy', 'statistics', 'aws', 'excel', 'airflow', 'data warehousing', 'tableau']"
4042,Microsoft,Business Analyst,Chennai,Hybrid,Internship,4,Excel|Power BI|SQL|AWS|ETL,15.37,2024-10-19,"['aws', 'excel', 'sql', 'power bi', 'etl']"
4043,Accenture,Senior Data Analyst,Mumbai,Hybrid,Full-time,0,ETL|Pandas|Python|AWS|Docker|Spark|Tableau,5.12,2023-04-07,"['aws', 'spark', 'etl', 'tableau', 'pandas', 'python', 'docker']"
4044,Razorpay,Data Analyst,Bengaluru,Remote,Internship,3,Excel|NumPy|AWS|Airflow|Git|Python|SQL|Pandas,15.53,2024-01-12,"['numpy', 'aws', 'excel', 'git', 'sql', 'airflow', 'pandas', 'python']"
4045,Infosys,Senior Data Analyst,Pune,Remote,Contract,4,Docker|Power BI|NumPy|Machine Learning|Airflow|Python|Azure,19.85,2023-02-09,"['machine learning', 'numpy', 'airflow', 'power bi', 'azure', 'python', 'docker']"
4046,TCS,Data Scientist,Mumbai,Onsite,Full-time,0,Azure|Machine Learning|Docker|NumPy,11.91,2023-07-25,"['machine learning', 'numpy', 'docker', 'azure']"
4047,Accenture,Senior Data Analyst,Chennai,Onsite,Full-time,3,Docker|Python|Git|Pandas|Statistics,10.31,2023-04-21,"['statistics', 'git', 'pandas', 'python', 'docker']"
4048,Cognizant,Senior Data Analyst,Delhi,Onsite,Internship,4,Azure|Excel|AWS|SQL|Airflow|Data Warehousing|Statistics|Git,13.64,2024-09-28,"['statistics', 'aws', 'excel', 'git', 'sql', 'airflow', 'data warehousing', 'azure']"
4049,Swiggy,Data Analyst,Pune,Hybrid,Contract,1,Airflow|AWS|SQL|Statistics|Azure,6.71,2023-01-19,"['statistics', 'aws', 'sql', 'airflow', 'azure']"
4050,Razorpay,Analytics Engineer,Bengaluru,Onsite,Full-time,4,NumPy|Airflow|Python|AWS|Git|SQL|Data Warehousing|Machine Learning,17.75,2024-11-08,"['machine learning', 'numpy', 'aws', 'git', 'sql', 'airflow', 'data warehousing', 'python']"
4051,Paytm,Data Scientist,Chennai,Hybrid,Internship,6,Airflow|AWS|Tableau|ETL,24.03,2023-07-20,"['aws', 'tableau', 'etl', 'airflow']"
4052,TCS,Senior Data Analyst,Pune,Onsite,Full-time,7,Excel|SQL|Python|Docker|AWS,21.11,2023-12-09,"['aws', 'excel', 'sql', 'python', 'docker']"
4053,Microsoft,Data Scientist,Delhi,Onsite,Internship,0,Statistics|Pandas|Airflow|Git|ETL|NumPy,8.53,2024-07-28,"['statistics', 'numpy', 'git', 'airflow', 'etl', 'pandas']"
4054,Flipkart,Data Scientist,Mumbai,Remote,Internship,8,Python|AWS|ETL|Statistics|Data Warehousing|Excel|NumPy|Spark,28.97,2023-04-10,"['statistics', 'numpy', 'aws', 'excel', 'spark', 'etl', 'data warehousing', 'python']"
4055,Razorpay,BI Analyst,Delhi,Hybrid,Full-time,3,AWS|SQL|Docker|Pandas|Airflow,12.38,2023-10-24,"['aws', 'sql', 'airflow', 'pandas', 'docker']"
4056,TCS,Data Analyst,Delhi,Remote,Contract,3,NumPy|Tableau|Azure|Python|ETL|Machine Learning,16.58,2024-02-14,"['machine learning', 'numpy', 'etl', 'tableau', 'python', 'azure']"
4057,Infosys,BI Analyst,Mumbai,Remote,Internship,0,Spark|Excel|SQL|Machine Learning|Pandas|Azure|Docker|NumPy,7.78,2023-07-13,"['machine learning', 'numpy', 'excel', 'sql', 'docker', 'spark', 'pandas', 'azure']"
4058,Razorpay,Senior Data Analyst,Hyderabad,Hybrid,Internship,2,Python|SQL|Airflow|Machine Learning|Azure|Git|Docker|AWS,13.23,2024-07-06,"['machine learning', 'aws', 'git', 'sql', 'docker', 'airflow', 'python', 'azure']"
4059,Accenture,Senior Data Analyst,Hyderabad,Onsite,Internship,7,NumPy|SQL|Tableau|Statistics|Python|Git|Docker|Azure,20.16,2024-07-19,"['numpy', 'statistics', 'git', 'sql', 'azure', 'tableau', 'python', 'docker']"
4060,Razorpay,BI Analyst,Mumbai,Onsite,Internship,4,Spark|NumPy|Data Warehousing|Python|Statistics|Excel|Machine Learning|Airflow,16.07,2023-01-23,"['machine learning', 'numpy', 'statistics', 'excel', 'airflow', 'spark', 'data warehousing', 'python']"
4061,Deloitte,Analytics Engineer,Delhi,Onsite,Full-time,5,Machine Learning|Python|Pandas|ETL,18.3,2024-01-31,"['machine learning', 'pandas', 'python', 'etl']"
4062,Swiggy,BI Analyst,Chennai,Hybrid,Internship,0,SQL|Machine Learning|ETL|Docker,7.47,2023-05-19,"['machine learning', 'sql', 'etl', 'docker']"
4063,Flipkart,Business Analyst,Hyderabad,Hybrid,Contract,4,Tableau|Python|Docker|Spark|AWS|Excel|Azure|Pandas,15.15,2024-08-08,"['aws', 'excel', 'pandas', 'spark', 'azure', 'tableau', 'python', 'docker']"
4064,Razorpay,Business Analyst,Delhi,Remote,Internship,5,Docker|Power BI|Excel|Git|SQL|ETL,18.58,2024-07-31,"['excel', 'git', 'sql', 'power bi', 'etl', 'docker']"
4065,Accenture,BI Analyst,Bengaluru,Hybrid,Contract,0,SQL|NumPy|Azure|Power BI,6.27,2023-04-21,"['numpy', 'sql', 'azure', 'power bi']"
4066,Razorpay,BI Analyst,Hyderabad,Hybrid,Contract,1,Tableau|AWS|Machine Learning|Data Warehousing,10.11,2024-09-05,"['data warehousing', 'machine learning', 'tableau', 'aws']"
4067,Swiggy,Data Scientist,Remote,Hybrid,Full-time,5,Docker|Power BI|ETL|SQL|NumPy,20.69,2024-06-12,"['numpy', 'sql', 'power bi', 'etl', 'docker']"
4068,Swiggy,Data Scientist,Hyderabad,Onsite,Contract,0,Power BI|Data Warehousing|ETL|Spark,6.57,2024-03-05,"['data warehousing', 'spark', 'etl', 'power bi']"
4069,Swiggy,Analytics Engineer,Hyderabad,Remote,Contract,6,Spark|Airflow|Azure|Statistics|Tableau|Power BI,20.94,2023-07-16,"['statistics', 'airflow', 'power bi', 'spark', 'tableau', 'azure']"
4070,Accenture,Analytics Engineer,Pune,Onsite,Internship,4,AWS|Statistics|Excel|Git,14.91,2023-01-24,"['git', 'statistics', 'aws', 'excel']"
4071,Cognizant,BI Analyst,Chennai,Remote,Internship,4,SQL|Azure|Tableau|Machine Learning|ETL|Spark|AWS|Python,18.1,2024-09-21,"['machine learning', 'aws', 'sql', 'spark', 'etl', 'tableau', 'python', 'azure']"
4072,TCS,Senior Data Analyst,Pune,Onsite,Contract,2,Power BI|Docker|Machine Learning|Tableau|NumPy|Data Warehousing|Pandas|Statistics,10.58,2024-05-28,"['machine learning', 'numpy', 'statistics', 'power bi', 'pandas', 'data warehousing', 'tableau', 'docker']"
4073,Freshworks,Business Analyst,Chennai,Remote,Internship,7,Tableau|SQL|Docker|Pandas|AWS|ETL,24.22,2024-08-09,"['aws', 'sql', 'pandas', 'etl', 'tableau', 'docker']"
4074,Razorpay,Data Scientist,Chennai,Remote,Contract,1,Azure|Data Warehousing|SQL|Machine Learning|Excel|AWS,14.6,2024-09-29,"['machine learning', 'aws', 'excel', 'sql', 'data warehousing', 'azure']"
4075,Accenture,Senior Data Analyst,Mumbai,Hybrid,Contract,3,Excel|Data Warehousing|SQL|Statistics|Tableau|Power BI,10.79,2024-06-21,"['statistics', 'excel', 'sql', 'power bi', 'data warehousing', 'tableau']"
4076,Flipkart,Data Scientist,Hyderabad,Hybrid,Internship,2,SQL|Pandas|Python|Power BI|AWS|Data Warehousing|Azure|Statistics,13.82,2024-10-31,"['statistics', 'aws', 'sql', 'power bi', 'data warehousing', 'pandas', 'python', 'azure']"
4077,Amazon,Business Analyst,Mumbai,Onsite,Contract,4,SQL|AWS|Azure|Pandas|Statistics,12.82,2024-01-07,"['statistics', 'aws', 'sql', 'pandas', 'azure']"
4078,Amazon,Business Analyst,Remote,Onsite,Full-time,5,SQL|NumPy|Python|Power BI|Excel,15.05,2023-04-29,"['numpy', 'excel', 'sql', 'power bi', 'python']"
4079,Freshworks,Business Analyst,Chennai,Onsite,Internship,1,Docker|AWS|Data Warehousing|Excel|Power BI|SQL,6.93,2024-05-29,"['aws', 'excel', 'sql', 'power bi', 'data warehousing', 'docker']"
4080,Accenture,Data Scientist,Bengaluru,Remote,Internship,0,Azure|Excel|Spark|Power BI|Statistics|Airflow,11.28,2023-11-10,"['statistics', 'excel', 'airflow', 'power bi', 'spark', 'azure']"
4081,Razorpay,BI Analyst,Pune,Remote,Full-time,6,ETL|Git|Spark|Power BI|Pandas|NumPy|Azure|AWS,19.92,2023-03-07,"['numpy', 'aws', 'git', 'power bi', 'spark', 'etl', 'pandas', 'azure']"
4082,Swiggy,Senior Data Analyst,Delhi,Hybrid,Internship,0,Docker|AWS|ETL|Git|NumPy|Statistics|Power BI,3.71,2023-08-11,"['numpy', 'statistics', 'aws', 'git', 'power bi', 'etl', 'docker']"
4083,Freshworks,BI Analyst,Mumbai,Hybrid,Contract,8,SQL|Git|Data Warehousing|ETL,23.44,2024-11-04,"['data warehousing', 'git', 'sql', 'etl']"
4084,Walmart,Data Scientist,Remote,Hybrid,Internship,2,SQL|Tableau|Data Warehousing|Power BI|Airflow,13.93,2023-01-09,"['sql', 'airflow', 'power bi', 'data warehousing', 'tableau']"
4085,Razorpay,Senior Data Analyst,Hyderabad,Onsite,Full-time,2,Spark|Statistics|Tableau|Azure|Data Warehousing,9.16,2023-11-08,"['statistics', 'spark', 'data warehousing', 'tableau', 'azure']"
4086,Microsoft,Business Analyst,Chennai,Remote,Internship,1,Power BI|Docker|NumPy|Spark|AWS|Azure|Statistics,9.23,2024-02-28,"['numpy', 'statistics', 'aws', 'power bi', 'spark', 'azure', 'docker']"
4087,Razorpay,BI Analyst,Chennai,Onsite,Contract,0,Tableau|Data Warehousing|AWS|Machine Learning|Airflow|Spark|Git,5.83,2024-01-14,"['machine learning', 'aws', 'git', 'airflow', 'spark', 'data warehousing', 'tableau']"
4088,Paytm,Analytics Engineer,Bengaluru,Hybrid,Contract,7,Statistics|SQL|Git|Tableau|Data Warehousing,23.11,2024-06-12,"['statistics', 'git', 'sql', 'data warehousing', 'tableau']"
4089,Deloitte,Data Analyst,Chennai,Remote,Internship,2,AWS|Excel|Tableau|NumPy|Power BI|Spark|ETL,11.16,2023-10-20,"['numpy', 'aws', 'excel', 'power bi', 'spark', 'etl', 'tableau']"
4090,Deloitte,BI Analyst,Remote,Onsite,Internship,3,Power BI|Machine Learning|Statistics|Azure|ETL|Git|Pandas,15.01,2024-01-01,"['machine learning', 'statistics', 'git', 'power bi', 'etl', 'pandas', 'azure']"
4091,Microsoft,Data Scientist,Delhi,Hybrid,Internship,7,Power BI|ETL|Machine Learning|Excel,27.15,2023-06-09,"['machine learning', 'etl', 'excel', 'power bi']"
4092,Zoho,BI Analyst,Pune,Hybrid,Contract,4,Machine Learning|Pandas|Excel|Git|Tableau|Statistics|AWS|Airflow,18.37,2023-10-21,"['machine learning', 'statistics', 'aws', 'excel', 'git', 'airflow', 'tableau', 'pandas']"
4093,Swiggy,Analytics Engineer,Mumbai,Onsite,Internship,6,Tableau|Data Warehousing|Machine Learning|Git|SQL|NumPy|Airflow,21.97,2024-03-27,"['machine learning', 'numpy', 'git', 'sql', 'airflow', 'data warehousing', 'tableau']"
4094,Accenture,Business Analyst,Chennai,Remote,Internship,4,Git|AWS|ETL|NumPy|Statistics|Machine Learning|Excel,18.39,2023-08-29,"['machine learning', 'numpy', 'statistics', 'aws', 'excel', 'git', 'etl']"
4095,Razorpay,Business Analyst,Remote,Onsite,Internship,1,Data Warehousing|Tableau|Pandas|NumPy|Statistics|Git|Excel|SQL,6.01,2024-10-04,"['numpy', 'statistics', 'excel', 'git', 'sql', 'pandas', 'data warehousing', 'tableau']"
4096,Paytm,Senior Data Analyst,Pune,Hybrid,Internship,5,Git|Python|Spark|Statistics|AWS|Data Warehousing|ETL,15.17,2023-11-13,"['statistics', 'aws', 'git', 'spark', 'etl', 'data warehousing', 'python']"
4097,TCS,Data Scientist,Bengaluru,Hybrid,Contract,5,NumPy|Python|ETL|SQL|Statistics|Tableau,21.45,2023-06-26,"['numpy', 'statistics', 'sql', 'etl', 'tableau', 'python']"
4098,Microsoft,Analytics Engineer,Delhi,Onsite,Contract,2,Pandas|Spark|NumPy|Statistics,7.66,2024-01-10,"['spark', 'numpy', 'pandas', 'statistics']"
4099,Flipkart,Data Scientist,Chennai,Hybrid,Contract,2,Tableau|ETL|Statistics|Excel|Azure|Machine Learning,14.97,2024-10-27,"['machine learning', 'statistics', 'excel', 'etl', 'tableau', 'azure']"
4100,Infosys,Senior Data Analyst,Hyderabad,Onsite,Contract,2,NumPy|Git|Excel|Power BI|Machine Learning|Spark,11.05,2023-02-22,"['machine learning', 'numpy', 'excel', 'git', 'power bi', 'spark']"
4101,Infosys,Data Analyst,Hyderabad,Remote,Internship,0,AWS|Airflow|Python|Statistics|Power BI|NumPy|Pandas,6.86,2023-04-20,"['statistics', 'numpy', 'aws', 'airflow', 'power bi', 'pandas', 'python']"
4102,Infosys,Senior Data Analyst,Hyderabad,Hybrid,Full-time,8,Docker|SQL|AWS|NumPy|Statistics|Tableau|Airflow,22.66,2023-09-02,"['numpy', 'statistics', 'aws', 'sql', 'airflow', 'tableau', 'docker']"
4103,Infosys,Data Analyst,Delhi,Hybrid,Contract,5,NumPy|Pandas|Python|ETL|Spark|Git|Data Warehousing,16.19,2024-08-04,"['numpy', 'git', 'spark', 'etl', 'data warehousing', 'pandas', 'python']"
4104,Microsoft,Data Scientist,Hyderabad,Hybrid,Full-time,1,Data Warehousing|Machine Learning|Excel|Azure|Pandas|Power BI,13.74,2023-09-28,"['machine learning', 'excel', 'power bi', 'data warehousing', 'pandas', 'azure']"
4105,Zoho,Data Analyst,Pune,Hybrid,Full-time,0,Pandas|SQL|Machine Learning|AWS,7.74,2023-11-01,"['machine learning', 'pandas', 'sql', 'aws']"
4106,Flipkart,BI Analyst,Delhi,Hybrid,Contract,2,Pandas|Tableau|Docker|Data Warehousing|SQL,7.87,2024-01-21,"['sql', 'pandas', 'data warehousing', 'tableau', 'docker']"
4107,Razorpay,Analytics Engineer,Chennai,Remote,Full-time,2,Docker|Python|Pandas|Machine Learning|NumPy|Git|Tableau|SQL,12.64,2023-07-02,"['machine learning', 'numpy', 'git', 'sql', 'tableau', 'pandas', 'python', 'docker']"
4108,Freshworks,Data Analyst,Delhi,Onsite,Full-time,7,AWS|NumPy|SQL|Airflow,21.37,2023-06-19,"['airflow', 'numpy', 'sql', 'aws']"
4109,Swiggy,Analytics Engineer,Hyderabad,Remote,Contract,7,Azure|NumPy|Spark|ETL|Statistics|Excel,22.69,2023-03-26,"['numpy', 'statistics', 'excel', 'spark', 'etl', 'azure']"
4110,Razorpay,BI Analyst,Bengaluru,Onsite,Contract,7,Git|NumPy|Data Warehousing|Machine Learning|Airflow|Docker|Python|SQL,25.62,2024-10-30,"['machine learning', 'numpy', 'git', 'sql', 'airflow', 'data warehousing', 'python', 'docker']"
4111,Freshworks,Business Analyst,Hyderabad,Hybrid,Contract,2,Data Warehousing|Statistics|Pandas|Power BI|Docker,8.51,2023-10-04,"['statistics', 'power bi', 'data warehousing', 'pandas', 'docker']"
4112,Microsoft,Analytics Engineer,Pune,Remote,Full-time,0,Statistics|Pandas|Excel|Git|Machine Learning|Azure|AWS,8.23,2023-10-13,"['machine learning', 'statistics', 'aws', 'excel', 'git', 'pandas', 'azure']"
4113,Freshworks,Data Scientist,Chennai,Onsite,Internship,2,Tableau|Airflow|Spark|Git|Pandas|ETL|Azure,13.26,2023-07-21,"['git', 'airflow', 'pandas', 'spark', 'etl', 'tableau', 'azure']"
4114,TCS,Analytics Engineer,Delhi,Hybrid,Internship,7,Excel|Tableau|Git|Data Warehousing,22.22,2024-09-19,"['data warehousing', 'git', 'tableau', 'excel']"
4115,Paytm,Data Analyst,Remote,Remote,Contract,4,Airflow|Power BI|Python|ETL|AWS|NumPy|Azure,16.96,2023-09-27,"['numpy', 'aws', 'airflow', 'power bi', 'etl', 'python', 'azure']"
4116,Zoho,Data Analyst,Mumbai,Remote,Contract,0,NumPy|ETL|Statistics|Docker|Python|Power BI,5.38,2023-02-03,"['numpy', 'statistics', 'power bi', 'etl', 'python', 'docker']"
4117,Microsoft,Data Analyst,Pune,Remote,Full-time,3,Docker|Pandas|Tableau|Statistics|Power BI|Excel,13.81,2024-02-11,"['statistics', 'excel', 'pandas', 'power bi', 'tableau', 'docker']"
4118,Swiggy,Senior Data Analyst,Chennai,Hybrid,Internship,8,Power BI|Data Warehousing|AWS|Git|Python|NumPy,23.21,2023-07-10,"['numpy', 'aws', 'git', 'power bi', 'data warehousing', 'python']"
4119,Cognizant,BI Analyst,Hyderabad,Hybrid,Contract,7,Power BI|Tableau|SQL|Docker|Statistics|Machine Learning|Pandas|Git,25.13,2024-11-28,"['machine learning', 'statistics', 'git', 'sql', 'power bi', 'pandas', 'tableau', 'docker']"
4120,Deloitte,Business Analyst,Chennai,Onsite,Contract,1,AWS|Excel|Airflow|Power BI|Docker|Data Warehousing|Git,5.77,2024-07-19,"['aws', 'excel', 'git', 'airflow', 'power bi', 'data warehousing', 'docker']"
4121,Microsoft,Senior Data Analyst,Hyderabad,Remote,Internship,7,Power BI|ETL|NumPy|Pandas|Azure|Statistics|Data Warehousing,24.09,2024-01-08,"['numpy', 'statistics', 'power bi', 'etl', 'data warehousing', 'pandas', 'azure']"
4122,Infosys,Analytics Engineer,Delhi,Hybrid,Contract,3,Docker|Python|Statistics|AWS|Machine Learning|Tableau|Spark,14.54,2023-07-19,"['machine learning', 'statistics', 'aws', 'spark', 'tableau', 'python', 'docker']"
4123,Zoho,Analytics Engineer,Pune,Remote,Full-time,3,Tableau|Spark|Docker|Azure|AWS|Power BI|NumPy,12.65,2024-06-14,"['numpy', 'aws', 'docker', 'power bi', 'spark', 'tableau', 'azure']"
4124,Freshworks,Analytics Engineer,Hyderabad,Onsite,Internship,0,Spark|Docker|Pandas|Tableau|Python|Airflow|Data Warehousing,5.5,2023-01-14,"['airflow', 'spark', 'data warehousing', 'tableau', 'pandas', 'python', 'docker']"
4125,Deloitte,Business Analyst,Mumbai,Onsite,Contract,6,Machine Learning|ETL|Docker|Python,20.61,2023-08-16,"['machine learning', 'python', 'etl', 'docker']"
4126,Freshworks,Data Analyst,Pune,Onsite,Internship,4,Tableau|NumPy|Airflow|Statistics|Excel,14.98,2023-08-22,"['numpy', 'statistics', 'excel', 'airflow', 'tableau']"
4127,Swiggy,Business Analyst,Pune,Hybrid,Full-time,2,Data Warehousing|Machine Learning|Docker|AWS|Pandas|Excel|Power BI,13.13,2024-09-17,"['machine learning', 'aws', 'excel', 'power bi', 'data warehousing', 'pandas', 'docker']"
4128,Razorpay,Data Scientist,Pune,Onsite,Internship,3,Data Warehousing|NumPy|Power BI|Airflow|Excel|Python|Azure,16.75,2023-03-29,"['numpy', 'excel', 'airflow', 'power bi', 'data warehousing', 'python', 'azure']"
4129,Razorpay,Senior Data Analyst,Bengaluru,Remote,Internship,8,Docker|Power BI|Azure|Machine Learning,30.52,2023-02-01,"['machine learning', 'azure', 'docker', 'power bi']"
4130,Swiggy,Analytics Engineer,Hyderabad,Hybrid,Contract,8,Machine Learning|Python|AWS|Tableau,26.03,2023-05-31,"['machine learning', 'tableau', 'python', 'aws']"
4131,Freshworks,Senior Data Analyst,Hyderabad,Hybrid,Internship,5,Pandas|ETL|Data Warehousing|AWS|Excel,15.7,2023-05-18,"['aws', 'excel', 'etl', 'data warehousing', 'pandas']"
4132,Accenture,Data Scientist,Chennai,Onsite,Contract,7,Pandas|Excel|SQL|Airflow|Data Warehousing,24.96,2023-04-09,"['excel', 'sql', 'airflow', 'data warehousing', 'pandas']"
4133,Zoho,Analytics Engineer,Delhi,Remote,Contract,3,Git|Machine Learning|Pandas|SQL|Docker,15.51,2023-03-12,"['machine learning', 'git', 'sql', 'pandas', 'docker']"
4134,Cognizant,Data Analyst,Hyderabad,Onsite,Internship,8,Pandas|AWS|Docker|ETL|Airflow|Data Warehousing|SQL,23.78,2023-01-05,"['aws', 'sql', 'airflow', 'etl', 'data warehousing', 'pandas', 'docker']"
4135,TCS,Senior Data Analyst,Bengaluru,Remote,Full-time,7,Excel|Airflow|NumPy|Spark|Data Warehousing|Statistics,25.04,2023-08-06,"['numpy', 'statistics', 'excel', 'airflow', 'spark', 'data warehousing']"
4136,Zoho,Data Scientist,Mumbai,Hybrid,Full-time,0,Excel|NumPy|Spark|AWS|SQL|Docker|Airflow,7.49,2024-01-09,"['numpy', 'aws', 'excel', 'sql', 'airflow', 'spark', 'docker']"
4137,Paytm,BI Analyst,Delhi,Hybrid,Internship,3,Data Warehousing|Azure|Git|Airflow|SQL|NumPy|Statistics,12.62,2023-12-30,"['numpy', 'statistics', 'git', 'sql', 'airflow', 'data warehousing', 'azure']"
4138,Microsoft,Analytics Engineer,Hyderabad,Hybrid,Internship,1,Airflow|Docker|AWS|Statistics|NumPy|Python|Power BI|Azure,7.95,2024-08-08,"['numpy', 'statistics', 'aws', 'airflow', 'power bi', 'azure', 'python', 'docker']"
4139,Microsoft,Analytics Engineer,Bengaluru,Remote,Contract,5,AWS|Statistics|ETL|Azure,19.09,2024-11-27,"['statistics', 'etl', 'azure', 'aws']"
4140,Swiggy,Business Analyst,Pune,Hybrid,Full-time,4,Tableau|Docker|Power BI|NumPy|Data Warehousing|SQL|Statistics|Azure,15.2,2023-06-01,"['numpy', 'statistics', 'sql', 'power bi', 'azure', 'data warehousing', 'tableau', 'docker']"
4141,Walmart,Business Analyst,Delhi,Remote,Full-time,1,AWS|Excel|Azure|SQL|Airflow,7.94,2024-06-09,"['aws', 'excel', 'sql', 'airflow', 'azure']"
4142,Infosys,Data Scientist,Chennai,Onsite,Contract,0,Machine Learning|Git|Tableau|SQL|Statistics,11.48,2024-08-28,"['machine learning', 'statistics', 'git', 'sql', 'tableau']"
4143,Microsoft,Analytics Engineer,Bengaluru,Onsite,Full-time,3,Azure|Python|Machine Learning|Spark|Tableau|Airflow|Power BI|Statistics,15.94,2023-11-27,"['machine learning', 'statistics', 'airflow', 'power bi', 'spark', 'tableau', 'python', 'azure']"
4144,Paytm,Business Analyst,Mumbai,Remote,Full-time,5,NumPy|AWS|Tableau|SQL|Spark|Statistics|Docker,19.4,2024-01-25,"['numpy', 'statistics', 'aws', 'sql', 'spark', 'tableau', 'docker']"
4145,Paytm,Business Analyst,Hyderabad,Remote,Contract,5,Git|Power BI|Spark|Pandas|Excel|Tableau,18.02,2023-06-20,"['excel', 'git', 'power bi', 'spark', 'tableau', 'pandas']"
4146,Cognizant,Senior Data Analyst,Mumbai,Onsite,Internship,1,Docker|Excel|Spark|Azure|Power BI|Python|NumPy,7.84,2024-08-29,"['numpy', 'excel', 'docker', 'power bi', 'spark', 'python', 'azure']"
4147,Zoho,Senior Data Analyst,Delhi,Remote,Internship,5,SQL|Pandas|Git|Machine Learning|Excel|ETL|Statistics|Data Warehousing,21.22,2023-04-13,"['machine learning', 'statistics', 'excel', 'git', 'sql', 'etl', 'data warehousing', 'pandas']"
4148,Amazon,Data Scientist,Mumbai,Remote,Contract,8,Docker|Pandas|ETL|Excel,28.32,2023-11-06,"['pandas', 'etl', 'docker', 'excel']"
4149,Zoho,Business Analyst,Remote,Onsite,Contract,6,Tableau|NumPy|Data Warehousing|Machine Learning|ETL|SQL,21.9,2023-10-25,"['machine learning', 'numpy', 'sql', 'etl', 'data warehousing', 'tableau']"
4150,Freshworks,Data Analyst,Hyderabad,Onsite,Internship,6,Docker|Python|Pandas|Excel,19.55,2024-05-10,"['pandas', 'python', 'docker', 'excel']"
4151,Cognizant,Data Scientist,Bengaluru,Hybrid,Full-time,3,ETL|Power BI|Data Warehousing|Statistics|Spark|Excel|Docker,18.26,2024-01-19,"['statistics', 'excel', 'power bi', 'spark', 'etl', 'data warehousing', 'docker']"
4152,Zoho,Data Analyst,Delhi,Remote,Full-time,2,Git|AWS|Docker|Python,10.87,2024-04-06,"['git', 'docker', 'aws', 'python']"
4153,TCS,Analytics Engineer,Mumbai,Onsite,Internship,6,Excel|SQL|Data Warehousing|ETL|Machine Learning|NumPy|Power BI,22.35,2023-04-19,"['machine learning', 'numpy', 'excel', 'sql', 'power bi', 'etl', 'data warehousing']"
4154,Razorpay,BI Analyst,Chennai,Onsite,Full-time,7,Git|Azure|Spark|Data Warehousing|Machine Learning|NumPy|Excel|Statistics,25.65,2024-09-14,"['machine learning', 'numpy', 'statistics', 'excel', 'git', 'spark', 'data warehousing', 'azure']"
4155,Walmart,Data Scientist,Chennai,Hybrid,Contract,5,Statistics|Tableau|Data Warehousing|Pandas|Docker|Python,19.31,2023-04-25,"['statistics', 'pandas', 'data warehousing', 'tableau', 'python', 'docker']"
4156,Flipkart,Data Scientist,Chennai,Hybrid,Internship,3,Machine Learning|SQL|Tableau|AWS|Statistics|Power BI|NumPy|Airflow,18.32,2024-08-26,"['machine learning', 'statistics', 'numpy', 'aws', 'sql', 'airflow', 'power bi', 'tableau']"
4157,Cognizant,Data Analyst,Remote,Onsite,Contract,4,Machine Learning|Excel|Pandas|Azure,16.56,2023-07-21,"['machine learning', 'pandas', 'azure', 'excel']"
4158,Accenture,Data Scientist,Mumbai,Remote,Full-time,0,Data Warehousing|Azure|ETL|Pandas|Power BI,8.57,2023-08-04,"['power bi', 'etl', 'data warehousing', 'pandas', 'azure']"
4159,Paytm,Analytics Engineer,Mumbai,Remote,Internship,6,Data Warehousing|NumPy|Git|Docker|Excel|Tableau|Pandas,21.01,2024-09-24,"['numpy', 'excel', 'git', 'pandas', 'data warehousing', 'tableau', 'docker']"
4160,Accenture,Data Analyst,Mumbai,Onsite,Internship,7,Docker|Statistics|Machine Learning|Pandas|Git|NumPy|Azure,24.0,2024-10-24,"['machine learning', 'statistics', 'numpy', 'git', 'azure', 'pandas', 'docker']"
4161,Freshworks,Senior Data Analyst,Bengaluru,Onsite,Contract,3,Docker|NumPy|ETL|Git|Power BI|Machine Learning|Statistics,17.44,2024-03-23,"['machine learning', 'numpy', 'statistics', 'git', 'power bi', 'etl', 'docker']"
4162,Deloitte,Business Analyst,Delhi,Remote,Internship,5,Azure|Spark|Tableau|AWS|Excel|Pandas|Python|NumPy,18.35,2024-05-29,"['numpy', 'aws', 'excel', 'pandas', 'spark', 'tableau', 'python', 'azure']"
4163,Deloitte,Business Analyst,Delhi,Onsite,Contract,4,Docker|Statistics|Airflow|Git|Python|AWS|Spark|ETL,13.5,2024-10-04,"['statistics', 'aws', 'git', 'airflow', 'spark', 'etl', 'python', 'docker']"
4164,TCS,Data Analyst,Chennai,Onsite,Internship,7,NumPy|AWS|Git|Tableau|SQL|Excel|ETL|Airflow,21.07,2023-11-14,"['numpy', 'aws', 'excel', 'git', 'sql', 'airflow', 'etl', 'tableau']"
4165,Microsoft,Data Analyst,Chennai,Onsite,Full-time,6,Airflow|Excel|ETL|Power BI|Machine Learning|Pandas|Statistics,20.57,2024-01-14,"['machine learning', 'statistics', 'excel', 'airflow', 'power bi', 'etl', 'pandas']"
4166,Infosys,Data Scientist,Remote,Onsite,Contract,7,Python|NumPy|Pandas|Excel|Statistics|ETL|Spark,26.89,2024-11-05,"['numpy', 'statistics', 'excel', 'spark', 'etl', 'pandas', 'python']"
4167,Razorpay,Analytics Engineer,Delhi,Hybrid,Internship,7,Power BI|Python|AWS|ETL|NumPy|Spark,22.45,2023-04-11,"['numpy', 'aws', 'power bi', 'spark', 'etl', 'python']"
4168,Microsoft,Senior Data Analyst,Delhi,Onsite,Contract,0,Pandas|Statistics|Excel|Airflow|NumPy|SQL|Data Warehousing,2.86,2023-03-06,"['numpy', 'statistics', 'excel', 'sql', 'airflow', 'data warehousing', 'pandas']"
4169,TCS,Data Analyst,Remote,Hybrid,Internship,8,Excel|Data Warehousing|Python|AWS|Power BI,24.77,2023-08-04,"['aws', 'excel', 'power bi', 'data warehousing', 'python']"
4170,Freshworks,Data Analyst,Bengaluru,Hybrid,Contract,0,Spark|SQL|ETL|Airflow|Data Warehousing,5.27,2024-11-21,"['sql', 'airflow', 'spark', 'etl', 'data warehousing']"
4171,Cognizant,Business Analyst,Hyderabad,Remote,Contract,0,Spark|Azure|Power BI|Tableau|Statistics|Machine Learning,7.08,2024-09-19,"['machine learning', 'statistics', 'power bi', 'spark', 'tableau', 'azure']"
4172,Amazon,Senior Data Analyst,Hyderabad,Hybrid,Internship,7,Azure|Airflow|Git|Machine Learning|Excel|ETL,23.59,2023-09-09,"['machine learning', 'excel', 'git', 'airflow', 'etl', 'azure']"
4173,Deloitte,Analytics Engineer,Delhi,Hybrid,Internship,8,Docker|Azure|SQL|AWS|Python|Tableau,23.1,2023-02-24,"['aws', 'sql', 'docker', 'tableau', 'python', 'azure']"
4174,Zoho,Business Analyst,Remote,Onsite,Internship,4,NumPy|SQL|ETL|Data Warehousing,14.49,2023-09-18,"['data warehousing', 'numpy', 'sql', 'etl']"
4175,Paytm,Data Scientist,Bengaluru,Hybrid,Full-time,4,SQL|NumPy|Pandas|Azure|Spark|AWS|Tableau|Excel,19.95,2024-10-02,"['numpy', 'aws', 'excel', 'sql', 'spark', 'tableau', 'pandas', 'azure']"
4176,Walmart,Business Analyst,Remote,Onsite,Internship,4,SQL|Git|Data Warehousing|Machine Learning|Spark,18.43,2024-10-02,"['machine learning', 'git', 'sql', 'spark', 'data warehousing']"
4177,Zoho,Business Analyst,Bengaluru,Remote,Internship,1,Python|Docker|Azure|Tableau|AWS|Power BI|ETL,9.88,2024-10-12,"['aws', 'docker', 'power bi', 'etl', 'tableau', 'python', 'azure']"
4178,Deloitte,Analytics Engineer,Hyderabad,Remote,Internship,1,Python|SQL|Power BI|Docker,7.22,2024-02-13,"['docker', 'python', 'sql', 'power bi']"
4179,Razorpay,Data Scientist,Chennai,Onsite,Contract,7,Excel|Spark|Statistics|AWS,25.07,2023-11-14,"['spark', 'statistics', 'aws', 'excel']"
4180,Accenture,Data Scientist,Pune,Remote,Internship,1,NumPy|Spark|Excel|Airflow,12.07,2023-09-12,"['spark', 'numpy', 'airflow', 'excel']"
4181,Microsoft,Analytics Engineer,Mumbai,Remote,Full-time,6,AWS|Python|Azure|Power BI|Tableau,21.9,2023-05-28,"['aws', 'power bi', 'tableau', 'python', 'azure']"
4182,Infosys,Business Analyst,Mumbai,Remote,Internship,1,Spark|Power BI|Excel|Pandas|Python|AWS|Airflow,8.46,2024-09-29,"['aws', 'excel', 'airflow', 'power bi', 'spark', 'pandas', 'python']"
4183,Cognizant,Senior Data Analyst,Chennai,Onsite,Full-time,7,Data Warehousing|Airflow|AWS|Tableau|Git,22.85,2023-04-02,"['aws', 'git', 'airflow', 'data warehousing', 'tableau']"
4184,Flipkart,BI Analyst,Pune,Hybrid,Internship,7,Statistics|NumPy|Git|Machine Learning|Power BI,25.46,2023-10-30,"['machine learning', 'numpy', 'statistics', 'git', 'power bi']"
4185,Accenture,Data Scientist,Mumbai,Remote,Contract,0,AWS|Airflow|NumPy|Machine Learning|Data Warehousing,11.71,2024-07-24,"['machine learning', 'numpy', 'aws', 'airflow', 'data warehousing']"
4186,Swiggy,Analytics Engineer,Delhi,Remote,Contract,5,Pandas|Python|SQL|ETL|Azure|Git,19.27,2024-11-27,"['git', 'sql', 'etl', 'pandas', 'python', 'azure']"
4187,Infosys,Data Scientist,Pune,Hybrid,Contract,4,AWS|Data Warehousing|Statistics|ETL|Power BI|Python,17.6,2024-07-16,"['statistics', 'aws', 'power bi', 'etl', 'data warehousing', 'python']"
4188,Cognizant,Data Analyst,Pune,Hybrid,Contract,3,Pandas|Tableau|Spark|Azure|Statistics,11.84,2023-05-18,"['statistics', 'pandas', 'spark', 'tableau', 'azure']"
4189,TCS,Senior Data Analyst,Delhi,Hybrid,Internship,8,Power BI|Python|Tableau|Data Warehousing|ETL,24.67,2023-08-24,"['power bi', 'etl', 'data warehousing', 'tableau', 'python']"
4190,Flipkart,BI Analyst,Chennai,Hybrid,Full-time,2,Power BI|SQL|Data Warehousing|Airflow|AWS|Statistics|Git|Docker,10.48,2023-04-28,"['statistics', 'aws', 'git', 'sql', 'airflow', 'power bi', 'data warehousing', 'docker']"
4191,Amazon,BI Analyst,Delhi,Onsite,Full-time,3,SQL|Data Warehousing|Statistics|Airflow|AWS|NumPy|Azure,12.11,2023-07-05,"['statistics', 'numpy', 'aws', 'sql', 'airflow', 'data warehousing', 'azure']"
4192,Accenture,Senior Data Analyst,Hyderabad,Onsite,Full-time,1,Airflow|Docker|NumPy|ETL|Machine Learning|AWS|Spark,9.47,2024-03-03,"['machine learning', 'numpy', 'aws', 'airflow', 'spark', 'etl', 'docker']"
4193,Paytm,Data Analyst,Mumbai,Onsite,Contract,3,AWS|Spark|Data Warehousing|ETL|Pandas,11.87,2024-01-12,"['aws', 'spark', 'etl', 'data warehousing', 'pandas']"
4194,Infosys,Senior Data Analyst,Remote,Remote,Contract,6,Power BI|Pandas|AWS|Spark|ETL,20.75,2024-08-03,"['aws', 'power bi', 'spark', 'etl', 'pandas']"
4195,Razorpay,Senior Data Analyst,Pune,Onsite,Internship,1,ETL|Spark|Git|Tableau|Airflow|Statistics,6.36,2024-07-22,"['statistics', 'git', 'airflow', 'spark', 'etl', 'tableau']"
4196,Flipkart,Business Analyst,Pune,Remote,Internship,5,AWS|Spark|Machine Learning|NumPy|Excel|Statistics|Docker,22.2,2023-11-28,"['machine learning', 'numpy', 'statistics', 'aws', 'excel', 'spark', 'docker']"
4197,Walmart,BI Analyst,Remote,Hybrid,Internship,7,Azure|Tableau|Machine Learning|NumPy,23.16,2024-04-20,"['machine learning', 'tableau', 'numpy', 'azure']"
4198,Cognizant,Data Scientist,Bengaluru,Hybrid,Contract,6,Azure|Power BI|SQL|Pandas|AWS|Data Warehousing,23.91,2023-12-06,"['aws', 'sql', 'power bi', 'data warehousing', 'pandas', 'azure']"
4199,Freshworks,Analytics Engineer,Pune,Remote,Internship,7,AWS|Pandas|NumPy|Excel,23.35,2023-02-17,"['numpy', 'pandas', 'aws', 'excel']"
4200,Deloitte,Analytics Engineer,Pune,Onsite,Internship,0,Airflow|Docker|ETL|Python|Spark|Azure,4.61,2023-07-07,"['airflow', 'spark', 'azure', 'etl', 'python', 'docker']"
4201,Paytm,Senior Data Analyst,Bengaluru,Remote,Internship,0,Tableau|Docker|Power BI|Airflow|Statistics|Pandas,6.49,2024-10-16,"['statistics', 'airflow', 'power bi', 'pandas', 'tableau', 'docker']"
4202,Accenture,Business Analyst,Mumbai,Onsite,Internship,2,Pandas|Tableau|Power BI|Airflow|Docker|ETL,9.24,2024-11-19,"['airflow', 'pandas', 'power bi', 'etl', 'tableau', 'docker']"
4203,Deloitte,Senior Data Analyst,Remote,Hybrid,Contract,4,Excel|ETL|NumPy|Tableau|Pandas|Spark|SQL,13.89,2024-08-27,"['numpy', 'excel', 'sql', 'pandas', 'spark', 'etl', 'tableau']"
4204,Cognizant,Data Scientist,Chennai,Remote,Contract,1,Tableau|Excel|Azure|AWS|Pandas|ETL,11.22,2024-07-13,"['aws', 'excel', 'pandas', 'etl', 'tableau', 'azure']"
4205,Walmart,Business Analyst,Delhi,Remote,Internship,3,Data Warehousing|AWS|ETL|Git|Azure|Docker,13.76,2024-03-19,"['aws', 'git', 'docker', 'etl', 'data warehousing', 'azure']"
4206,Flipkart,Senior Data Analyst,Delhi,Remote,Internship,3,Azure|Excel|Power BI|Machine Learning|Spark|Statistics,14.74,2023-01-08,"['machine learning', 'statistics', 'excel', 'power bi', 'spark', 'azure']"
4207,Freshworks,Data Scientist,Remote,Remote,Full-time,0,Power BI|ETL|Azure|Excel,8.75,2023-03-06,"['etl', 'excel', 'azure', 'power bi']"
4208,Walmart,Data Analyst,Delhi,Onsite,Full-time,4,Docker|Statistics|Tableau|NumPy|Python|AWS|Machine Learning|Spark,15.66,2024-11-16,"['machine learning', 'numpy', 'statistics', 'aws', 'spark', 'tableau', 'python', 'docker']"
4209,Flipkart,Senior Data Analyst,Bengaluru,Remote,Internship,5,Airflow|Tableau|AWS|Azure|Statistics|Docker|Excel|Python,20.35,2024-01-11,"['statistics', 'aws', 'excel', 'docker', 'airflow', 'tableau', 'python', 'azure']"
4210,Infosys,Business Analyst,Chennai,Onsite,Full-time,4,Spark|Machine Learning|Power BI|SQL|Python|Data Warehousing,17.53,2023-10-29,"['machine learning', 'sql', 'power bi', 'spark', 'data warehousing', 'python']"
4211,Flipkart,Analytics Engineer,Hyderabad,Hybrid,Contract,2,Docker|Azure|Excel|AWS|Python|Statistics|Machine Learning|Spark,10.6,2024-01-18,"['machine learning', 'statistics', 'aws', 'excel', 'docker', 'spark', 'python', 'azure']"
4212,Razorpay,Data Analyst,Remote,Hybrid,Contract,5,SQL|NumPy|Statistics|Pandas,16.4,2023-01-03,"['numpy', 'sql', 'statistics', 'pandas']"
4213,Microsoft,Analytics Engineer,Pune,Remote,Full-time,6,Airflow|Power BI|Git|Azure,19.34,2024-01-09,"['git', 'azure', 'airflow', 'power bi']"
4214,Deloitte,Business Analyst,Mumbai,Hybrid,Contract,8,NumPy|Airflow|Docker|AWS|Pandas|ETL,25.41,2024-05-11,"['numpy', 'aws', 'airflow', 'etl', 'pandas', 'docker']"
4215,Paytm,Data Scientist,Pune,Remote,Internship,0,Excel|Data Warehousing|NumPy|AWS|Azure|SQL|Pandas,10.01,2023-09-15,"['numpy', 'aws', 'excel', 'sql', 'data warehousing', 'pandas', 'azure']"
4216,Infosys,Data Analyst,Bengaluru,Onsite,Contract,6,Data Warehousing|Pandas|Statistics|NumPy,20.01,2023-08-19,"['data warehousing', 'numpy', 'pandas', 'statistics']"
4217,Cognizant,Data Analyst,Remote,Hybrid,Full-time,2,Machine Learning|Spark|AWS|ETL,10.83,2024-04-25,"['spark', 'machine learning', 'etl', 'aws']"
4218,Flipkart,Data Scientist,Hyderabad,Hybrid,Internship,4,Machine Learning|NumPy|Data Warehousing|Pandas|Azure|Airflow|ETL|Tableau,21.2,2024-06-08,"['machine learning', 'numpy', 'tableau', 'airflow', 'etl', 'data warehousing', 'pandas', 'azure']"
4219,TCS,Data Scientist,Remote,Onsite,Internship,4,Power BI|Statistics|Spark|Machine Learning|Git|ETL|Docker|Airflow,21.18,2023-04-01,"['machine learning', 'statistics', 'git', 'airflow', 'power bi', 'spark', 'etl', 'docker']"
4220,Paytm,Data Scientist,Mumbai,Hybrid,Full-time,1,Statistics|Data Warehousing|Airflow|ETL,11.81,2023-08-02,"['data warehousing', 'statistics', 'etl', 'airflow']"
4221,Freshworks,Data Analyst,Bengaluru,Remote,Full-time,4,Pandas|Machine Learning|SQL|Azure|Statistics,21.63,2023-04-11,"['machine learning', 'statistics', 'sql', 'pandas', 'azure']"
4222,Walmart,BI Analyst,Delhi,Onsite,Full-time,8,Docker|Statistics|Tableau|Spark|Machine Learning|ETL|AWS,27.04,2023-03-12,"['machine learning', 'statistics', 'aws', 'spark', 'etl', 'tableau', 'docker']"
4223,Microsoft,Data Scientist,Chennai,Remote,Contract,2,SQL|Excel|Power BI|Python|ETL,14.98,2023-09-02,"['excel', 'sql', 'power bi', 'etl', 'python']"
4224,Razorpay,Data Analyst,Remote,Onsite,Internship,7,Tableau|Docker|Git|Excel|AWS|Pandas|Statistics|SQL,20.87,2023-05-25,"['statistics', 'aws', 'excel', 'git', 'sql', 'pandas', 'tableau', 'docker']"
4225,Freshworks,Senior Data Analyst,Chennai,Onsite,Internship,0,Pandas|AWS|Power BI|Git,2.63,2023-05-08,"['git', 'pandas', 'aws', 'power bi']"
4226,Microsoft,Data Scientist,Chennai,Onsite,Contract,3,Statistics|ETL|Data Warehousing|Azure,14.1,2023-03-02,"['data warehousing', 'statistics', 'etl', 'azure']"
4227,Flipkart,Data Scientist,Hyderabad,Onsite,Contract,7,Pandas|Azure|Spark|Airflow|ETL|SQL|Statistics|Tableau,25.56,2023-08-27,"['statistics', 'sql', 'airflow', 'spark', 'etl', 'tableau', 'pandas', 'azure']"
4228,Freshworks,Analytics Engineer,Mumbai,Remote,Contract,2,SQL|Power BI|Azure|Pandas|ETL,10.85,2024-07-20,"['sql', 'power bi', 'etl', 'pandas', 'azure']"
4229,Zoho,Senior Data Analyst,Delhi,Onsite,Full-time,6,Power BI|Data Warehousing|NumPy|Statistics|Python,17.99,2024-06-10,"['numpy', 'statistics', 'power bi', 'data warehousing', 'python']"
4230,Swiggy,Data Analyst,Pune,Hybrid,Internship,2,Python|Git|Docker|Airflow|Azure|NumPy,9.41,2023-12-12,"['numpy', 'git', 'docker', 'airflow', 'python', 'azure']"
4231,Infosys,Business Analyst,Delhi,Hybrid,Full-time,6,Excel|Tableau|Airflow|Spark|ETL,19.4,2023-04-13,"['excel', 'airflow', 'spark', 'etl', 'tableau']"
4232,Microsoft,Business Analyst,Bengaluru,Remote,Internship,4,Airflow|Azure|Python|AWS|Power BI|Docker,17.53,2024-08-22,"['aws', 'docker', 'airflow', 'power bi', 'python', 'azure']"
4233,Paytm,Senior Data Analyst,Remote,Onsite,Contract,5,Machine Learning|Git|Power BI|Pandas|Excel|Statistics,20.7,2023-02-26,"['machine learning', 'statistics', 'excel', 'git', 'power bi', 'pandas']"
4234,Microsoft,BI Analyst,Hyderabad,Remote,Contract,4,Excel|Tableau|Statistics|Docker|Pandas|NumPy,15.76,2023-09-27,"['statistics', 'numpy', 'excel', 'tableau', 'pandas', 'docker']"
4235,Deloitte,Senior Data Analyst,Pune,Hybrid,Internship,1,AWS|Machine Learning|Excel|NumPy|Spark|Pandas,8.2,2023-10-27,"['machine learning', 'numpy', 'aws', 'excel', 'spark', 'pandas']"
4236,Amazon,Senior Data Analyst,Mumbai,Remote,Full-time,2,Excel|Airflow|Data Warehousing|NumPy|Pandas|Python,11.69,2023-09-14,"['numpy', 'excel', 'airflow', 'data warehousing', 'pandas', 'python']"
4237,Cognizant,Data Analyst,Delhi,Remote,Contract,7,AWS|Excel|SQL|Tableau|Data Warehousing|Git|Docker|NumPy,24.35,2023-12-15,"['numpy', 'aws', 'excel', 'git', 'sql', 'data warehousing', 'tableau', 'docker']"
4238,Walmart,Analytics Engineer,Chennai,Hybrid,Full-time,3,NumPy|ETL|Statistics|Git|Power BI|Spark|Docker|SQL,10.45,2023-09-21,"['numpy', 'statistics', 'git', 'sql', 'power bi', 'spark', 'etl', 'docker']"
4239,Microsoft,Business Analyst,Bengaluru,Onsite,Full-time,5,NumPy|Data Warehousing|Excel|Airflow,18.42,2023-07-04,"['data warehousing', 'numpy', 'airflow', 'excel']"
4240,Flipkart,BI Analyst,Mumbai,Hybrid,Full-time,2,Git|AWS|Data Warehousing|SQL,8.15,2024-05-03,"['data warehousing', 'git', 'sql', 'aws']"
4241,Freshworks,Data Scientist,Delhi,Remote,Full-time,0,Statistics|Pandas|Tableau|AWS|Docker|Machine Learning|Azure,13.81,2023-08-03,"['machine learning', 'statistics', 'aws', 'pandas', 'azure', 'tableau', 'docker']"
4242,Freshworks,Senior Data Analyst,Hyderabad,Remote,Internship,2,Python|Azure|Git|Machine Learning,13.1,2024-11-29,"['git', 'python', 'machine learning', 'azure']"
4243,TCS,Business Analyst,Remote,Hybrid,Internship,6,Pandas|Power BI|Machine Learning|AWS|Excel,22.68,2024-07-24,"['machine learning', 'aws', 'excel', 'power bi', 'pandas']"
4244,TCS,Senior Data Analyst,Hyderabad,Remote,Full-time,8,Data Warehousing|Power BI|Machine Learning|SQL|Docker|AWS|Spark|Excel,28.49,2024-07-27,"['machine learning', 'aws', 'excel', 'sql', 'power bi', 'spark', 'data warehousing', 'docker']"
4245,Swiggy,Senior Data Analyst,Delhi,Remote,Contract,2,Docker|Machine Learning|Tableau|Git,13.97,2023-11-23,"['git', 'machine learning', 'tableau', 'docker']"
4246,Razorpay,Business Analyst,Delhi,Onsite,Internship,4,NumPy|AWS|ETL|Azure|Statistics,14.29,2023-05-11,"['statistics', 'numpy', 'aws', 'etl', 'azure']"
4247,Walmart,Data Analyst,Chennai,Onsite,Full-time,4,NumPy|Pandas|Excel|Power BI,14.38,2023-02-02,"['numpy', 'excel', 'power bi', 'pandas']"
4248,Infosys,Analytics Engineer,Delhi,Onsite,Internship,1,Statistics|Tableau|NumPy|ETL|Docker|Power BI|Excel,6.97,2024-11-02,"['numpy', 'statistics', 'excel', 'power bi', 'etl', 'tableau', 'docker']"
4249,TCS,BI Analyst,Bengaluru,Hybrid,Full-time,2,Machine Learning|ETL|Data Warehousing|Tableau|AWS|Spark,15.19,2023-03-27,"['machine learning', 'aws', 'spark', 'etl', 'data warehousing', 'tableau']"
4250,Accenture,Senior Data Analyst,Remote,Remote,Contract,7,Docker|Power BI|Python|ETL|Excel|SQL|AWS|Machine Learning,25.91,2023-06-16,"['machine learning', 'aws', 'excel', 'sql', 'power bi', 'etl', 'python', 'docker']"
4251,Flipkart,Senior Data Analyst,Delhi,Onsite,Full-time,5,SQL|Git|NumPy|AWS|Docker,15.43,2024-07-07,"['numpy', 'aws', 'git', 'sql', 'docker']"
4252,TCS,Data Analyst,Chennai,Onsite,Full-time,1,Git|ETL|Machine Learning|AWS|Pandas|SQL|NumPy|Azure,10.64,2023-02-19,"['machine learning', 'numpy', 'aws', 'git', 'sql', 'etl', 'pandas', 'azure']"
4253,Walmart,Senior Data Analyst,Bengaluru,Remote,Contract,4,Python|Excel|Statistics|Git|NumPy|Data Warehousing,16.38,2023-04-10,"['statistics', 'numpy', 'excel', 'git', 'data warehousing', 'python']"
4254,Razorpay,Business Analyst,Remote,Hybrid,Contract,5,Spark|Power BI|Python|Git|Docker|Tableau|NumPy,16.61,2024-04-27,"['numpy', 'git', 'power bi', 'spark', 'tableau', 'python', 'docker']"
4255,Swiggy,Business Analyst,Bengaluru,Remote,Internship,7,Machine Learning|Git|Azure|Docker|Airflow,28.14,2024-01-10,"['machine learning', 'git', 'airflow', 'azure', 'docker']"
4256,Deloitte,Data Analyst,Remote,Onsite,Full-time,6,SQL|Pandas|Data Warehousing|Power BI|AWS,17.98,2024-02-21,"['aws', 'sql', 'power bi', 'data warehousing', 'pandas']"
4257,Walmart,BI Analyst,Bengaluru,Remote,Full-time,2,Tableau|Power BI|ETL|AWS|Azure|Machine Learning,14.62,2023-03-30,"['machine learning', 'aws', 'power bi', 'etl', 'tableau', 'azure']"
4258,Paytm,Business Analyst,Pune,Hybrid,Internship,6,Statistics|Git|Python|Pandas|ETL,18.38,2023-06-28,"['statistics', 'git', 'etl', 'pandas', 'python']"
4259,Walmart,Senior Data Analyst,Pune,Hybrid,Contract,2,Pandas|Azure|Excel|Docker|Airflow,9.77,2024-11-19,"['excel', 'airflow', 'azure', 'pandas', 'docker']"
4260,Cognizant,BI Analyst,Chennai,Hybrid,Full-time,6,Power BI|Docker|AWS|SQL|Excel,20.36,2023-02-24,"['aws', 'excel', 'sql', 'power bi', 'docker']"
4261,Microsoft,BI Analyst,Pune,Onsite,Contract,5,Spark|AWS|Power BI|Docker|Tableau,16.31,2024-04-07,"['aws', 'power bi', 'spark', 'tableau', 'docker']"
4262,Freshworks,Data Scientist,Chennai,Remote,Contract,2,Docker|ETL|NumPy|SQL|Statistics,14.76,2023-10-12,"['numpy', 'statistics', 'sql', 'etl', 'docker']"
4263,Microsoft,Senior Data Analyst,Mumbai,Hybrid,Contract,2,AWS|Pandas|Spark|Python|ETL,10.41,2023-05-31,"['aws', 'spark', 'etl', 'pandas', 'python']"
4264,Paytm,Senior Data Analyst,Bengaluru,Remote,Internship,7,SQL|Airflow|Excel|Tableau|Statistics|Data Warehousing|AWS|NumPy,24.07,2024-06-07,"['statistics', 'numpy', 'aws', 'excel', 'sql', 'airflow', 'data warehousing', 'tableau']"
4265,Walmart,BI Analyst,Chennai,Hybrid,Internship,3,Tableau|Docker|Python|SQL,11.03,2024-08-02,"['sql', 'tableau', 'python', 'docker']"
4266,Infosys,Senior Data Analyst,Hyderabad,Hybrid,Internship,2,Tableau|Azure|Excel|Airflow,7.78,2023-01-24,"['airflow', 'tableau', 'azure', 'excel']"
4267,Infosys,Data Scientist,Remote,Remote,Full-time,4,Git|SQL|Spark|Machine Learning|NumPy,22.59,2024-06-08,"['machine learning', 'numpy', 'git', 'sql', 'spark']"
4268,Freshworks,Senior Data Analyst,Delhi,Remote,Contract,8,Spark|Statistics|NumPy|Excel|Pandas|Docker,25.12,2024-09-19,"['numpy', 'statistics', 'excel', 'spark', 'pandas', 'docker']"
4269,Infosys,Analytics Engineer,Mumbai,Remote,Full-time,7,Excel|Spark|ETL|Data Warehousing|Power BI|Azure,23.69,2023-11-07,"['excel', 'power bi', 'spark', 'etl', 'data warehousing', 'azure']"
4270,Paytm,BI Analyst,Mumbai,Hybrid,Internship,8,ETL|Azure|NumPy|Machine Learning|Excel,27.08,2023-03-05,"['machine learning', 'numpy', 'excel', 'etl', 'azure']"
4271,Deloitte,BI Analyst,Bengaluru,Hybrid,Contract,8,ETL|Pandas|Airflow|Data Warehousing|Tableau|Python|Machine Learning,27.52,2024-02-18,"['machine learning', 'tableau', 'airflow', 'etl', 'data warehousing', 'pandas', 'python']"
4272,Razorpay,Analytics Engineer,Remote,Onsite,Full-time,4,Tableau|Data Warehousing|Docker|AWS|ETL|Azure,13.35,2024-05-08,"['aws', 'azure', 'etl', 'data warehousing', 'tableau', 'docker']"
4273,Swiggy,Data Scientist,Delhi,Onsite,Internship,2,Azure|Pandas|Tableau|Statistics|SQL|Python|Spark,13.89,2024-01-12,"['statistics', 'sql', 'pandas', 'spark', 'tableau', 'python', 'azure']"
4274,Flipkart,Data Scientist,Remote,Hybrid,Full-time,6,Azure|Power BI|Airflow|Git|Machine Learning,25.86,2024-01-11,"['machine learning', 'git', 'airflow', 'power bi', 'azure']"
4275,Razorpay,Business Analyst,Chennai,Hybrid,Internship,0,Statistics|Airflow|SQL|Tableau|Azure|ETL|Python|Git,3.72,2023-04-21,"['statistics', 'git', 'sql', 'airflow', 'etl', 'tableau', 'python', 'azure']"
4276,Zoho,BI Analyst,Mumbai,Onsite,Full-time,2,AWS|Power BI|Azure|Python|Tableau|NumPy|Statistics|Pandas,9.2,2023-08-16,"['numpy', 'statistics', 'aws', 'power bi', 'pandas', 'tableau', 'python', 'azure']"
4277,Swiggy,Data Scientist,Remote,Onsite,Contract,8,Machine Learning|SQL|ETL|Git|Statistics|Docker|Tableau|Python,30.95,2024-09-25,"['machine learning', 'statistics', 'git', 'sql', 'etl', 'tableau', 'python', 'docker']"
4278,Amazon,Data Analyst,Pune,Remote,Full-time,8,Docker|Git|AWS|Python|Machine Learning|Statistics,28.43,2024-10-14,"['machine learning', 'statistics', 'aws', 'git', 'python', 'docker']"
4279,Zoho,BI Analyst,Bengaluru,Onsite,Contract,2,Spark|Pandas|Statistics|Excel|NumPy|Python|SQL,11.41,2024-10-29,"['numpy', 'statistics', 'excel', 'sql', 'spark', 'pandas', 'python']"
4280,Accenture,BI Analyst,Mumbai,Onsite,Internship,4,Python|Git|Data Warehousing|SQL,13.61,2024-11-22,"['data warehousing', 'git', 'python', 'sql']"
4281,Razorpay,BI Analyst,Mumbai,Hybrid,Full-time,6,Python|Airflow|SQL|Data Warehousing,18.23,2024-04-09,"['sql', 'data warehousing', 'python', 'airflow']"
4282,Accenture,Data Analyst,Remote,Onsite,Internship,7,Python|Tableau|Data Warehousing|Power BI,22.17,2023-06-23,"['data warehousing', 'tableau', 'python', 'power bi']"
4283,Walmart,BI Analyst,Bengaluru,Onsite,Full-time,8,SQL|Azure|Data Warehousing|Docker|Spark,24.73,2024-07-13,"['sql', 'docker', 'spark', 'data warehousing', 'azure']"
4284,Deloitte,Data Scientist,Pune,Remote,Full-time,6,NumPy|Machine Learning|Spark|AWS|SQL|Python|Data Warehousing|Statistics,28.7,2023-03-08,"['machine learning', 'numpy', 'statistics', 'aws', 'sql', 'spark', 'data warehousing', 'python']"
4285,Swiggy,Data Analyst,Mumbai,Onsite,Internship,4,AWS|Power BI|SQL|Airflow|Docker|NumPy|Tableau|ETL,12.96,2023-04-25,"['numpy', 'aws', 'sql', 'airflow', 'power bi', 'etl', 'tableau', 'docker']"
4286,TCS,BI Analyst,Hyderabad,Onsite,Full-time,4,Azure|Airflow|SQL|NumPy|Statistics,15.19,2024-05-11,"['numpy', 'statistics', 'sql', 'airflow', 'azure']"
4287,Swiggy,Business Analyst,Delhi,Hybrid,Internship,5,AWS|Airflow|Pandas|Git|Python|Power BI,15.47,2023-03-27,"['aws', 'git', 'airflow', 'power bi', 'pandas', 'python']"
4288,Infosys,Data Scientist,Mumbai,Hybrid,Contract,2,Machine Learning|SQL|Pandas|Spark|Statistics|Git,17.45,2023-06-24,"['machine learning', 'statistics', 'git', 'sql', 'spark', 'pandas']"
4289,Paytm,Business Analyst,Hyderabad,Onsite,Contract,4,Docker|NumPy|Tableau|Pandas|Power BI,13.89,2023-11-25,"['numpy', 'power bi', 'pandas', 'tableau', 'docker']"
4290,Amazon,Analytics Engineer,Bengaluru,Remote,Full-time,7,Tableau|NumPy|Power BI|Python|Git|Docker|ETL,25.35,2024-10-14,"['numpy', 'git', 'power bi', 'etl', 'tableau', 'python', 'docker']"
4291,Razorpay,Data Analyst,Remote,Remote,Contract,3,Data Warehousing|Docker|Statistics|NumPy,13.95,2023-10-14,"['data warehousing', 'numpy', 'statistics', 'docker']"
4292,Infosys,Analytics Engineer,Hyderabad,Remote,Internship,2,Data Warehousing|ETL|Machine Learning|Python|Statistics,12.13,2023-11-03,"['machine learning', 'statistics', 'etl', 'data warehousing', 'python']"
4293,Accenture,BI Analyst,Pune,Hybrid,Internship,3,Airflow|Docker|NumPy|ETL,11.7,2023-02-02,"['numpy', 'docker', 'etl', 'airflow']"
4294,Microsoft,Business Analyst,Bengaluru,Hybrid,Contract,6,Power BI|SQL|Excel|Airflow|Spark|Statistics,21.97,2024-09-01,"['statistics', 'excel', 'sql', 'airflow', 'power bi', 'spark']"
4295,Walmart,Senior Data Analyst,Hyderabad,Remote,Full-time,5,Machine Learning|AWS|Git|NumPy|Pandas|Statistics|Spark|SQL,22.2,2024-04-06,"['machine learning', 'numpy', 'statistics', 'aws', 'git', 'sql', 'spark', 'pandas']"
4296,Deloitte,Senior Data Analyst,Delhi,Onsite,Full-time,3,Pandas|Git|Machine Learning|Spark|AWS|Tableau,15.73,2024-04-20,"['machine learning', 'aws', 'git', 'spark', 'tableau', 'pandas']"
4297,Accenture,Business Analyst,Delhi,Hybrid,Internship,2,Airflow|Docker|Pandas|Excel|Data Warehousing|Spark|Machine Learning,12.0,2023-11-09,"['machine learning', 'excel', 'airflow', 'spark', 'data warehousing', 'pandas', 'docker']"
4298,Infosys,Senior Data Analyst,Bengaluru,Remote,Contract,6,Azure|Machine Learning|Data Warehousing|Python|Tableau|Spark,24.47,2023-04-13,"['machine learning', 'spark', 'data warehousing', 'tableau', 'python', 'azure']"
4299,Amazon,Business Analyst,Hyderabad,Onsite,Internship,6,Azure|AWS|Pandas|Tableau|Machine Learning|Airflow|Power BI,21.42,2023-12-07,"['machine learning', 'aws', 'airflow', 'power bi', 'tableau', 'pandas', 'azure']"
4300,Cognizant,Business Analyst,Remote,Remote,Contract,3,Airflow|Docker|Machine Learning|Data Warehousing|Power BI|ETL,17.39,2024-03-01,"['machine learning', 'airflow', 'power bi', 'etl', 'data warehousing', 'docker']"
4301,TCS,BI Analyst,Mumbai,Onsite,Contract,5,Excel|Python|Airflow|Tableau|Spark|AWS,15.61,2024-10-12,"['aws', 'excel', 'airflow', 'spark', 'tableau', 'python']"
4302,TCS,Data Scientist,Pune,Onsite,Full-time,6,Power BI|Spark|Azure|Statistics,24.24,2023-04-02,"['spark', 'statistics', 'azure', 'power bi']"
4303,Accenture,Data Analyst,Mumbai,Hybrid,Contract,5,Tableau|Airflow|Docker|Power BI|Data Warehousing|SQL|Pandas|ETL,16.65,2023-04-26,"['sql', 'airflow', 'power bi', 'pandas', 'etl', 'data warehousing', 'tableau', 'docker']"
4304,Paytm,Analytics Engineer,Mumbai,Hybrid,Contract,7,Azure|SQL|AWS|Airflow|ETL|NumPy|Tableau,21.09,2024-01-13,"['numpy', 'aws', 'sql', 'airflow', 'etl', 'tableau', 'azure']"
4305,Walmart,Data Scientist,Mumbai,Remote,Internship,2,Spark|Power BI|Python|Azure,13.28,2023-02-01,"['spark', 'python', 'azure', 'power bi']"
4306,Razorpay,Analytics Engineer,Hyderabad,Onsite,Contract,4,Statistics|Python|ETL|Power BI|Data Warehousing|Airflow,12.54,2024-01-20,"['statistics', 'airflow', 'power bi', 'etl', 'data warehousing', 'python']"
4307,Deloitte,BI Analyst,Bengaluru,Remote,Full-time,4,Git|Docker|Azure|Tableau|Machine Learning,19.52,2023-07-22,"['machine learning', 'git', 'docker', 'tableau', 'azure']"
4308,Amazon,BI Analyst,Pune,Hybrid,Contract,7,Statistics|Tableau|SQL|Excel|ETL|Git|Python,22.58,2024-05-30,"['statistics', 'excel', 'git', 'sql', 'etl', 'tableau', 'python']"
4309,Cognizant,Data Analyst,Chennai,Onsite,Internship,4,Machine Learning|Pandas|NumPy|Spark,16.16,2024-01-21,"['spark', 'machine learning', 'pandas', 'numpy']"
4310,Deloitte,Senior Data Analyst,Hyderabad,Remote,Contract,6,AWS|NumPy|Machine Learning|Spark,24.62,2023-03-06,"['spark', 'machine learning', 'numpy', 'aws']"
4311,Paytm,BI Analyst,Mumbai,Hybrid,Internship,4,Azure|AWS|Docker|Python|Pandas,13.92,2023-09-10,"['aws', 'azure', 'pandas', 'python', 'docker']"
4312,Flipkart,Analytics Engineer,Delhi,Hybrid,Internship,4,Azure|Excel|Airflow|Machine Learning|AWS|Statistics|Power BI,17.95,2024-04-14,"['machine learning', 'statistics', 'aws', 'excel', 'airflow', 'power bi', 'azure']"
4313,Swiggy,Analytics Engineer,Chennai,Onsite,Full-time,8,Pandas|AWS|Data Warehousing|Git|Spark,24.45,2023-10-14,"['aws', 'git', 'spark', 'data warehousing', 'pandas']"
4314,TCS,Data Analyst,Mumbai,Hybrid,Contract,0,Tableau|AWS|Azure|ETL,2.83,2024-04-29,"['tableau', 'etl', 'azure', 'aws']"
4315,Freshworks,Analytics Engineer,Delhi,Hybrid,Contract,5,Spark|NumPy|AWS|Data Warehousing|Azure|Python,17.11,2024-07-13,"['numpy', 'aws', 'spark', 'data warehousing', 'python', 'azure']"
4316,Paytm,BI Analyst,Bengaluru,Remote,Internship,2,Pandas|NumPy|Tableau|AWS|Data Warehousing|Git|Python,12.89,2023-05-11,"['numpy', 'aws', 'git', 'pandas', 'data warehousing', 'tableau', 'python']"
4317,Amazon,Senior Data Analyst,Pune,Remote,Internship,5,Azure|Pandas|Docker|Data Warehousing|ETL,17.86,2024-05-14,"['azure', 'etl', 'data warehousing', 'pandas', 'docker']"
4318,Swiggy,Data Scientist,Chennai,Remote,Full-time,3,Pandas|Spark|Power BI|Excel,18.02,2023-02-02,"['spark', 'pandas', 'excel', 'power bi']"
4319,Paytm,Business Analyst,Pune,Onsite,Full-time,1,Power BI|Git|Pandas|SQL,5.62,2024-07-24,"['git', 'pandas', 'sql', 'power bi']"
4320,Microsoft,BI Analyst,Mumbai,Hybrid,Internship,2,Pandas|Tableau|Data Warehousing|SQL|Git|NumPy,8.16,2024-05-22,"['numpy', 'git', 'sql', 'pandas', 'data warehousing', 'tableau']"
4321,Deloitte,BI Analyst,Delhi,Remote,Full-time,1,Power BI|Statistics|Pandas|Azure|AWS|Tableau|Git,8.54,2023-03-27,"['statistics', 'aws', 'git', 'power bi', 'tableau', 'pandas', 'azure']"
4322,Amazon,Senior Data Analyst,Pune,Hybrid,Full-time,4,Pandas|Azure|NumPy|Power BI|Spark|Statistics|Tableau|AWS,14.52,2023-07-26,"['numpy', 'statistics', 'aws', 'power bi', 'spark', 'tableau', 'pandas', 'azure']"
4323,Paytm,BI Analyst,Delhi,Remote,Internship,1,Python|Excel|Git|Machine Learning|NumPy,11.67,2024-05-02,"['machine learning', 'numpy', 'excel', 'git', 'python']"
4324,Infosys,Senior Data Analyst,Pune,Onsite,Internship,2,ETL|Azure|SQL|Pandas|Tableau|NumPy|Data Warehousing,9.58,2024-03-26,"['numpy', 'sql', 'pandas', 'etl', 'data warehousing', 'tableau', 'azure']"
4325,Zoho,Senior Data Analyst,Chennai,Remote,Contract,0,Airflow|Tableau|Azure|Git|Power BI|Spark|Machine Learning,8.55,2024-08-01,"['machine learning', 'git', 'airflow', 'power bi', 'spark', 'tableau', 'azure']"
4326,Razorpay,Senior Data Analyst,Chennai,Hybrid,Contract,1,AWS|Statistics|Tableau|SQL|Airflow|Docker|Spark,6.91,2024-07-08,"['statistics', 'aws', 'sql', 'airflow', 'spark', 'tableau', 'docker']"
4327,Swiggy,Senior Data Analyst,Pune,Remote,Internship,0,Airflow|Excel|SQL|Machine Learning|Python,8.97,2023-01-11,"['machine learning', 'excel', 'sql', 'airflow', 'python']"
4328,Flipkart,Business Analyst,Bengaluru,Remote,Internship,6,Pandas|Statistics|Azure|Data Warehousing|Spark,23.6,2023-05-29,"['statistics', 'spark', 'data warehousing', 'pandas', 'azure']"
4329,Razorpay,Data Scientist,Delhi,Onsite,Full-time,1,Spark|Airflow|SQL|Tableau|Data Warehousing|Python|Statistics,10.86,2024-03-24,"['statistics', 'sql', 'airflow', 'spark', 'data warehousing', 'tableau', 'python']"
4330,Razorpay,Data Scientist,Delhi,Hybrid,Contract,4,AWS|Azure|Excel|Git|Tableau|Python|Spark|Statistics,17.51,2024-11-22,"['statistics', 'aws', 'excel', 'git', 'spark', 'tableau', 'python', 'azure']"
4331,Deloitte,Data Scientist,Remote,Onsite,Full-time,7,AWS|Tableau|Azure|Excel|NumPy|Spark|Pandas,24.63,2024-02-16,"['numpy', 'aws', 'excel', 'pandas', 'spark', 'tableau', 'azure']"
4332,Swiggy,Business Analyst,Chennai,Hybrid,Contract,2,Statistics|Data Warehousing|Spark|NumPy|Tableau|Python,8.56,2024-06-01,"['statistics', 'numpy', 'spark', 'data warehousing', 'tableau', 'python']"
4333,Zoho,BI Analyst,Delhi,Hybrid,Internship,0,SQL|Pandas|Docker|Git|ETL|Python|Statistics,3.78,2024-01-31,"['statistics', 'git', 'sql', 'etl', 'pandas', 'python', 'docker']"
4334,Infosys,Data Scientist,Pune,Onsite,Contract,5,Data Warehousing|Spark|ETL|Power BI,20.26,2024-09-23,"['data warehousing', 'spark', 'etl', 'power bi']"
4335,Paytm,Senior Data Analyst,Chennai,Onsite,Full-time,5,Excel|Airflow|ETL|Data Warehousing|Statistics,17.13,2023-03-07,"['statistics', 'excel', 'airflow', 'etl', 'data warehousing']"
4336,Deloitte,Data Scientist,Mumbai,Hybrid,Internship,4,Machine Learning|NumPy|AWS|ETL,22.03,2023-11-22,"['machine learning', 'numpy', 'etl', 'aws']"
4337,Infosys,BI Analyst,Delhi,Onsite,Full-time,0,Python|Power BI|Machine Learning|Azure,8.21,2024-05-14,"['machine learning', 'python', 'azure', 'power bi']"
4338,Cognizant,BI Analyst,Pune,Onsite,Internship,3,Tableau|NumPy|Spark|Azure|AWS|Docker|Git|Power BI,10.29,2024-08-29,"['numpy', 'aws', 'git', 'docker', 'power bi', 'spark', 'tableau', 'azure']"
4339,TCS,Business Analyst,Chennai,Onsite,Contract,8,ETL|Excel|SQL|NumPy,25.04,2023-03-17,"['numpy', 'sql', 'etl', 'excel']"
4340,Paytm,Data Scientist,Delhi,Hybrid,Full-time,5,Docker|Python|SQL|Machine Learning|ETL|Data Warehousing|NumPy,24.53,2023-05-09,"['machine learning', 'numpy', 'sql', 'etl', 'data warehousing', 'python', 'docker']"
4341,Deloitte,BI Analyst,Hyderabad,Onsite,Contract,2,Power BI|Azure|Data Warehousing|ETL|Machine Learning|AWS,10.82,2024-02-18,"['machine learning', 'aws', 'power bi', 'etl', 'data warehousing', 'azure']"
4342,Amazon,Senior Data Analyst,Chennai,Remote,Full-time,1,ETL|NumPy|SQL|Tableau|Git|AWS|Statistics,6.85,2023-11-30,"['numpy', 'statistics', 'aws', 'git', 'sql', 'etl', 'tableau']"
4343,TCS,Data Scientist,Delhi,Hybrid,Full-time,7,Pandas|Spark|Data Warehousing|AWS|Tableau|Statistics|NumPy,24.28,2024-06-15,"['statistics', 'numpy', 'aws', 'spark', 'data warehousing', 'tableau', 'pandas']"
4344,TCS,Senior Data Analyst,Hyderabad,Hybrid,Internship,6,Azure|Tableau|NumPy|ETL|AWS|SQL|Statistics,19.8,2023-09-15,"['numpy', 'statistics', 'aws', 'sql', 'etl', 'tableau', 'azure']"
4345,Infosys,Data Scientist,Hyderabad,Hybrid,Contract,3,Pandas|Power BI|Docker|Spark|Tableau|Excel|SQL,14.56,2023-10-18,"['excel', 'sql', 'power bi', 'spark', 'tableau', 'pandas', 'docker']"
4346,Zoho,Data Analyst,Delhi,Hybrid,Internship,7,Docker|Git|Pandas|Statistics|Excel|Azure,22.1,2023-11-08,"['statistics', 'excel', 'git', 'azure', 'pandas', 'docker']"
4347,TCS,Senior Data Analyst,Delhi,Onsite,Contract,8,Tableau|ETL|Data Warehousing|AWS|Machine Learning,27.77,2023-12-04,"['machine learning', 'aws', 'etl', 'data warehousing', 'tableau']"
4348,Flipkart,Analytics Engineer,Hyderabad,Onsite,Internship,8,ETL|Machine Learning|Docker|Python|Airflow|Pandas|Git,25.7,2023-11-14,"['machine learning', 'git', 'airflow', 'etl', 'pandas', 'python', 'docker']"
4349,Zoho,BI Analyst,Mumbai,Remote,Internship,5,Docker|Azure|Spark|NumPy,18.57,2023-08-13,"['spark', 'numpy', 'azure', 'docker']"
4350,Swiggy,BI Analyst,Hyderabad,Hybrid,Internship,4,ETL|Data Warehousing|SQL|Tableau|Excel|Git,13.22,2024-06-15,"['excel', 'git', 'sql', 'etl', 'data warehousing', 'tableau']"
4351,Cognizant,Data Scientist,Remote,Onsite,Contract,3,Power BI|Python|NumPy|Pandas|Airflow|Statistics,16.19,2024-09-27,"['numpy', 'statistics', 'airflow', 'power bi', 'pandas', 'python']"
4352,Paytm,BI Analyst,Remote,Hybrid,Internship,6,Docker|Pandas|Spark|Airflow|Python|NumPy,17.65,2023-08-30,"['numpy', 'airflow', 'spark', 'pandas', 'python', 'docker']"
4353,Paytm,Business Analyst,Remote,Remote,Internship,3,Git|ETL|Statistics|Excel|Docker|SQL|Python,13.18,2023-07-27,"['statistics', 'excel', 'git', 'sql', 'etl', 'python', 'docker']"
4354,Paytm,BI Analyst,Bengaluru,Onsite,Full-time,1,Data Warehousing|Pandas|Spark|Python,9.75,2023-10-09,"['data warehousing', 'spark', 'pandas', 'python']"
4355,Paytm,Analytics Engineer,Pune,Onsite,Full-time,3,Data Warehousing|Pandas|Statistics|Spark|Azure|SQL,12.19,2023-05-19,"['statistics', 'sql', 'spark', 'data warehousing', 'pandas', 'azure']"
4356,Flipkart,Business Analyst,Pune,Remote,Contract,1,Docker|Airflow|NumPy|Excel,6.79,2024-05-28,"['airflow', 'numpy', 'docker', 'excel']"
4357,Swiggy,BI Analyst,Delhi,Remote,Contract,8,ETL|Git|Machine Learning|Data Warehousing|Docker|Excel|Pandas|Airflow,28.47,2023-12-31,"['machine learning', 'excel', 'git', 'airflow', 'etl', 'data warehousing', 'pandas', 'docker']"
4358,Cognizant,Data Scientist,Bengaluru,Hybrid,Full-time,7,Tableau|AWS|Docker|ETL,28.53,2024-03-02,"['tableau', 'docker', 'etl', 'aws']"
4359,Walmart,Data Scientist,Bengaluru,Remote,Full-time,0,Pandas|Statistics|Azure|Spark|AWS|Data Warehousing|SQL,11.95,2023-07-29,"['statistics', 'aws', 'sql', 'spark', 'data warehousing', 'pandas', 'azure']"
4360,Infosys,BI Analyst,Chennai,Onsite,Contract,8,Airflow|Docker|Machine Learning|Azure|AWS|Data Warehousing|Git,25.56,2023-07-11,"['machine learning', 'aws', 'git', 'docker', 'airflow', 'data warehousing', 'azure']"
4361,Microsoft,Senior Data Analyst,Bengaluru,Onsite,Internship,0,SQL|Azure|Git|Power BI|Excel,6.76,2023-02-10,"['excel', 'git', 'sql', 'power bi', 'azure']"
4362,Flipkart,BI Analyst,Chennai,Remote,Full-time,6,Tableau|Statistics|Data Warehousing|Pandas|Power BI|AWS,20.43,2023-02-24,"['statistics', 'aws', 'power bi', 'pandas', 'data warehousing', 'tableau']"
4363,Accenture,Data Scientist,Delhi,Remote,Contract,6,Python|Machine Learning|Airflow|Azure,28.27,2024-08-27,"['machine learning', 'azure', 'python', 'airflow']"
4364,Razorpay,Data Analyst,Hyderabad,Remote,Contract,4,NumPy|Docker|Machine Learning|Statistics|Data Warehousing|SQL,18.7,2024-02-26,"['machine learning', 'numpy', 'statistics', 'sql', 'data warehousing', 'docker']"
4365,Razorpay,BI Analyst,Chennai,Hybrid,Internship,2,NumPy|Azure|Excel|ETL,7.7,2023-10-15,"['numpy', 'etl', 'azure', 'excel']"
4366,Swiggy,Business Analyst,Mumbai,Remote,Full-time,1,NumPy|Data Warehousing|Azure|Excel|Machine Learning|Git,12.1,2023-09-08,"['machine learning', 'numpy', 'excel', 'git', 'data warehousing', 'azure']"
4367,Razorpay,Business Analyst,Chennai,Onsite,Contract,0,Data Warehousing|Azure|AWS|Python,2.59,2023-06-29,"['data warehousing', 'aws', 'python', 'azure']"
4368,Razorpay,Data Analyst,Hyderabad,Onsite,Full-time,7,NumPy|Airflow|Spark|Excel,21.47,2023-09-12,"['spark', 'numpy', 'airflow', 'excel']"
4369,Cognizant,Data Analyst,Bengaluru,Remote,Full-time,3,Excel|AWS|SQL|Data Warehousing|Azure|Statistics,16.2,2024-02-07,"['statistics', 'aws', 'excel', 'sql', 'data warehousing', 'azure']"
4370,Freshworks,Data Analyst,Remote,Onsite,Internship,7,AWS|Excel|Azure|Data Warehousing|Power BI|SQL|Python,20.41,2023-10-01,"['aws', 'excel', 'sql', 'power bi', 'data warehousing', 'python', 'azure']"
4371,Cognizant,Business Analyst,Pune,Remote,Full-time,1,Power BI|ETL|Airflow|Pandas|Python|Spark,7.77,2023-03-24,"['airflow', 'power bi', 'spark', 'etl', 'pandas', 'python']"
4372,Swiggy,Business Analyst,Mumbai,Hybrid,Contract,4,Machine Learning|Airflow|Docker|SQL,17.43,2024-10-10,"['sql', 'machine learning', 'docker', 'airflow']"
4373,Swiggy,Data Analyst,Pune,Hybrid,Internship,6,Pandas|ETL|SQL|Excel|Data Warehousing|Statistics|Python,19.09,2024-03-19,"['statistics', 'excel', 'sql', 'etl', 'data warehousing', 'pandas', 'python']"
4374,Paytm,BI Analyst,Pune,Onsite,Full-time,2,Git|Spark|ETL|Airflow|Statistics,10.15,2024-04-19,"['statistics', 'git', 'airflow', 'spark', 'etl']"
4375,Paytm,Business Analyst,Delhi,Hybrid,Full-time,1,NumPy|Power BI|Statistics|Data Warehousing|Spark|Airflow|Git|Python,5.03,2023-05-11,"['numpy', 'statistics', 'git', 'airflow', 'power bi', 'spark', 'data warehousing', 'python']"
4376,Amazon,Data Scientist,Mumbai,Hybrid,Full-time,7,Docker|Pandas|Spark|Excel|Data Warehousing|ETL|Power BI|Statistics,24.0,2023-01-11,"['statistics', 'excel', 'power bi', 'spark', 'etl', 'data warehousing', 'pandas', 'docker']"
4377,Microsoft,Analytics Engineer,Remote,Remote,Internship,8,Data Warehousing|SQL|NumPy|Airflow|Excel|Git|Pandas,26.21,2023-03-31,"['numpy', 'excel', 'git', 'sql', 'airflow', 'data warehousing', 'pandas']"
4378,Swiggy,Analytics Engineer,Bengaluru,Onsite,Contract,6,AWS|ETL|Spark|Excel|Data Warehousing|Git|Tableau|Power BI,21.24,2023-06-20,"['aws', 'excel', 'git', 'power bi', 'spark', 'etl', 'data warehousing', 'tableau']"
4379,Deloitte,Analytics Engineer,Delhi,Hybrid,Contract,6,ETL|Python|Azure|Git|Tableau|Statistics|Pandas|Docker,18.6,2023-10-21,"['statistics', 'git', 'docker', 'pandas', 'etl', 'tableau', 'python', 'azure']"
4380,Amazon,BI Analyst,Pune,Hybrid,Full-time,6,NumPy|Python|AWS|Power BI|Excel|Spark,17.55,2024-06-01,"['numpy', 'aws', 'excel', 'power bi', 'spark', 'python']"
4381,Accenture,Business Analyst,Chennai,Onsite,Contract,2,Pandas|Spark|Statistics|Data Warehousing|Python,7.99,2024-02-07,"['statistics', 'spark', 'data warehousing', 'pandas', 'python']"
4382,Freshworks,Business Analyst,Delhi,Remote,Internship,5,Machine Learning|Azure|Pandas|Spark,20.2,2023-10-21,"['spark', 'machine learning', 'pandas', 'azure']"
4383,Amazon,Business Analyst,Pune,Onsite,Internship,6,Pandas|Excel|Airflow|Azure|ETL|Statistics|Spark,20.44,2023-06-05,"['statistics', 'excel', 'airflow', 'spark', 'etl', 'pandas', 'azure']"
4384,Deloitte,Analytics Engineer,Remote,Remote,Contract,0,Power BI|SQL|Python|Data Warehousing|Excel|Pandas|Machine Learning,9.03,2024-03-14,"['machine learning', 'excel', 'sql', 'power bi', 'data warehousing', 'pandas', 'python']"
4385,Razorpay,Data Analyst,Remote,Remote,Full-time,7,Statistics|Airflow|AWS|Data Warehousing|Git|Tableau|Azure|Spark,22.11,2024-06-01,"['statistics', 'aws', 'git', 'airflow', 'spark', 'data warehousing', 'tableau', 'azure']"
4386,Accenture,Data Scientist,Mumbai,Remote,Contract,3,Git|Docker|Machine Learning|Data Warehousing|Tableau|ETL|NumPy|Spark,19.54,2023-05-06,"['machine learning', 'numpy', 'git', 'spark', 'etl', 'data warehousing', 'tableau', 'docker']"
4387,Freshworks,Business Analyst,Chennai,Onsite,Internship,8,Tableau|Airflow|Pandas|Power BI|Spark|Docker|Data Warehousing,24.92,2024-10-12,"['airflow', 'power bi', 'spark', 'pandas', 'data warehousing', 'tableau', 'docker']"
4388,Deloitte,Data Scientist,Mumbai,Remote,Contract,3,ETL|Statistics|Spark|Azure|Pandas|Power BI|SQL,15.58,2024-06-12,"['statistics', 'sql', 'power bi', 'spark', 'etl', 'pandas', 'azure']"
4389,Walmart,Analytics Engineer,Hyderabad,Remote,Full-time,6,NumPy|Data Warehousing|Git|Excel,21.34,2023-12-26,"['data warehousing', 'git', 'numpy', 'excel']"
4390,Infosys,Analytics Engineer,Mumbai,Onsite,Contract,6,Excel|Data Warehousing|NumPy|Azure|Docker|Git|Power BI,18.85,2024-03-26,"['numpy', 'excel', 'git', 'power bi', 'azure', 'data warehousing', 'docker']"
4391,TCS,Data Scientist,Bengaluru,Remote,Contract,7,Docker|Git|Azure|Spark|Tableau|Data Warehousing|AWS|Statistics,30.45,2023-02-16,"['statistics', 'aws', 'git', 'docker', 'spark', 'data warehousing', 'tableau', 'azure']"
4392,Microsoft,Data Scientist,Delhi,Hybrid,Full-time,7,Docker|Statistics|Tableau|Python|Pandas|Git,24.13,2024-03-10,"['statistics', 'git', 'pandas', 'tableau', 'python', 'docker']"
4393,Freshworks,Senior Data Analyst,Mumbai,Remote,Contract,2,Tableau|SQL|Spark|Data Warehousing|Docker|Power BI|Excel,10.49,2024-02-03,"['excel', 'sql', 'power bi', 'spark', 'data warehousing', 'tableau', 'docker']"
4394,Microsoft,Data Analyst,Hyderabad,Remote,Contract,8,Machine Learning|Tableau|AWS|Data Warehousing|NumPy|Airflow|SQL|ETL,27.06,2023-09-01,"['machine learning', 'numpy', 'aws', 'sql', 'airflow', 'etl', 'data warehousing', 'tableau']"
4395,Razorpay,BI Analyst,Chennai,Hybrid,Internship,2,Git|Airflow|Docker|Tableau|AWS|Machine Learning,10.94,2024-02-11,"['machine learning', 'aws', 'git', 'airflow', 'tableau', 'docker']"
4396,Walmart,Data Scientist,Delhi,Hybrid,Internship,8,SQL|Python|Statistics|Power BI|Machine Learning|Azure,30.18,2024-10-25,"['machine learning', 'statistics', 'sql', 'power bi', 'python', 'azure']"
4397,Swiggy,Data Scientist,Pune,Remote,Internship,5,Python|Data Warehousing|AWS|Git|Airflow|Docker|Machine Learning|NumPy,25.21,2023-10-02,"['machine learning', 'numpy', 'aws', 'git', 'airflow', 'data warehousing', 'python', 'docker']"
4398,Swiggy,Senior Data Analyst,Remote,Hybrid,Contract,0,Power BI|Machine Learning|AWS|Python|Excel|ETL,6.17,2024-09-13,"['machine learning', 'aws', 'excel', 'power bi', 'etl', 'python']"
4399,Zoho,Senior Data Analyst,Mumbai,Remote,Contract,4,AWS|Azure|Tableau|NumPy|Excel,14.3,2023-03-04,"['numpy', 'aws', 'excel', 'tableau', 'azure']"
4400,Swiggy,BI Analyst,Remote,Hybrid,Full-time,7,Excel|Data Warehousing|Power BI|Git|Spark|NumPy|ETL,22.02,2023-11-28,"['numpy', 'excel', 'git', 'power bi', 'spark', 'etl', 'data warehousing']"
4401,Swiggy,Business Analyst,Pune,Hybrid,Contract,0,Excel|ETL|Python|Power BI,2.68,2024-05-02,"['python', 'etl', 'power bi', 'excel']"
4402,Zoho,Analytics Engineer,Hyderabad,Remote,Full-time,7,Statistics|SQL|Git|Pandas|ETL|Excel|Docker,23.45,2024-11-24,"['statistics', 'excel', 'git', 'sql', 'etl', 'pandas', 'docker']"
4403,Cognizant,Data Analyst,Bengaluru,Hybrid,Internship,6,Power BI|Excel|Airflow|Python|Statistics|Pandas|Docker|Azure,22.08,2024-09-24,"['statistics', 'excel', 'airflow', 'power bi', 'azure', 'pandas', 'python', 'docker']"
4404,Walmart,Data Analyst,Delhi,Onsite,Contract,5,Data Warehousing|Spark|Git|AWS|Tableau|Docker,15.43,2023-09-22,"['aws', 'git', 'spark', 'data warehousing', 'tableau', 'docker']"
4405,Cognizant,Senior Data Analyst,Delhi,Remote,Full-time,5,Azure|Pandas|Tableau|Power BI|Docker|SQL|Excel,17.43,2023-03-27,"['excel', 'sql', 'pandas', 'power bi', 'azure', 'tableau', 'docker']"
4406,Infosys,Analytics Engineer,Hyderabad,Onsite,Contract,5,Git|Airflow|AWS|Data Warehousing,15.72,2023-03-23,"['aws', 'git', 'data warehousing', 'airflow']"
4407,Swiggy,BI Analyst,Mumbai,Hybrid,Full-time,5,SQL|ETL|Python|Pandas|Spark|Azure|Airflow|NumPy,15.2,2024-03-17,"['numpy', 'sql', 'airflow', 'spark', 'etl', 'pandas', 'python', 'azure']"
4408,Paytm,BI Analyst,Delhi,Remote,Full-time,1,Excel|ETL|Data Warehousing|Python,6.84,2024-04-09,"['data warehousing', 'python', 'etl', 'excel']"
4409,Cognizant,Data Analyst,Remote,Remote,Internship,6,Statistics|Excel|SQL|ETL|Pandas|Power BI|Machine Learning|Data Warehousing,23.81,2024-08-17,"['machine learning', 'statistics', 'excel', 'sql', 'power bi', 'etl', 'data warehousing', 'pandas']"
4410,TCS,BI Analyst,Chennai,Onsite,Contract,2,Statistics|Python|Airflow|Azure|Power BI|Machine Learning|Excel|ETL,12.01,2023-02-18,"['machine learning', 'statistics', 'excel', 'airflow', 'power bi', 'etl', 'python', 'azure']"
4411,Swiggy,BI Analyst,Chennai,Remote,Internship,0,NumPy|Tableau|AWS|SQL|Power BI|Azure|Data Warehousing|Python,5.64,2024-06-24,"['numpy', 'aws', 'sql', 'power bi', 'data warehousing', 'tableau', 'python', 'azure']"
4412,Flipkart,BI Analyst,Mumbai,Hybrid,Full-time,5,Power BI|Machine Learning|Excel|Python|AWS|Tableau,20.97,2024-04-15,"['machine learning', 'aws', 'excel', 'power bi', 'tableau', 'python']"
4413,Flipkart,Analytics Engineer,Pune,Onsite,Full-time,2,SQL|Spark|Excel|Machine Learning|Statistics|Git|Docker,11.7,2023-06-06,"['machine learning', 'statistics', 'excel', 'git', 'sql', 'spark', 'docker']"
4414,Walmart,Data Analyst,Delhi,Hybrid,Full-time,0,Airflow|Python|AWS|Azure|Excel|Data Warehousing,2.82,2023-01-11,"['aws', 'excel', 'airflow', 'data warehousing', 'python', 'azure']"
4415,Walmart,Business Analyst,Pune,Onsite,Full-time,3,SQL|Docker|NumPy|Azure|Pandas|Git,12.96,2024-01-04,"['numpy', 'git', 'sql', 'docker', 'pandas', 'azure']"
4416,Walmart,Senior Data Analyst,Mumbai,Onsite,Internship,0,Spark|Data Warehousing|ETL|Statistics|NumPy|Pandas|Docker|Machine Learning,7.91,2024-08-09,"['machine learning', 'numpy', 'statistics', 'spark', 'etl', 'data warehousing', 'pandas', 'docker']"
4417,Amazon,Business Analyst,Bengaluru,Remote,Full-time,1,AWS|ETL|Excel|Tableau|Statistics|Power BI|Data Warehousing|Azure,9.48,2023-06-06,"['statistics', 'aws', 'excel', 'power bi', 'etl', 'data warehousing', 'tableau', 'azure']"
4418,Freshworks,Data Scientist,Pune,Hybrid,Full-time,6,Tableau|Python|Power BI|Statistics,21.71,2023-11-12,"['tableau', 'python', 'statistics', 'power bi']"
4419,Accenture,Senior Data Analyst,Mumbai,Onsite,Internship,3,Power BI|Tableau|SQL|Docker|Azure,11.31,2024-03-02,"['sql', 'docker', 'power bi', 'tableau', 'azure']"
4420,Deloitte,Business Analyst,Bengaluru,Remote,Contract,3,Git|NumPy|Azure|Machine Learning|SQL|Tableau|Spark,17.23,2023-09-27,"['machine learning', 'numpy', 'git', 'sql', 'spark', 'tableau', 'azure']"
4421,Microsoft,Business Analyst,Mumbai,Hybrid,Contract,3,Python|NumPy|Excel|ETL|Tableau|Airflow|Power BI,11.9,2024-01-09,"['numpy', 'excel', 'airflow', 'power bi', 'etl', 'tableau', 'python']"
4422,Infosys,Senior Data Analyst,Mumbai,Onsite,Internship,6,Airflow|Docker|Data Warehousing|Machine Learning|Python|Spark|Azure|Pandas,20.65,2024-01-04,"['machine learning', 'airflow', 'spark', 'azure', 'data warehousing', 'pandas', 'python', 'docker']"
4423,TCS,Analytics Engineer,Remote,Onsite,Full-time,5,Tableau|Azure|Statistics|Docker|Pandas,17.56,2023-10-04,"['statistics', 'pandas', 'azure', 'tableau', 'docker']"
4424,Swiggy,Data Scientist,Pune,Remote,Internship,8,Git|Tableau|Machine Learning|Azure|Python|Statistics,33.4,2024-09-26,"['machine learning', 'statistics', 'git', 'tableau', 'python', 'azure']"
4425,Zoho,Data Analyst,Chennai,Hybrid,Internship,4,Data Warehousing|Tableau|Pandas|Azure|Airflow|Docker|SQL|Excel,12.78,2024-09-02,"['excel', 'docker', 'sql', 'airflow', 'pandas', 'data warehousing', 'tableau', 'azure']"
4426,Walmart,Analytics Engineer,Chennai,Hybrid,Contract,5,Tableau|Git|SQL|Python|Docker|NumPy,15.42,2024-02-10,"['numpy', 'git', 'sql', 'tableau', 'python', 'docker']"
4427,Paytm,BI Analyst,Remote,Remote,Contract,8,Spark|AWS|Docker|Airflow|Pandas|Azure|Git|Tableau,25.2,2024-05-24,"['aws', 'git', 'airflow', 'spark', 'azure', 'tableau', 'pandas', 'docker']"
4428,Amazon,BI Analyst,Chennai,Onsite,Full-time,6,Spark|SQL|Power BI|Azure|Tableau|Excel,20.18,2024-07-28,"['excel', 'sql', 'power bi', 'spark', 'tableau', 'azure']"
4429,TCS,BI Analyst,Mumbai,Remote,Full-time,2,Airflow|Docker|Excel|Machine Learning|Git,13.58,2024-02-06,"['machine learning', 'excel', 'git', 'airflow', 'docker']"
4430,Infosys,Senior Data Analyst,Chennai,Remote,Full-time,6,Data Warehousing|Statistics|NumPy|Tableau|Spark,20.98,2023-07-31,"['numpy', 'statistics', 'spark', 'data warehousing', 'tableau']"
4431,TCS,Data Analyst,Chennai,Hybrid,Full-time,5,NumPy|Power BI|Azure|Tableau,17.45,2024-03-30,"['tableau', 'numpy', 'azure', 'power bi']"
4432,Swiggy,Business Analyst,Pune,Onsite,Internship,7,AWS|ETL|Tableau|Excel|Docker|Statistics|Data Warehousing|Git,20.53,2024-09-27,"['statistics', 'aws', 'excel', 'git', 'etl', 'data warehousing', 'tableau', 'docker']"
4433,Paytm,Data Analyst,Mumbai,Hybrid,Internship,7,Power BI|Docker|Machine Learning|Data Warehousing|ETL|Pandas|Git,25.84,2023-10-07,"['machine learning', 'git', 'power bi', 'etl', 'data warehousing', 'pandas', 'docker']"
4434,Freshworks,Business Analyst,Pune,Hybrid,Full-time,1,Azure|ETL|Excel|Python|Machine Learning,8.82,2024-04-07,"['machine learning', 'excel', 'etl', 'python', 'azure']"
4435,Freshworks,Analytics Engineer,Pune,Hybrid,Full-time,7,Docker|Tableau|Spark|Statistics|Pandas,21.46,2024-08-08,"['statistics', 'pandas', 'spark', 'tableau', 'docker']"
4436,Flipkart,BI Analyst,Bengaluru,Remote,Full-time,1,Statistics|AWS|Excel|Power BI|Pandas|SQL|Spark|Machine Learning,12.28,2023-11-17,"['machine learning', 'statistics', 'aws', 'excel', 'sql', 'power bi', 'spark', 'pandas']"
4437,Deloitte,Analytics Engineer,Hyderabad,Hybrid,Contract,2,Tableau|Spark|Git|Power BI|Machine Learning|NumPy,11.25,2023-03-10,"['machine learning', 'numpy', 'git', 'power bi', 'spark', 'tableau']"
4438,Flipkart,Data Analyst,Chennai,Hybrid,Contract,7,Airflow|Machine Learning|AWS|SQL,23.64,2023-09-09,"['aws', 'machine learning', 'sql', 'airflow']"
4439,Microsoft,Data Scientist,Mumbai,Onsite,Full-time,5,Python|Tableau|Docker|Pandas|NumPy,20.31,2024-11-20,"['numpy', 'pandas', 'tableau', 'python', 'docker']"
4440,Deloitte,BI Analyst,Pune,Hybrid,Full-time,4,Spark|ETL|Tableau|Git,13.31,2024-09-25,"['spark', 'git', 'tableau', 'etl']"
4441,TCS,Business Analyst,Bengaluru,Hybrid,Internship,4,ETL|Power BI|Python|AWS,16.22,2024-05-08,"['python', 'etl', 'aws', 'power bi']"
4442,Paytm,Data Analyst,Mumbai,Remote,Full-time,4,Tableau|AWS|ETL|Pandas|SQL|Excel,15.08,2024-06-28,"['aws', 'excel', 'sql', 'pandas', 'etl', 'tableau']"
4443,Zoho,Analytics Engineer,Mumbai,Hybrid,Full-time,7,Airflow|SQL|Docker|Statistics|Power BI,22.18,2024-06-13,"['statistics', 'sql', 'airflow', 'power bi', 'docker']"
4444,Accenture,Analytics Engineer,Chennai,Remote,Full-time,4,Data Warehousing|Power BI|NumPy|Docker|Machine Learning,19.57,2023-06-23,"['machine learning', 'numpy', 'power bi', 'data warehousing', 'docker']"
4445,Infosys,Data Scientist,Chennai,Hybrid,Full-time,0,SQL|Git|ETL|Python|Airflow|Excel|NumPy|Spark,7.21,2024-11-09,"['numpy', 'excel', 'git', 'sql', 'airflow', 'spark', 'etl', 'python']"
4446,Walmart,BI Analyst,Mumbai,Onsite,Full-time,0,Spark|Tableau|Azure|AWS|Docker|Python,4.04,2023-08-25,"['aws', 'docker', 'spark', 'tableau', 'python', 'azure']"
4447,Accenture,Data Analyst,Remote,Hybrid,Full-time,0,ETL|Airflow|Tableau|Spark|Power BI,3.0,2024-05-23,"['airflow', 'power bi', 'spark', 'etl', 'tableau']"
4448,Flipkart,BI Analyst,Pune,Onsite,Contract,5,Machine Learning|NumPy|Power BI|Azure,19.76,2023-09-24,"['machine learning', 'numpy', 'azure', 'power bi']"
4449,Flipkart,Business Analyst,Remote,Remote,Full-time,5,Azure|Excel|Power BI|NumPy|Airflow,17.28,2023-07-30,"['numpy', 'excel', 'airflow', 'power bi', 'azure']"
4450,Cognizant,Senior Data Analyst,Remote,Remote,Contract,3,Git|NumPy|Airflow|Excel|Pandas|SQL|Tableau|Data Warehousing,12.8,2023-05-29,"['numpy', 'excel', 'git', 'sql', 'airflow', 'data warehousing', 'tableau', 'pandas']"
4451,Swiggy,Data Analyst,Chennai,Onsite,Internship,6,Python|Git|Power BI|Statistics,18.44,2023-09-22,"['git', 'statistics', 'python', 'power bi']"
4452,Cognizant,Data Scientist,Bengaluru,Remote,Contract,3,Airflow|AWS|SQL|Data Warehousing,20.06,2023-07-24,"['aws', 'data warehousing', 'sql', 'airflow']"
4453,Infosys,Senior Data Analyst,Pune,Onsite,Internship,6,SQL|Pandas|Spark|ETL|Excel|Power BI,18.74,2024-07-06,"['excel', 'sql', 'power bi', 'spark', 'etl', 'pandas']"
4454,Amazon,Analytics Engineer,Mumbai,Remote,Contract,2,NumPy|Machine Learning|Tableau|Pandas|Statistics,13.61,2024-09-03,"['machine learning', 'numpy', 'statistics', 'pandas', 'tableau']"
4455,Flipkart,Analytics Engineer,Chennai,Hybrid,Internship,4,Pandas|Excel|Data Warehousing|SQL|Azure|Statistics,13.03,2023-10-05,"['statistics', 'excel', 'sql', 'data warehousing', 'pandas', 'azure']"
4456,Paytm,BI Analyst,Remote,Remote,Contract,7,Airflow|Spark|Pandas|SQL|Power BI|Machine Learning,27.16,2024-11-18,"['machine learning', 'sql', 'airflow', 'power bi', 'spark', 'pandas']"
4457,Swiggy,BI Analyst,Hyderabad,Onsite,Full-time,3,NumPy|Docker|Statistics|Data Warehousing|ETL|Pandas|Git|Python,10.01,2023-06-21,"['numpy', 'statistics', 'git', 'etl', 'data warehousing', 'pandas', 'python', 'docker']"
4458,Razorpay,Data Scientist,Delhi,Remote,Contract,1,Statistics|ETL|Pandas|Airflow|Tableau,11.29,2023-03-17,"['statistics', 'airflow', 'pandas', 'etl', 'tableau']"
4459,Microsoft,Senior Data Analyst,Chennai,Hybrid,Internship,8,Azure|AWS|Data Warehousing|Airflow|Docker,24.19,2024-06-23,"['aws', 'docker', 'airflow', 'data warehousing', 'azure']"
4460,Amazon,Data Scientist,Remote,Hybrid,Contract,3,Docker|NumPy|Machine Learning|Spark|Power BI|Pandas|Airflow|Data Warehousing,17.11,2023-07-16,"['machine learning', 'numpy', 'airflow', 'power bi', 'spark', 'data warehousing', 'pandas', 'docker']"
4461,Razorpay,Data Scientist,Delhi,Hybrid,Contract,3,Pandas|Power BI|Data Warehousing|SQL|Statistics|Tableau,15.14,2023-01-22,"['statistics', 'tableau', 'sql', 'power bi', 'data warehousing', 'pandas']"
4462,Infosys,Analytics Engineer,Pune,Onsite,Full-time,2,ETL|Tableau|Pandas|Statistics|Airflow|Git,9.14,2024-11-11,"['statistics', 'git', 'airflow', 'pandas', 'etl', 'tableau']"
4463,Amazon,Data Analyst,Delhi,Onsite,Full-time,3,Pandas|Data Warehousing|Git|SQL,11.75,2024-01-08,"['data warehousing', 'git', 'pandas', 'sql']"
4464,Microsoft,Business Analyst,Chennai,Onsite,Contract,1,Data Warehousing|Statistics|Power BI|Tableau|Git|Machine Learning|Pandas,10.93,2023-06-18,"['machine learning', 'statistics', 'git', 'power bi', 'pandas', 'data warehousing', 'tableau']"
4465,Paytm,Business Analyst,Bengaluru,Hybrid,Full-time,2,Excel|Tableau|Data Warehousing|Git|Pandas|ETL|Statistics,9.61,2023-11-26,"['statistics', 'excel', 'git', 'pandas', 'etl', 'data warehousing', 'tableau']"
4466,Paytm,Analytics Engineer,Delhi,Onsite,Full-time,6,Git|ETL|Machine Learning|Data Warehousing|Airflow|Python|SQL,21.56,2024-09-12,"['machine learning', 'git', 'sql', 'airflow', 'etl', 'data warehousing', 'python']"
4467,Flipkart,Business Analyst,Hyderabad,Hybrid,Internship,2,AWS|Pandas|Tableau|Power BI|Spark|Azure|NumPy,9.88,2024-02-29,"['numpy', 'aws', 'pandas', 'spark', 'power bi', 'tableau', 'azure']"
4468,TCS,Data Scientist,Delhi,Onsite,Contract,0,NumPy|Airflow|Docker|Spark|AWS,6.61,2023-12-16,"['numpy', 'aws', 'airflow', 'spark', 'docker']"
4469,Flipkart,Data Analyst,Chennai,Hybrid,Internship,7,Pandas|NumPy|Spark|Machine Learning|SQL,24.02,2024-04-09,"['machine learning', 'numpy', 'sql', 'spark', 'pandas']"
4470,Paytm,Data Scientist,Chennai,Onsite,Internship,7,Pandas|Airflow|Python|Power BI|Tableau|Data Warehousing|NumPy,25.75,2023-01-15,"['numpy', 'airflow', 'pandas', 'power bi', 'data warehousing', 'tableau', 'python']"
4471,Zoho,Analytics Engineer,Delhi,Remote,Contract,8,Data Warehousing|Power BI|AWS|Spark|Pandas|Python|Statistics,25.49,2024-08-05,"['statistics', 'aws', 'power bi', 'spark', 'data warehousing', 'pandas', 'python']"
4472,TCS,Analytics Engineer,Chennai,Hybrid,Full-time,3,Tableau|Data Warehousing|Git|Azure|AWS|Excel|Machine Learning|Statistics,13.52,2024-11-06,"['machine learning', 'statistics', 'aws', 'excel', 'git', 'data warehousing', 'tableau', 'azure']"
4473,Freshworks,Analytics Engineer,Chennai,Onsite,Internship,0,Excel|AWS|SQL|Pandas,5.04,2023-12-01,"['pandas', 'sql', 'aws', 'excel']"
4474,Razorpay,BI Analyst,Hyderabad,Remote,Contract,3,NumPy|Azure|Tableau|Git|Power BI|Statistics|Python,13.94,2024-09-11,"['numpy', 'statistics', 'git', 'power bi', 'tableau', 'python', 'azure']"
4475,Accenture,BI Analyst,Bengaluru,Hybrid,Internship,6,Docker|Spark|Data Warehousing|Machine Learning|ETL|Excel|Tableau|SQL,25.24,2023-03-02,"['machine learning', 'excel', 'sql', 'spark', 'etl', 'data warehousing', 'tableau', 'docker']"
4476,Zoho,Data Scientist,Hyderabad,Remote,Contract,6,Power BI|AWS|Spark|ETL|Excel|Statistics,25.2,2024-12-01,"['statistics', 'aws', 'excel', 'power bi', 'spark', 'etl']"
4477,Paytm,Data Scientist,Pune,Onsite,Internship,3,Python|Azure|Pandas|Statistics,14.14,2023-07-29,"['pandas', 'python', 'statistics', 'azure']"
4478,Deloitte,Data Analyst,Remote,Hybrid,Internship,2,Azure|Docker|Python|Machine Learning|Data Warehousing|ETL|AWS,11.65,2024-04-07,"['machine learning', 'aws', 'azure', 'etl', 'data warehousing', 'python', 'docker']"
4479,Accenture,Business Analyst,Chennai,Hybrid,Contract,5,AWS|NumPy|Excel|Power BI|Tableau|SQL|Git|Data Warehousing,17.23,2023-06-22,"['numpy', 'aws', 'excel', 'git', 'sql', 'power bi', 'data warehousing', 'tableau']"
4480,Deloitte,Data Scientist,Mumbai,Onsite,Full-time,8,SQL|Docker|Power BI|Azure|Airflow|Python|AWS,26.63,2023-10-07,"['aws', 'sql', 'docker', 'airflow', 'power bi', 'python', 'azure']"
4481,Deloitte,Data Scientist,Chennai,Onsite,Full-time,1,Tableau|AWS|Spark|SQL|Excel|Python,10.05,2024-11-12,"['aws', 'excel', 'sql', 'spark', 'tableau', 'python']"
4482,Razorpay,Data Scientist,Pune,Onsite,Full-time,3,ETL|Machine Learning|Spark|Power BI|AWS|Git,18.24,2023-03-15,"['machine learning', 'aws', 'git', 'power bi', 'spark', 'etl']"
4483,Cognizant,Business Analyst,Hyderabad,Remote,Contract,6,Git|Excel|Pandas|Spark|ETL|Docker,21.22,2023-07-02,"['excel', 'git', 'spark', 'etl', 'pandas', 'docker']"
4484,Microsoft,Senior Data Analyst,Bengaluru,Hybrid,Full-time,3,Airflow|Python|Docker|Excel|Power BI|Git|ETL|Machine Learning,17.12,2023-10-11,"['machine learning', 'excel', 'git', 'airflow', 'power bi', 'etl', 'python', 'docker']"
4485,Infosys,Senior Data Analyst,Remote,Onsite,Internship,3,Airflow|Azure|Data Warehousing|ETL|Power BI|Statistics|NumPy|Machine Learning,14.71,2024-07-15,"['machine learning', 'statistics', 'numpy', 'airflow', 'power bi', 'etl', 'data warehousing', 'azure']"
4486,Microsoft,Analytics Engineer,Pune,Onsite,Full-time,1,Excel|AWS|Airflow|Git|NumPy,7.65,2024-07-03,"['numpy', 'aws', 'excel', 'git', 'airflow']"
4487,Cognizant,Analytics Engineer,Remote,Hybrid,Contract,7,Pandas|Python|AWS|Airflow,22.12,2024-09-13,"['airflow', 'pandas', 'python', 'aws']"
4488,Amazon,Data Scientist,Chennai,Remote,Full-time,3,Tableau|Azure|AWS|SQL|Docker|Statistics,16.21,2024-03-26,"['statistics', 'aws', 'sql', 'docker', 'tableau', 'azure']"
4489,Infosys,Business Analyst,Mumbai,Hybrid,Full-time,5,Statistics|ETL|AWS|Data Warehousing|Python,15.93,2024-10-24,"['statistics', 'aws', 'etl', 'data warehousing', 'python']"
4490,Accenture,BI Analyst,Bengaluru,Hybrid,Contract,7,Git|Pandas|Airflow|ETL|Tableau|Statistics,22.11,2023-04-28,"['statistics', 'git', 'airflow', 'pandas', 'etl', 'tableau']"
4491,Cognizant,Business Analyst,Chennai,Hybrid,Contract,3,Python|Data Warehousing|Tableau|Docker|Power BI,12.74,2024-03-01,"['power bi', 'data warehousing', 'tableau', 'python', 'docker']"
4492,Cognizant,BI Analyst,Chennai,Onsite,Internship,4,NumPy|Statistics|SQL|Git,13.74,2023-08-21,"['git', 'numpy', 'sql', 'statistics']"
4493,Microsoft,Senior Data Analyst,Bengaluru,Hybrid,Internship,8,Pandas|Excel|NumPy|Azure|Git|Tableau,27.15,2023-01-19,"['numpy', 'excel', 'git', 'tableau', 'pandas', 'azure']"
4494,Paytm,Analytics Engineer,Remote,Hybrid,Contract,0,AWS|Tableau|ETL|SQL|Pandas,3.53,2024-01-24,"['aws', 'sql', 'pandas', 'etl', 'tableau']"
4495,Swiggy,BI Analyst,Chennai,Onsite,Full-time,1,Airflow|AWS|NumPy|Spark|Tableau,7.78,2023-11-29,"['numpy', 'aws', 'airflow', 'spark', 'tableau']"
4496,Deloitte,Business Analyst,Hyderabad,Hybrid,Internship,8,NumPy|Excel|Git|Pandas|Azure,24.48,2023-07-11,"['numpy', 'excel', 'git', 'pandas', 'azure']"
4497,Amazon,Analytics Engineer,Chennai,Remote,Contract,7,NumPy|Machine Learning|AWS|Docker|Data Warehousing|Pandas|Statistics|Azure,27.5,2023-08-15,"['machine learning', 'numpy', 'statistics', 'aws', 'azure', 'data warehousing', 'pandas', 'docker']"
4498,Amazon,Business Analyst,Bengaluru,Onsite,Full-time,1,ETL|Python|Azure|NumPy|Excel|Data Warehousing|Docker|Airflow,9.79,2024-10-18,"['numpy', 'excel', 'docker', 'airflow', 'etl', 'data warehousing', 'python', 'azure']"
4499,Infosys,Senior Data Analyst,Mumbai,Onsite,Contract,4,Excel|AWS|Data Warehousing|Statistics,15.15,2024-04-08,"['data warehousing', 'statistics', 'aws', 'excel']"
4500,TCS,Data Analyst,Chennai,Remote,Internship,1,NumPy|Excel|Statistics|Azure|Python|Tableau|Docker,7.26,2023-01-17,"['numpy', 'statistics', 'excel', 'docker', 'tableau', 'python', 'azure']"
4501,TCS,Senior Data Analyst,Hyderabad,Remote,Contract,2,Airflow|NumPy|Docker|ETL|Excel|Power BI|Statistics,9.56,2024-02-20,"['numpy', 'statistics', 'excel', 'airflow', 'power bi', 'etl', 'docker']"
4502,Cognizant,Data Scientist,Remote,Hybrid,Internship,5,NumPy|Airflow|Statistics|Data Warehousing|Machine Learning|Azure,24.87,2024-05-05,"['machine learning', 'numpy', 'statistics', 'airflow', 'data warehousing', 'azure']"
4503,Swiggy,Senior Data Analyst,Bengaluru,Onsite,Full-time,6,Pandas|Airflow|AWS|Machine Learning|NumPy|Spark|Tableau,23.2,2023-08-14,"['machine learning', 'numpy', 'aws', 'airflow', 'spark', 'tableau', 'pandas']"
4504,TCS,BI Analyst,Delhi,Hybrid,Full-time,8,Excel|Tableau|Docker|Statistics|Python|Power BI|Azure|NumPy,24.31,2024-01-30,"['statistics', 'numpy', 'excel', 'power bi', 'azure', 'tableau', 'python', 'docker']"
4505,Swiggy,Senior Data Analyst,Bengaluru,Hybrid,Internship,4,Tableau|Spark|SQL|Excel|ETL|Statistics|Pandas|NumPy,14.62,2023-08-02,"['statistics', 'numpy', 'excel', 'sql', 'pandas', 'spark', 'etl', 'tableau']"
4506,Deloitte,Senior Data Analyst,Hyderabad,Onsite,Internship,5,Airflow|Python|Docker|NumPy|Machine Learning,19.38,2023-11-17,"['machine learning', 'numpy', 'airflow', 'python', 'docker']"
4507,Cognizant,BI Analyst,Delhi,Hybrid,Full-time,1,Power BI|Python|AWS|NumPy|Docker|SQL,5.51,2023-07-14,"['numpy', 'aws', 'sql', 'power bi', 'python', 'docker']"
4508,Infosys,Data Scientist,Pune,Remote,Contract,5,Data Warehousing|SQL|Git|Machine Learning|Docker|Pandas|Python,24.07,2023-08-16,"['machine learning', 'git', 'sql', 'data warehousing', 'pandas', 'python', 'docker']"
4509,Infosys,Data Scientist,Pune,Onsite,Full-time,7,Power BI|Pandas|Python|Data Warehousing,26.49,2024-10-27,"['data warehousing', 'pandas', 'python', 'power bi']"
4510,Infosys,Business Analyst,Delhi,Onsite,Full-time,8,Azure|Tableau|Spark|Data Warehousing|Power BI|AWS,23.89,2023-05-31,"['aws', 'power bi', 'spark', 'data warehousing', 'tableau', 'azure']"
4511,Paytm,Data Analyst,Mumbai,Remote,Internship,3,Spark|Excel|Tableau|Git|AWS,12.58,2023-04-19,"['aws', 'excel', 'git', 'spark', 'tableau']"
4512,Freshworks,Data Analyst,Mumbai,Onsite,Contract,3,ETL|Data Warehousing|Git|Airflow|Tableau|Machine Learning|Azure|Statistics,14.65,2024-04-24,"['machine learning', 'statistics', 'git', 'airflow', 'etl', 'data warehousing', 'tableau', 'azure']"
4513,Accenture,BI Analyst,Delhi,Hybrid,Contract,8,Statistics|Airflow|Python|Azure|Machine Learning,25.89,2024-01-28,"['machine learning', 'statistics', 'airflow', 'python', 'azure']"
4514,Amazon,Senior Data Analyst,Pune,Hybrid,Full-time,1,Machine Learning|Data Warehousing|Airflow|ETL|NumPy|Pandas,8.07,2024-02-17,"['machine learning', 'numpy', 'airflow', 'etl', 'data warehousing', 'pandas']"
4515,TCS,Data Analyst,Mumbai,Remote,Full-time,6,Power BI|AWS|Azure|Git|Machine Learning|Docker|Excel|ETL,23.76,2024-03-25,"['machine learning', 'aws', 'excel', 'git', 'docker', 'power bi', 'etl', 'azure']"
4516,Amazon,Data Analyst,Hyderabad,Remote,Full-time,2,Data Warehousing|Power BI|SQL|Tableau|Python|Airflow|Machine Learning|Excel,13.76,2023-10-24,"['machine learning', 'excel', 'sql', 'airflow', 'power bi', 'data warehousing', 'tableau', 'python']"
4517,Infosys,Analytics Engineer,Hyderabad,Onsite,Contract,8,Power BI|Git|AWS|NumPy,24.38,2023-01-02,"['git', 'numpy', 'aws', 'power bi']"
4518,Freshworks,Senior Data Analyst,Remote,Onsite,Full-time,5,AWS|Data Warehousing|Tableau|Docker,15.29,2024-08-27,"['data warehousing', 'tableau', 'docker', 'aws']"
4519,Razorpay,Analytics Engineer,Remote,Onsite,Internship,8,Excel|Machine Learning|Azure|Data Warehousing,27.85,2023-03-30,"['data warehousing', 'machine learning', 'azure', 'excel']"
4520,Walmart,BI Analyst,Remote,Hybrid,Internship,3,Pandas|Machine Learning|Docker|Python|ETL|Spark|Airflow,13.34,2024-11-01,"['machine learning', 'airflow', 'spark', 'etl', 'pandas', 'python', 'docker']"
4521,Freshworks,BI Analyst,Delhi,Hybrid,Full-time,3,Statistics|Tableau|ETL|Data Warehousing|Python,12.14,2023-10-29,"['statistics', 'etl', 'data warehousing', 'tableau', 'python']"
4522,Swiggy,Data Analyst,Chennai,Onsite,Internship,3,Docker|Pandas|Power BI|NumPy|Spark|ETL|AWS,10.98,2024-01-04,"['numpy', 'aws', 'power bi', 'spark', 'etl', 'pandas', 'docker']"
4523,Zoho,Business Analyst,Bengaluru,Onsite,Internship,8,Power BI|Docker|Tableau|Pandas|Statistics|Machine Learning,28.35,2023-10-12,"['machine learning', 'statistics', 'power bi', 'tableau', 'pandas', 'docker']"
4524,Razorpay,BI Analyst,Bengaluru,Onsite,Internship,6,Machine Learning|ETL|SQL|Docker|Tableau|Power BI|Azure|AWS,22.68,2023-07-02,"['machine learning', 'aws', 'sql', 'power bi', 'azure', 'etl', 'tableau', 'docker']"
4525,TCS,Data Scientist,Chennai,Remote,Full-time,1,Data Warehousing|Azure|ETL|SQL|Docker|Machine Learning,16.25,2023-02-24,"['machine learning', 'sql', 'docker', 'etl', 'data warehousing', 'azure']"
4526,Flipkart,Senior Data Analyst,Chennai,Onsite,Contract,6,Excel|NumPy|Airflow|Spark,19.4,2024-08-29,"['spark', 'numpy', 'airflow', 'excel']"
4527,Flipkart,Analytics Engineer,Delhi,Onsite,Contract,2,Python|Tableau|Airflow|Excel|Data Warehousing|Machine Learning|SQL|Power BI,11.79,2023-03-25,"['machine learning', 'excel', 'sql', 'airflow', 'power bi', 'data warehousing', 'tableau', 'python']"
4528,Deloitte,BI Analyst,Hyderabad,Hybrid,Internship,6,SQL|Excel|Statistics|Data Warehousing|NumPy|Machine Learning|AWS,23.19,2024-07-22,"['machine learning', 'numpy', 'statistics', 'aws', 'excel', 'sql', 'data warehousing']"
4529,Paytm,Senior Data Analyst,Chennai,Hybrid,Contract,7,Git|Power BI|Machine Learning|SQL|AWS|Tableau|Data Warehousing|Spark,25.69,2023-02-16,"['machine learning', 'aws', 'git', 'sql', 'power bi', 'spark', 'data warehousing', 'tableau']"
4530,Accenture,Data Analyst,Hyderabad,Remote,Full-time,0,ETL|Statistics|Python|Azure|Machine Learning|Git,9.82,2023-08-09,"['machine learning', 'statistics', 'git', 'etl', 'python', 'azure']"
4531,Amazon,Data Scientist,Chennai,Remote,Contract,1,Data Warehousing|Pandas|Excel|Azure|SQL|Spark,10.56,2023-10-30,"['excel', 'sql', 'spark', 'data warehousing', 'pandas', 'azure']"
4532,Razorpay,BI Analyst,Mumbai,Onsite,Internship,7,AWS|Excel|Airflow|Pandas|Data Warehousing|NumPy|Tableau|ETL,20.06,2023-04-04,"['numpy', 'tableau', 'aws', 'excel', 'airflow', 'etl', 'data warehousing', 'pandas']"
4533,TCS,BI Analyst,Mumbai,Hybrid,Internship,6,Statistics|Data Warehousing|Excel|Pandas|Python|Airflow|Git|SQL,19.5,2023-07-22,"['statistics', 'excel', 'git', 'sql', 'airflow', 'data warehousing', 'pandas', 'python']"
4534,Infosys,Data Analyst,Bengaluru,Hybrid,Contract,3,Git|Airflow|Docker|NumPy,13.16,2023-04-19,"['git', 'numpy', 'docker', 'airflow']"
4535,Infosys,Data Scientist,Remote,Remote,Contract,6,Machine Learning|Docker|Excel|Airflow|Spark|Data Warehousing|Azure|Power BI,28.79,2024-06-18,"['machine learning', 'excel', 'airflow', 'power bi', 'spark', 'azure', 'data warehousing', 'docker']"
4536,Cognizant,Business Analyst,Mumbai,Hybrid,Contract,8,Data Warehousing|Power BI|Machine Learning|SQL|Git|NumPy,25.92,2023-10-15,"['machine learning', 'numpy', 'git', 'sql', 'power bi', 'data warehousing']"
4537,Accenture,Senior Data Analyst,Remote,Hybrid,Internship,0,Spark|Git|Power BI|Docker|Excel|Statistics,2.75,2023-08-16,"['statistics', 'excel', 'git', 'power bi', 'spark', 'docker']"
4538,Cognizant,BI Analyst,Delhi,Hybrid,Full-time,3,Excel|Python|Spark|AWS|SQL|NumPy|ETL,12.03,2023-10-29,"['numpy', 'aws', 'excel', 'sql', 'spark', 'etl', 'python']"
4539,Zoho,BI Analyst,Delhi,Hybrid,Contract,2,Power BI|Python|SQL|Statistics|ETL,10.47,2024-06-23,"['statistics', 'sql', 'power bi', 'etl', 'python']"
4540,Deloitte,Business Analyst,Hyderabad,Hybrid,Full-time,7,Tableau|Spark|Airflow|Machine Learning|AWS,25.82,2024-11-01,"['machine learning', 'aws', 'airflow', 'spark', 'tableau']"
4541,Walmart,Senior Data Analyst,Remote,Onsite,Contract,7,Spark|Git|SQL|Docker,21.25,2024-02-02,"['spark', 'git', 'sql', 'docker']"
4542,TCS,BI Analyst,Pune,Hybrid,Full-time,4,Docker|Azure|NumPy|Git,13.51,2023-04-25,"['git', 'numpy', 'azure', 'docker']"
4543,Infosys,Data Analyst,Delhi,Remote,Internship,2,ETL|Python|SQL|Machine Learning,14.08,2024-10-03,"['machine learning', 'python', 'etl', 'sql']"
4544,Accenture,Analytics Engineer,Remote,Hybrid,Full-time,3,Docker|ETL|Azure|AWS|Airflow|Power BI,11.08,2023-12-14,"['aws', 'docker', 'airflow', 'power bi', 'etl', 'azure']"
4545,Razorpay,Senior Data Analyst,Chennai,Remote,Contract,7,Power BI|Spark|Python|ETL|Docker|Tableau|Airflow,23.38,2024-10-23,"['airflow', 'power bi', 'spark', 'etl', 'tableau', 'python', 'docker']"
4546,Razorpay,Analytics Engineer,Delhi,Onsite,Full-time,0,Docker|Power BI|Machine Learning|NumPy|Azure|Airflow|Spark|Git,5.53,2023-09-16,"['machine learning', 'numpy', 'git', 'docker', 'airflow', 'power bi', 'spark', 'azure']"
4547,Infosys,Senior Data Analyst,Delhi,Remote,Full-time,2,ETL|Spark|Tableau|Power BI|SQL,9.19,2023-09-04,"['sql', 'power bi', 'spark', 'etl', 'tableau']"
4548,Flipkart,Analytics Engineer,Pune,Hybrid,Internship,8,NumPy|Python|AWS|ETL|Excel|Docker|Spark|Tableau,24.16,2024-11-03,"['numpy', 'aws', 'excel', 'spark', 'etl', 'tableau', 'python', 'docker']"
4549,Swiggy,Data Scientist,Pune,Hybrid,Contract,0,AWS|SQL|Git|Pandas,6.5,2023-12-27,"['git', 'pandas', 'sql', 'aws']"
4550,Freshworks,Analytics Engineer,Hyderabad,Remote,Full-time,7,SQL|Azure|AWS|Python,23.71,2024-07-31,"['aws', 'sql', 'azure', 'python']"
4551,Deloitte,Senior Data Analyst,Mumbai,Onsite,Contract,6,Airflow|Power BI|Data Warehousing|AWS|Git,19.8,2024-06-18,"['aws', 'git', 'airflow', 'power bi', 'data warehousing']"
4552,Zoho,Senior Data Analyst,Delhi,Onsite,Contract,8,NumPy|Airflow|Power BI|Data Warehousing|AWS|Docker|SQL|Spark,25.36,2024-11-18,"['numpy', 'aws', 'sql', 'airflow', 'power bi', 'spark', 'data warehousing', 'docker']"
4553,Paytm,Data Analyst,Delhi,Hybrid,Internship,7,Azure|Pandas|AWS|NumPy|Spark|Data Warehousing|Git,22.37,2024-01-29,"['numpy', 'aws', 'git', 'spark', 'data warehousing', 'pandas', 'azure']"
4554,Microsoft,Data Analyst,Delhi,Onsite,Contract,5,Git|Power BI|Azure|Data Warehousing|Excel|SQL,15.98,2023-06-17,"['excel', 'git', 'sql', 'power bi', 'data warehousing', 'azure']"
4555,Microsoft,BI Analyst,Pune,Onsite,Full-time,0,SQL|ETL|Pandas|Git|Python|Docker,3.39,2024-07-01,"['git', 'sql', 'etl', 'pandas', 'python', 'docker']"
4556,TCS,Analytics Engineer,Hyderabad,Remote,Internship,8,Airflow|Git|Machine Learning|AWS|Spark|Pandas|Python|SQL,29.76,2023-07-25,"['machine learning', 'aws', 'git', 'sql', 'airflow', 'spark', 'pandas', 'python']"
4557,Walmart,BI Analyst,Chennai,Remote,Contract,0,Machine Learning|Power BI|Excel|ETL|Python|SQL|Tableau,8.97,2024-07-04,"['machine learning', 'excel', 'sql', 'power bi', 'etl', 'tableau', 'python']"
4558,Freshworks,Business Analyst,Hyderabad,Hybrid,Contract,8,Power BI|AWS|Python|Excel|NumPy,24.1,2023-07-20,"['numpy', 'aws', 'excel', 'power bi', 'python']"
4559,Paytm,BI Analyst,Bengaluru,Remote,Contract,2,Docker|Pandas|Statistics|Tableau|Data Warehousing,12.71,2023-09-05,"['statistics', 'pandas', 'data warehousing', 'tableau', 'docker']"
4560,Swiggy,Senior Data Analyst,Remote,Onsite,Internship,4,Airflow|AWS|Data Warehousing|Tableau|Git|Power BI,15.32,2023-02-13,"['aws', 'git', 'airflow', 'power bi', 'data warehousing', 'tableau']"
4561,Cognizant,Senior Data Analyst,Bengaluru,Hybrid,Internship,4,Airflow|Docker|SQL|Statistics|ETL|Spark|Azure|Tableau,17.3,2024-08-09,"['statistics', 'sql', 'airflow', 'spark', 'azure', 'etl', 'tableau', 'docker']"
4562,Flipkart,Data Analyst,Mumbai,Remote,Full-time,8,Airflow|Git|NumPy|SQL|Statistics|Python,24.35,2023-02-10,"['numpy', 'statistics', 'git', 'sql', 'airflow', 'python']"
4563,Paytm,Data Scientist,Bengaluru,Remote,Internship,5,Pandas|Azure|Statistics|Spark|NumPy|Power BI|SQL,24.29,2023-05-26,"['numpy', 'statistics', 'sql', 'power bi', 'spark', 'pandas', 'azure']"
4564,TCS,Data Analyst,Chennai,Hybrid,Internship,5,Azure|Spark|Python|Git|Airflow|Docker|Excel,16.03,2024-01-27,"['excel', 'git', 'docker', 'airflow', 'spark', 'python', 'azure']"
4565,Infosys,Business Analyst,Remote,Onsite,Contract,0,Git|Pandas|Statistics|ETL|NumPy|Power BI,2.99,2024-04-06,"['numpy', 'statistics', 'git', 'power bi', 'etl', 'pandas']"
4566,Swiggy,Analytics Engineer,Delhi,Hybrid,Internship,2,NumPy|Python|Pandas|Tableau|Statistics|ETL|SQL|Docker,8.68,2023-01-30,"['numpy', 'statistics', 'sql', 'pandas', 'etl', 'tableau', 'python', 'docker']"
4567,Cognizant,BI Analyst,Chennai,Remote,Full-time,2,NumPy|Excel|Git|Spark,9.58,2023-05-25,"['spark', 'git', 'numpy', 'excel']"
4568,Flipkart,Data Scientist,Pune,Remote,Contract,7,Spark|Docker|Statistics|Git|AWS|Excel|NumPy,26.11,2023-07-10,"['statistics', 'numpy', 'aws', 'excel', 'git', 'spark', 'docker']"
4569,Freshworks,Data Analyst,Delhi,Onsite,Internship,4,AWS|Excel|NumPy|Azure|Machine Learning|Data Warehousing|Airflow|Docker,16.82,2024-05-02,"['machine learning', 'numpy', 'aws', 'excel', 'docker', 'airflow', 'data warehousing', 'azure']"
4570,Walmart,Senior Data Analyst,Chennai,Hybrid,Internship,6,Data Warehousing|Azure|ETL|Spark|Statistics|Machine Learning,21.4,2023-03-31,"['machine learning', 'statistics', 'spark', 'etl', 'data warehousing', 'azure']"
4571,Accenture,Analytics Engineer,Mumbai,Remote,Internship,2,Excel|Git|AWS|Tableau|Data Warehousing|NumPy,11.54,2024-09-23,"['numpy', 'aws', 'excel', 'git', 'data warehousing', 'tableau']"
4572,Freshworks,Analytics Engineer,Delhi,Remote,Contract,5,Airflow|Spark|Power BI|Git,19.43,2023-08-01,"['spark', 'git', 'airflow', 'power bi']"
4573,Deloitte,Data Analyst,Chennai,Hybrid,Contract,1,Git|ETL|Machine Learning|NumPy|Tableau|Excel|Azure|SQL,10.71,2024-11-12,"['machine learning', 'numpy', 'excel', 'git', 'sql', 'etl', 'tableau', 'azure']"
4574,TCS,BI Analyst,Bengaluru,Onsite,Full-time,4,Docker|NumPy|AWS|Statistics|Azure|Spark|SQL,16.07,2024-03-25,"['numpy', 'statistics', 'aws', 'docker', 'sql', 'spark', 'azure']"
4575,Freshworks,BI Analyst,Delhi,Hybrid,Internship,7,Docker|SQL|Data Warehousing|NumPy|Azure|Machine Learning|Spark|Airflow,25.0,2023-10-17,"['machine learning', 'numpy', 'sql', 'docker', 'airflow', 'spark', 'data warehousing', 'azure']"
4576,Walmart,Business Analyst,Hyderabad,Onsite,Contract,0,Python|Azure|Statistics|Machine Learning|Excel|NumPy,5.71,2023-08-03,"['machine learning', 'statistics', 'numpy', 'excel', 'python', 'azure']"
4577,TCS,BI Analyst,Chennai,Onsite,Full-time,5,Airflow|Azure|Data Warehousing|SQL,15.4,2023-10-28,"['data warehousing', 'azure', 'sql', 'airflow']"
4578,Razorpay,Data Scientist,Pune,Hybrid,Contract,3,Excel|ETL|AWS|Python|Machine Learning|Spark|NumPy|Airflow,17.32,2024-10-16,"['machine learning', 'numpy', 'aws', 'excel', 'airflow', 'spark', 'etl', 'python']"
4579,Flipkart,BI Analyst,Remote,Remote,Contract,6,Tableau|ETL|Python|Airflow,20.7,2024-09-20,"['tableau', 'python', 'etl', 'airflow']"
4580,Zoho,BI Analyst,Hyderabad,Onsite,Contract,0,Azure|Spark|ETL|Docker,3.42,2023-05-17,"['spark', 'docker', 'etl', 'azure']"
4581,Flipkart,BI Analyst,Remote,Onsite,Full-time,5,Excel|Spark|ETL|Statistics|Machine Learning|Docker,18.34,2024-07-10,"['machine learning', 'statistics', 'excel', 'spark', 'etl', 'docker']"
4582,TCS,Business Analyst,Hyderabad,Remote,Full-time,0,Pandas|Git|Spark|SQL|Docker,5.5,2023-03-03,"['git', 'sql', 'spark', 'pandas', 'docker']"
4583,Walmart,Data Analyst,Delhi,Hybrid,Contract,4,Data Warehousing|SQL|Python|Spark|Airflow|Machine Learning|Excel|Statistics,18.06,2024-01-04,"['machine learning', 'statistics', 'excel', 'sql', 'airflow', 'spark', 'data warehousing', 'python']"
4584,TCS,Data Scientist,Hyderabad,Remote,Internship,7,AWS|NumPy|Power BI|Machine Learning|Git,29.06,2024-11-09,"['machine learning', 'numpy', 'aws', 'git', 'power bi']"
4585,Deloitte,Data Analyst,Chennai,Remote,Internship,8,Docker|Airflow|AWS|ETL|Spark,24.75,2024-08-24,"['aws', 'airflow', 'spark', 'etl', 'docker']"
4586,Flipkart,Data Scientist,Mumbai,Hybrid,Contract,0,Machine Learning|Airflow|AWS|Data Warehousing|ETL|Statistics|Tableau|Power BI,11.03,2023-12-09,"['machine learning', 'statistics', 'aws', 'airflow', 'power bi', 'etl', 'data warehousing', 'tableau']"
4587,Microsoft,Business Analyst,Hyderabad,Hybrid,Internship,7,NumPy|Git|Python|Azure,21.18,2024-09-16,"['git', 'numpy', 'python', 'azure']"
4588,Infosys,Senior Data Analyst,Mumbai,Onsite,Contract,5,Python|SQL|NumPy|Git|Data Warehousing|AWS|Excel|Statistics,17.45,2023-05-31,"['numpy', 'statistics', 'aws', 'excel', 'git', 'sql', 'data warehousing', 'python']"
4589,TCS,Senior Data Analyst,Pune,Onsite,Internship,6,Data Warehousing|ETL|Power BI|Excel|Docker|Airflow,17.93,2024-06-26,"['excel', 'airflow', 'power bi', 'etl', 'data warehousing', 'docker']"
4590,Cognizant,Senior Data Analyst,Hyderabad,Remote,Internship,2,Pandas|Git|Excel|AWS,11.48,2024-08-26,"['git', 'pandas', 'aws', 'excel']"
4591,TCS,Data Analyst,Chennai,Remote,Internship,1,Excel|SQL|Power BI|Airflow|ETL,9.46,2024-10-22,"['excel', 'sql', 'airflow', 'power bi', 'etl']"
4592,Microsoft,Analytics Engineer,Bengaluru,Hybrid,Internship,5,NumPy|Airflow|Machine Learning|Excel,22.52,2024-02-02,"['machine learning', 'numpy', 'airflow', 'excel']"
4593,Freshworks,Senior Data Analyst,Remote,Hybrid,Internship,2,ETL|Python|Data Warehousing|Airflow|Machine Learning,11.93,2023-03-21,"['machine learning', 'airflow', 'etl', 'data warehousing', 'python']"
4594,Microsoft,Data Analyst,Pune,Onsite,Internship,0,Pandas|Data Warehousing|Spark|NumPy|Python,4.78,2024-04-20,"['numpy', 'spark', 'data warehousing', 'pandas', 'python']"
4595,Microsoft,Data Scientist,Chennai,Hybrid,Full-time,4,Pandas|Docker|Statistics|Excel|Machine Learning,22.49,2023-08-13,"['machine learning', 'statistics', 'excel', 'pandas', 'docker']"
4596,Amazon,Data Analyst,Chennai,Hybrid,Contract,3,NumPy|Statistics|Machine Learning|Azure|Airflow,14.34,2024-03-21,"['machine learning', 'numpy', 'statistics', 'airflow', 'azure']"
4597,Cognizant,Business Analyst,Chennai,Hybrid,Internship,0,Azure|Pandas|SQL|AWS|NumPy|Spark,5.38,2024-03-05,"['numpy', 'aws', 'sql', 'spark', 'pandas', 'azure']"
4598,Flipkart,Business Analyst,Bengaluru,Onsite,Internship,2,NumPy|Power BI|Git|ETL|Azure|Airflow,12.36,2024-01-10,"['numpy', 'git', 'airflow', 'power bi', 'etl', 'azure']"
4599,TCS,Analytics Engineer,Bengaluru,Hybrid,Contract,8,Pandas|NumPy|Python|Statistics|Machine Learning,27.88,2023-12-04,"['machine learning', 'numpy', 'statistics', 'pandas', 'python']"
4600,Paytm,Data Analyst,Delhi,Remote,Contract,6,SQL|Git|Statistics|Docker|AWS|Spark|Azure,21.45,2023-07-10,"['statistics', 'aws', 'git', 'sql', 'spark', 'azure', 'docker']"
4601,Walmart,Senior Data Analyst,Bengaluru,Onsite,Internship,5,ETL|Azure|Data Warehousing|AWS|Statistics|SQL,17.33,2024-03-01,"['statistics', 'aws', 'sql', 'etl', 'data warehousing', 'azure']"
4602,Flipkart,BI Analyst,Pune,Hybrid,Full-time,3,SQL|Excel|ETL|Power BI,11.8,2024-03-15,"['sql', 'etl', 'power bi', 'excel']"
4603,Razorpay,Analytics Engineer,Remote,Onsite,Contract,4,Data Warehousing|AWS|Pandas|Machine Learning|Tableau|Spark|SQL,17.22,2023-07-16,"['machine learning', 'tableau', 'aws', 'sql', 'spark', 'data warehousing', 'pandas']"
4604,Freshworks,Analytics Engineer,Bengaluru,Onsite,Full-time,5,ETL|Excel|NumPy|Tableau|Azure|Power BI|Statistics|Pandas,18.9,2024-09-12,"['numpy', 'statistics', 'excel', 'power bi', 'pandas', 'etl', 'tableau', 'azure']"
4605,Walmart,BI Analyst,Remote,Hybrid,Internship,4,Tableau|Python|Power BI|Data Warehousing|Machine Learning,15.99,2024-06-12,"['machine learning', 'power bi', 'data warehousing', 'tableau', 'python']"
4606,Microsoft,Data Analyst,Delhi,Remote,Full-time,7,Docker|Data Warehousing|Git|Spark|Airflow,23.21,2024-05-20,"['git', 'airflow', 'spark', 'data warehousing', 'docker']"
4607,Paytm,BI Analyst,Hyderabad,Remote,Contract,5,Python|Tableau|AWS|Docker|NumPy|Azure|Spark|Excel,19.49,2023-09-03,"['numpy', 'aws', 'excel', 'spark', 'azure', 'tableau', 'python', 'docker']"
4608,Deloitte,BI Analyst,Remote,Onsite,Full-time,2,Azure|Python|Power BI|SQL|Docker,8.91,2023-02-15,"['sql', 'power bi', 'azure', 'python', 'docker']"
4609,Accenture,Data Analyst,Hyderabad,Remote,Full-time,8,Pandas|Excel|Python|Data Warehousing|Tableau,24.13,2024-08-23,"['tableau', 'excel', 'data warehousing', 'pandas', 'python']"
4610,Walmart,Analytics Engineer,Bengaluru,Onsite,Internship,5,SQL|Python|Excel|NumPy|Docker|Data Warehousing|Statistics,17.28,2024-04-26,"['numpy', 'statistics', 'excel', 'sql', 'data warehousing', 'python', 'docker']"
4611,Zoho,Business Analyst,Bengaluru,Hybrid,Internship,4,Spark|Tableau|Airflow|SQL|Statistics|ETL|AWS,15.47,2024-02-17,"['statistics', 'aws', 'sql', 'airflow', 'spark', 'etl', 'tableau']"
4612,Zoho,Analytics Engineer,Hyderabad,Onsite,Full-time,8,Git|Docker|Airflow|Python|Power BI|Statistics,22.56,2023-12-23,"['statistics', 'git', 'airflow', 'power bi', 'python', 'docker']"
4613,Swiggy,Business Analyst,Pune,Onsite,Full-time,4,Python|Airflow|Docker|Tableau|Power BI|Spark,14.58,2023-12-24,"['airflow', 'power bi', 'spark', 'tableau', 'python', 'docker']"
4614,Zoho,Senior Data Analyst,Pune,Hybrid,Internship,1,Machine Learning|Azure|NumPy|Excel|Git|Data Warehousing|Airflow,10.32,2024-11-06,"['machine learning', 'numpy', 'excel', 'git', 'airflow', 'data warehousing', 'azure']"
4615,Walmart,Data Scientist,Bengaluru,Onsite,Full-time,4,Tableau|Machine Learning|Power BI|Spark|ETL|Excel|Python,21.54,2023-04-23,"['machine learning', 'excel', 'power bi', 'spark', 'etl', 'tableau', 'python']"
4616,Amazon,BI Analyst,Bengaluru,Hybrid,Full-time,4,Git|Machine Learning|Statistics|Spark|SQL,19.02,2023-07-02,"['machine learning', 'statistics', 'git', 'sql', 'spark']"
4617,Accenture,Business Analyst,Delhi,Remote,Internship,2,Statistics|Data Warehousing|ETL|NumPy|Airflow|Power BI,11.61,2023-08-03,"['numpy', 'statistics', 'airflow', 'power bi', 'etl', 'data warehousing']"
4618,Flipkart,Business Analyst,Pune,Hybrid,Contract,4,SQL|Tableau|Pandas|Excel|Data Warehousing|Statistics,13.89,2024-03-07,"['statistics', 'excel', 'sql', 'pandas', 'data warehousing', 'tableau']"
4619,Walmart,Data Analyst,Mumbai,Onsite,Contract,0,SQL|Python|Git|Pandas,5.46,2024-06-26,"['git', 'pandas', 'sql', 'python']"
4620,Microsoft,Business Analyst,Mumbai,Onsite,Internship,4,Statistics|NumPy|Azure|Tableau|Excel|Machine Learning|Git,15.67,2024-02-09,"['machine learning', 'numpy', 'statistics', 'excel', 'git', 'tableau', 'azure']"
4621,Deloitte,Data Scientist,Chennai,Remote,Internship,6,Power BI|Azure|Spark|Pandas|ETL,23.14,2023-01-20,"['power bi', 'spark', 'etl', 'pandas', 'azure']"
4622,Swiggy,BI Analyst,Mumbai,Onsite,Full-time,5,Azure|Git|Pandas|SQL|Spark|Tableau|Docker,17.17,2023-05-20,"['git', 'sql', 'docker', 'spark', 'tableau', 'pandas', 'azure']"
4623,Amazon,BI Analyst,Bengaluru,Remote,Full-time,0,Machine Learning|Data Warehousing|Excel|NumPy|ETL|Azure|Pandas|Python,10.89,2023-03-31,"['machine learning', 'numpy', 'excel', 'etl', 'data warehousing', 'pandas', 'python', 'azure']"
4624,Microsoft,Analytics Engineer,Pune,Remote,Full-time,5,Tableau|AWS|Power BI|ETL|Data Warehousing|Git,19.47,2024-04-09,"['aws', 'git', 'power bi', 'etl', 'data warehousing', 'tableau']"
4625,Zoho,Data Analyst,Bengaluru,Onsite,Full-time,7,Statistics|Data Warehousing|Docker|Git|ETL|Azure|Python,23.08,2024-02-16,"['statistics', 'git', 'azure', 'etl', 'data warehousing', 'python', 'docker']"
4626,Zoho,Senior Data Analyst,Mumbai,Onsite,Contract,4,ETL|Power BI|Data Warehousing|Statistics|AWS|Tableau|SQL|Python,13.0,2024-10-25,"['statistics', 'aws', 'sql', 'power bi', 'etl', 'data warehousing', 'tableau', 'python']"
4627,Walmart,BI Analyst,Pune,Remote,Contract,5,Python|Docker|Spark|Data Warehousing|Excel|SQL|Machine Learning,20.66,2024-09-17,"['machine learning', 'excel', 'sql', 'spark', 'data warehousing', 'python', 'docker']"
4628,Swiggy,BI Analyst,Hyderabad,Onsite,Contract,6,Power BI|Pandas|Machine Learning|AWS,20.55,2024-05-07,"['machine learning', 'pandas', 'aws', 'power bi']"
4629,Flipkart,Analytics Engineer,Mumbai,Hybrid,Internship,6,Statistics|Spark|Machine Learning|Airflow|Tableau|Python,21.17,2023-07-22,"['machine learning', 'statistics', 'airflow', 'spark', 'tableau', 'python']"
4630,Cognizant,BI Analyst,Mumbai,Hybrid,Full-time,3,Machine Learning|Excel|Data Warehousing|Azure,13.28,2024-02-18,"['data warehousing', 'machine learning', 'azure', 'excel']"
4631,Zoho,Data Scientist,Chennai,Remote,Internship,7,Airflow|Docker|Tableau|Excel|Pandas|Azure,28.31,2024-11-14,"['excel', 'airflow', 'azure', 'tableau', 'pandas', 'docker']"
4632,Razorpay,Business Analyst,Chennai,Remote,Full-time,2,Docker|Excel|Pandas|Airflow,9.72,2023-01-12,"['airflow', 'pandas', 'docker', 'excel']"
4633,Swiggy,Senior Data Analyst,Hyderabad,Hybrid,Internship,8,Git|Spark|NumPy|Azure,23.37,2023-04-10,"['spark', 'git', 'numpy', 'azure']"
4634,Freshworks,Data Analyst,Remote,Onsite,Contract,8,Spark|Statistics|Excel|Machine Learning|Docker|Tableau|SQL|AWS,27.67,2023-06-17,"['machine learning', 'statistics', 'aws', 'excel', 'sql', 'spark', 'tableau', 'docker']"
4635,Accenture,BI Analyst,Delhi,Onsite,Full-time,8,AWS|SQL|Statistics|Data Warehousing|Azure,25.32,2024-05-28,"['statistics', 'aws', 'sql', 'data warehousing', 'azure']"
4636,Amazon,Analytics Engineer,Bengaluru,Onsite,Full-time,1,ETL|Power BI|Git|Statistics|Docker|Azure|SQL,7.85,2023-06-28,"['statistics', 'git', 'sql', 'power bi', 'azure', 'etl', 'docker']"
4637,Cognizant,BI Analyst,Pune,Remote,Internship,3,Power BI|ETL|Excel|Pandas|Statistics|Git|SQL,11.7,2023-10-06,"['statistics', 'excel', 'git', 'sql', 'power bi', 'etl', 'pandas']"
4638,Amazon,Analytics Engineer,Remote,Onsite,Full-time,0,SQL|Python|Airflow|ETL,3.22,2024-10-15,"['sql', 'etl', 'airflow', 'python']"
4639,Walmart,Data Scientist,Delhi,Onsite,Internship,1,Python|Machine Learning|Git|Data Warehousing|SQL|Airflow,14.36,2024-10-19,"['machine learning', 'git', 'sql', 'airflow', 'data warehousing', 'python']"
4640,Amazon,Business Analyst,Chennai,Hybrid,Contract,1,Power BI|Excel|Statistics|Airflow|Git|Data Warehousing,6.94,2024-03-06,"['statistics', 'excel', 'git', 'airflow', 'power bi', 'data warehousing']"
4641,Flipkart,Senior Data Analyst,Mumbai,Onsite,Internship,6,Data Warehousing|AWS|NumPy|Machine Learning,23.21,2024-10-12,"['data warehousing', 'machine learning', 'numpy', 'aws']"
4642,Infosys,Data Scientist,Chennai,Hybrid,Internship,3,Airflow|Azure|AWS|Data Warehousing|Statistics,16.79,2024-10-06,"['statistics', 'aws', 'airflow', 'data warehousing', 'azure']"
4643,Razorpay,Data Analyst,Remote,Remote,Full-time,4,Git|Tableau|AWS|Power BI|Spark|Azure|Data Warehousing|Python,14.67,2024-06-18,"['aws', 'git', 'power bi', 'spark', 'data warehousing', 'tableau', 'python', 'azure']"
4644,Zoho,Data Scientist,Remote,Remote,Full-time,6,Docker|Tableau|AWS|Statistics|Machine Learning|Azure,27.63,2023-03-14,"['machine learning', 'statistics', 'aws', 'azure', 'tableau', 'docker']"
4645,Freshworks,BI Analyst,Delhi,Remote,Full-time,6,Tableau|Airflow|Spark|Docker|AWS|ETL|Power BI,21.61,2024-11-21,"['aws', 'airflow', 'power bi', 'spark', 'etl', 'tableau', 'docker']"
4646,Freshworks,Data Scientist,Chennai,Remote,Internship,8,Airflow|Spark|Statistics|Data Warehousing|Excel|Machine Learning|NumPy,32.33,2023-11-24,"['machine learning', 'statistics', 'numpy', 'excel', 'airflow', 'spark', 'data warehousing']"
4647,Freshworks,BI Analyst,Bengaluru,Onsite,Internship,7,ETL|NumPy|Spark|Azure|Airflow|Docker|Machine Learning,25.95,2024-02-26,"['machine learning', 'numpy', 'docker', 'airflow', 'spark', 'etl', 'azure']"
4648,Freshworks,Business Analyst,Hyderabad,Hybrid,Internship,3,ETL|Statistics|Docker|Tableau|AWS,12.32,2023-04-06,"['statistics', 'aws', 'etl', 'tableau', 'docker']"
4649,Walmart,Data Scientist,Hyderabad,Remote,Contract,2,ETL|Airflow|Docker|Pandas|Statistics|Python|Data Warehousing,14.63,2024-01-12,"['statistics', 'airflow', 'etl', 'data warehousing', 'pandas', 'python', 'docker']"
4650,Infosys,BI Analyst,Hyderabad,Onsite,Contract,0,Excel|Power BI|Statistics|Tableau|ETL|SQL,4.41,2024-06-10,"['statistics', 'excel', 'sql', 'power bi', 'etl', 'tableau']"
4651,Flipkart,Data Scientist,Delhi,Hybrid,Contract,8,Pandas|Python|Power BI|Spark|Airflow|Azure|Git|AWS,28.83,2024-05-26,"['aws', 'git', 'airflow', 'power bi', 'spark', 'pandas', 'python', 'azure']"
4652,Freshworks,Analytics Engineer,Delhi,Onsite,Internship,3,Data Warehousing|NumPy|Statistics|Docker,11.8,2024-08-19,"['data warehousing', 'numpy', 'statistics', 'docker']"
4653,Amazon,Data Analyst,Delhi,Hybrid,Internship,0,Excel|NumPy|Azure|Git|Docker|SQL|Pandas,4.82,2023-10-28,"['numpy', 'excel', 'git', 'sql', 'azure', 'pandas', 'docker']"
4654,Freshworks,Data Analyst,Delhi,Hybrid,Full-time,7,Git|Python|Azure|Machine Learning|Excel|Docker,23.37,2024-03-26,"['machine learning', 'excel', 'git', 'docker', 'python', 'azure']"
4655,Walmart,Senior Data Analyst,Remote,Remote,Contract,8,Airflow|Statistics|Excel|Tableau|NumPy|Pandas,24.14,2024-09-23,"['numpy', 'statistics', 'excel', 'airflow', 'pandas', 'tableau']"
4656,Zoho,Data Analyst,Mumbai,Remote,Contract,6,Airflow|Git|Power BI|Excel|Python,19.49,2024-11-11,"['excel', 'git', 'airflow', 'power bi', 'python']"
4657,Infosys,Data Analyst,Pune,Hybrid,Full-time,1,Excel|Tableau|Pandas|Docker|NumPy,5.19,2024-09-26,"['numpy', 'excel', 'tableau', 'pandas', 'docker']"
4658,Swiggy,Analytics Engineer,Remote,Hybrid,Full-time,7,Git|Tableau|Python|Excel,21.83,2024-09-04,"['git', 'tableau', 'python', 'excel']"
4659,Paytm,Data Scientist,Mumbai,Remote,Full-time,0,Power BI|Python|Data Warehousing|Git|SQL|Tableau|Airflow,9.19,2023-11-17,"['git', 'sql', 'airflow', 'power bi', 'data warehousing', 'tableau', 'python']"
4660,TCS,Business Analyst,Delhi,Hybrid,Contract,4,Tableau|Power BI|Statistics|Data Warehousing|Excel|SQL|Git,13.34,2023-12-20,"['statistics', 'excel', 'git', 'sql', 'power bi', 'data warehousing', 'tableau']"
4661,Cognizant,Senior Data Analyst,Chennai,Hybrid,Internship,5,Pandas|Statistics|Docker|Tableau,15.22,2023-11-05,"['tableau', 'pandas', 'statistics', 'docker']"
4662,Amazon,Analytics Engineer,Pune,Onsite,Internship,1,Docker|Airflow|Tableau|Python|Spark|Git,6.54,2023-11-12,"['git', 'airflow', 'spark', 'tableau', 'python', 'docker']"
4663,Flipkart,BI Analyst,Chennai,Onsite,Internship,5,SQL|Git|ETL|Excel,15.54,2023-11-21,"['git', 'sql', 'etl', 'excel']"
4664,Paytm,Data Analyst,Remote,Hybrid,Internship,1,Power BI|Docker|Pandas|Tableau|NumPy|Excel|Statistics|Python,6.31,2024-03-13,"['numpy', 'statistics', 'excel', 'pandas', 'power bi', 'tableau', 'python', 'docker']"
4665,Accenture,Data Scientist,Chennai,Hybrid,Internship,7,Data Warehousing|Tableau|Docker|Git|ETL|Excel|SQL,24.82,2023-10-10,"['excel', 'git', 'sql', 'etl', 'data warehousing', 'tableau', 'docker']"
4666,Swiggy,BI Analyst,Hyderabad,Hybrid,Contract,4,Power BI|Azure|Tableau|Pandas|Python|AWS|Airflow|Excel,14.77,2024-06-17,"['aws', 'excel', 'airflow', 'power bi', 'tableau', 'pandas', 'python', 'azure']"
4667,Razorpay,Data Analyst,Chennai,Onsite,Contract,6,Excel|Machine Learning|Azure|Spark|NumPy,23.21,2023-05-29,"['machine learning', 'numpy', 'excel', 'spark', 'azure']"
4668,Razorpay,Data Analyst,Pune,Hybrid,Contract,0,AWS|Tableau|Docker|Power BI,3.21,2024-06-12,"['tableau', 'docker', 'aws', 'power bi']"
4669,Amazon,BI Analyst,Pune,Onsite,Internship,0,Tableau|Pandas|Azure|Python|ETL|Docker|AWS|SQL,4.2,2023-06-05,"['aws', 'docker', 'sql', 'pandas', 'etl', 'tableau', 'python', 'azure']"
4670,Freshworks,Business Analyst,Pune,Hybrid,Full-time,6,Azure|Statistics|Power BI|Docker|Machine Learning,22.74,2023-05-03,"['machine learning', 'statistics', 'power bi', 'azure', 'docker']"
4671,Zoho,Data Scientist,Bengaluru,Onsite,Internship,2,Tableau|Excel|Machine Learning|Airflow|Spark|Data Warehousing,17.02,2023-09-02,"['machine learning', 'excel', 'airflow', 'spark', 'data warehousing', 'tableau']"
4672,TCS,Data Analyst,Pune,Remote,Full-time,8,Pandas|Machine Learning|Data Warehousing|SQL|NumPy,28.48,2024-02-14,"['machine learning', 'numpy', 'sql', 'data warehousing', 'pandas']"
4673,Walmart,Data Scientist,Hyderabad,Remote,Internship,6,ETL|Power BI|SQL|Statistics,23.45,2023-08-22,"['statistics', 'sql', 'etl', 'power bi']"
4674,Zoho,Senior Data Analyst,Hyderabad,Hybrid,Contract,1,NumPy|Spark|Tableau|SQL|Pandas,5.5,2024-07-10,"['numpy', 'sql', 'pandas', 'spark', 'tableau']"
4675,Microsoft,Data Scientist,Bengaluru,Remote,Internship,2,Spark|Python|Airflow|Excel|Data Warehousing|Git,15.31,2024-04-02,"['excel', 'git', 'airflow', 'spark', 'data warehousing', 'python']"
4676,Deloitte,BI Analyst,Chennai,Hybrid,Contract,1,Pandas|Data Warehousing|SQL|Machine Learning|Azure|Power BI|Excel,8.48,2023-04-10,"['machine learning', 'excel', 'sql', 'power bi', 'data warehousing', 'pandas', 'azure']"
4677,Microsoft,Business Analyst,Remote,Remote,Internship,6,ETL|Python|Tableau|Machine Learning|NumPy,23.93,2024-11-06,"['machine learning', 'numpy', 'etl', 'tableau', 'python']"
4678,Walmart,Data Scientist,Chennai,Onsite,Internship,7,Excel|Pandas|Tableau|Power BI|Docker,25.3,2024-04-08,"['excel', 'pandas', 'power bi', 'tableau', 'docker']"
4679,Deloitte,Data Scientist,Chennai,Onsite,Contract,3,Data Warehousing|Power BI|ETL|Pandas|Excel|SQL|Airflow,16.33,2024-07-08,"['excel', 'sql', 'airflow', 'power bi', 'etl', 'data warehousing', 'pandas']"
4680,Amazon,BI Analyst,Pune,Hybrid,Full-time,5,Python|Machine Learning|Excel|Statistics|Git|Spark|SQL|Docker,18.82,2023-03-21,"['machine learning', 'statistics', 'excel', 'git', 'sql', 'spark', 'python', 'docker']"
4681,Amazon,Senior Data Analyst,Hyderabad,Remote,Contract,7,AWS|SQL|NumPy|Spark|Pandas|Power BI|Airflow|Tableau,23.4,2023-10-02,"['numpy', 'aws', 'sql', 'airflow', 'power bi', 'spark', 'tableau', 'pandas']"
4682,Infosys,Senior Data Analyst,Chennai,Hybrid,Internship,8,Machine Learning|Spark|SQL|AWS|Docker,27.76,2024-10-29,"['machine learning', 'aws', 'sql', 'spark', 'docker']"
4683,Paytm,Analytics Engineer,Delhi,Hybrid,Contract,7,Azure|Machine Learning|Statistics|Power BI|Spark|ETL|SQL,24.35,2024-03-14,"['machine learning', 'statistics', 'sql', 'power bi', 'spark', 'etl', 'azure']"
4684,Amazon,Business Analyst,Bengaluru,Hybrid,Contract,5,Tableau|Docker|Power BI|Git,18.98,2024-04-04,"['git', 'tableau', 'docker', 'power bi']"
4685,Flipkart,Data Analyst,Pune,Onsite,Internship,4,AWS|ETL|Power BI|Excel|Machine Learning|Docker|Data Warehousing|Git,16.02,2024-06-15,"['machine learning', 'aws', 'excel', 'git', 'power bi', 'etl', 'data warehousing', 'docker']"
4686,Walmart,Data Scientist,Delhi,Onsite,Internship,3,Azure|Docker|Machine Learning|Power BI,19.94,2023-02-18,"['machine learning', 'docker', 'azure', 'power bi']"
4687,Walmart,Business Analyst,Bengaluru,Remote,Internship,0,Data Warehousing|Python|AWS|Machine Learning|Docker|Power BI|Spark,9.39,2023-07-01,"['machine learning', 'aws', 'power bi', 'spark', 'data warehousing', 'python', 'docker']"
4688,Amazon,Data Analyst,Mumbai,Onsite,Contract,0,Machine Learning|Excel|Tableau|Azure|Pandas|Docker|ETL|Statistics,5.65,2023-06-10,"['machine learning', 'statistics', 'excel', 'docker', 'etl', 'tableau', 'pandas', 'azure']"
4689,Cognizant,Analytics Engineer,Hyderabad,Hybrid,Contract,2,Python|Pandas|ETL|SQL|Data Warehousing|Airflow|Azure|Power BI,9.18,2023-05-20,"['sql', 'airflow', 'power bi', 'etl', 'data warehousing', 'pandas', 'python', 'azure']"
4690,Zoho,BI Analyst,Hyderabad,Onsite,Full-time,8,Statistics|Azure|Airflow|AWS|Spark|Git|ETL|Excel,24.87,2023-08-26,"['statistics', 'aws', 'excel', 'git', 'airflow', 'spark', 'etl', 'azure']"
4691,Amazon,Business Analyst,Bengaluru,Onsite,Full-time,4,Python|Git|Statistics|Azure,15.94,2024-06-30,"['git', 'statistics', 'python', 'azure']"
4692,Deloitte,BI Analyst,Pune,Onsite,Internship,1,SQL|Airflow|Machine Learning|Pandas|Power BI|Excel,9.53,2024-07-29,"['machine learning', 'excel', 'sql', 'airflow', 'power bi', 'pandas']"
4693,Accenture,Senior Data Analyst,Remote,Onsite,Contract,2,Azure|Tableau|Pandas|SQL,9.44,2024-06-06,"['tableau', 'sql', 'azure', 'pandas']"
4694,Razorpay,BI Analyst,Bengaluru,Onsite,Internship,0,Git|AWS|ETL|Excel,5.83,2024-01-18,"['git', 'etl', 'aws', 'excel']"
4695,Razorpay,Data Analyst,Mumbai,Remote,Full-time,3,AWS|ETL|Tableau|Statistics|Power BI|Spark|Pandas,13.49,2023-01-22,"['statistics', 'aws', 'power bi', 'spark', 'pandas', 'etl', 'tableau']"
4696,Swiggy,Business Analyst,Mumbai,Remote,Contract,5,Docker|Machine Learning|ETL|Spark|Tableau|Excel|Airflow|Power BI,20.82,2024-11-07,"['machine learning', 'excel', 'airflow', 'power bi', 'spark', 'etl', 'tableau', 'docker']"
4697,Walmart,Data Scientist,Hyderabad,Remote,Internship,7,Azure|AWS|Data Warehousing|Docker,27.2,2023-12-14,"['aws', 'data warehousing', 'docker', 'azure']"
4698,TCS,Analytics Engineer,Bengaluru,Hybrid,Internship,5,Power BI|AWS|Statistics|Azure|Docker|Git|Python,18.8,2023-03-27,"['statistics', 'aws', 'git', 'power bi', 'azure', 'python', 'docker']"
4699,Accenture,Data Scientist,Chennai,Remote,Full-time,0,Spark|NumPy|Tableau|ETL|Git,8.34,2024-04-26,"['numpy', 'git', 'spark', 'etl', 'tableau']"
4700,Deloitte,Business Analyst,Mumbai,Remote,Contract,4,Azure|Power BI|Pandas|Git,15.94,2024-03-20,"['git', 'pandas', 'azure', 'power bi']"
4701,Accenture,Business Analyst,Chennai,Hybrid,Full-time,1,Statistics|Git|Python|NumPy|SQL|Airflow,7.57,2023-04-29,"['statistics', 'numpy', 'git', 'sql', 'airflow', 'python']"
4702,Cognizant,Data Scientist,Chennai,Remote,Full-time,8,Azure|Machine Learning|AWS|Spark|SQL|Git|Power BI|NumPy,32.01,2024-05-02,"['machine learning', 'numpy', 'aws', 'git', 'sql', 'power bi', 'spark', 'azure']"
4703,Microsoft,Business Analyst,Hyderabad,Hybrid,Internship,6,Docker|AWS|Machine Learning|SQL|Excel|Tableau|Data Warehousing,20.57,2023-01-01,"['machine learning', 'aws', 'excel', 'sql', 'data warehousing', 'tableau', 'docker']"
4704,Accenture,Data Analyst,Hyderabad,Remote,Full-time,8,Tableau|Data Warehousing|Python|NumPy,24.54,2023-10-05,"['data warehousing', 'numpy', 'tableau', 'python']"
4705,Deloitte,Business Analyst,Delhi,Remote,Contract,6,Machine Learning|Azure|SQL|ETL|Data Warehousing|AWS,22.36,2024-08-16,"['machine learning', 'aws', 'sql', 'etl', 'data warehousing', 'azure']"
4706,Zoho,Analytics Engineer,Remote,Onsite,Internship,5,Power BI|Git|AWS|SQL|Pandas|Excel,16.74,2023-02-11,"['aws', 'excel', 'git', 'sql', 'power bi', 'pandas']"
4707,Infosys,Business Analyst,Bengaluru,Remote,Full-time,4,Machine Learning|NumPy|Python|Excel|AWS|Docker,20.82,2023-03-13,"['machine learning', 'numpy', 'aws', 'excel', 'python', 'docker']"
4708,TCS,Data Analyst,Hyderabad,Onsite,Full-time,6,Azure|Airflow|AWS|Machine Learning|SQL|Git|Docker|Tableau,21.69,2024-08-26,"['machine learning', 'aws', 'git', 'sql', 'docker', 'airflow', 'tableau', 'azure']"
4709,Cognizant,BI Analyst,Bengaluru,Hybrid,Full-time,6,Python|Statistics|Spark|Data Warehousing|ETL|Pandas,21.96,2024-08-03,"['statistics', 'spark', 'etl', 'data warehousing', 'pandas', 'python']"
4710,TCS,Data Scientist,Bengaluru,Remote,Contract,6,Python|Tableau|Data Warehousing|NumPy|Statistics|SQL,26.32,2024-01-20,"['numpy', 'statistics', 'sql', 'data warehousing', 'tableau', 'python']"
4711,Microsoft,Data Analyst,Delhi,Hybrid,Internship,0,Pandas|Python|Machine Learning|NumPy|Data Warehousing|Tableau,7.24,2023-12-29,"['machine learning', 'numpy', 'tableau', 'data warehousing', 'pandas', 'python']"
4712,Swiggy,Senior Data Analyst,Pune,Hybrid,Internship,8,NumPy|Power BI|Machine Learning|Pandas|Spark,27.65,2023-09-20,"['machine learning', 'numpy', 'power bi', 'spark', 'pandas']"
4713,Swiggy,Business Analyst,Mumbai,Remote,Internship,4,Data Warehousing|Tableau|Airflow|Power BI|Git|NumPy|Machine Learning,17.37,2024-04-25,"['machine learning', 'numpy', 'git', 'airflow', 'power bi', 'data warehousing', 'tableau']"
4714,Infosys,Data Scientist,Delhi,Onsite,Full-time,8,Statistics|Pandas|Python|SQL|AWS|Data Warehousing|Git,27.97,2024-06-21,"['statistics', 'aws', 'git', 'sql', 'data warehousing', 'pandas', 'python']"
4715,TCS,BI Analyst,Mumbai,Onsite,Internship,6,Statistics|Pandas|ETL|Git|Machine Learning,22.44,2024-09-28,"['machine learning', 'statistics', 'git', 'etl', 'pandas']"
4716,Walmart,Data Analyst,Pune,Remote,Contract,2,Git|Docker|SQL|Pandas|Data Warehousing|Machine Learning|Python,12.8,2023-05-10,"['machine learning', 'git', 'sql', 'data warehousing', 'pandas', 'python', 'docker']"
4717,Zoho,BI Analyst,Mumbai,Hybrid,Full-time,7,Python|SQL|Excel|Docker|Azure|Power BI|Pandas,20.95,2023-04-05,"['excel', 'sql', 'power bi', 'azure', 'pandas', 'python', 'docker']"
4718,TCS,Senior Data Analyst,Remote,Hybrid,Contract,4,Spark|AWS|Airflow|Statistics|ETL|Azure,14.29,2023-03-07,"['statistics', 'aws', 'airflow', 'spark', 'etl', 'azure']"
4719,Microsoft,Analytics Engineer,Bengaluru,Hybrid,Contract,0,Machine Learning|Python|Spark|AWS,10.29,2023-11-04,"['spark', 'machine learning', 'python', 'aws']"
4720,Deloitte,Analytics Engineer,Chennai,Onsite,Contract,6,Spark|Excel|Docker|SQL|NumPy,20.21,2024-09-21,"['numpy', 'excel', 'sql', 'spark', 'docker']"
4721,Accenture,Data Scientist,Chennai,Remote,Contract,3,SQL|Git|ETL|NumPy|Docker|Spark|Airflow|Statistics,18.04,2024-10-21,"['numpy', 'statistics', 'git', 'sql', 'airflow', 'spark', 'etl', 'docker']"
4722,Zoho,Business Analyst,Pune,Onsite,Internship,0,Tableau|Azure|Statistics|AWS|Docker,5.26,2023-12-22,"['statistics', 'aws', 'azure', 'tableau', 'docker']"
4723,Deloitte,Data Analyst,Pune,Hybrid,Contract,1,Machine Learning|Spark|Airflow|Python|Git,8.7,2023-08-18,"['machine learning', 'git', 'airflow', 'spark', 'python']"
4724,Amazon,Data Analyst,Pune,Onsite,Internship,6,SQL|Tableau|AWS|Power BI|Docker|Statistics|Data Warehousing|NumPy,20.07,2024-09-13,"['statistics', 'numpy', 'aws', 'sql', 'power bi', 'data warehousing', 'tableau', 'docker']"
4725,Walmart,Business Analyst,Pune,Onsite,Internship,5,Docker|Python|SQL|Statistics|Azure,16.25,2023-12-10,"['statistics', 'sql', 'docker', 'python', 'azure']"
4726,Accenture,Data Analyst,Remote,Hybrid,Full-time,3,Docker|Tableau|ETL|Pandas|Azure,12.48,2023-01-06,"['docker', 'pandas', 'etl', 'tableau', 'azure']"
4727,Infosys,Data Scientist,Delhi,Remote,Internship,8,NumPy|Data Warehousing|Azure|Airflow|Power BI,28.15,2023-11-29,"['numpy', 'airflow', 'power bi', 'data warehousing', 'azure']"
4728,Razorpay,Business Analyst,Bengaluru,Remote,Full-time,0,Airflow|ETL|Spark|Excel|Python|Statistics,8.97,2024-01-17,"['statistics', 'excel', 'airflow', 'spark', 'etl', 'python']"
4729,Flipkart,Business Analyst,Mumbai,Onsite,Internship,1,Azure|Airflow|Excel|Spark,7.55,2023-07-01,"['airflow', 'spark', 'azure', 'excel']"
4730,Amazon,Analytics Engineer,Remote,Onsite,Full-time,7,NumPy|Tableau|Airflow|Machine Learning|Excel|Docker,24.14,2024-07-30,"['machine learning', 'numpy', 'excel', 'airflow', 'tableau', 'docker']"
4731,Zoho,Data Analyst,Remote,Onsite,Internship,5,Docker|Machine Learning|Pandas|ETL|Statistics,19.15,2024-10-27,"['machine learning', 'statistics', 'etl', 'pandas', 'docker']"
4732,Razorpay,Business Analyst,Mumbai,Remote,Full-time,0,Excel|Pandas|SQL|NumPy|Airflow,5.54,2024-04-22,"['numpy', 'excel', 'sql', 'airflow', 'pandas']"
4733,TCS,Data Analyst,Remote,Remote,Full-time,8,Power BI|Azure|Pandas|Statistics|Excel,26.69,2024-01-12,"['statistics', 'excel', 'power bi', 'pandas', 'azure']"
4734,Cognizant,Business Analyst,Delhi,Onsite,Internship,1,NumPy|Data Warehousing|Excel|Python|Azure|SQL|Statistics|AWS,7.7,2023-09-30,"['numpy', 'statistics', 'aws', 'excel', 'sql', 'data warehousing', 'python', 'azure']"
4735,Flipkart,Data Scientist,Pune,Onsite,Full-time,5,ETL|Docker|Spark|NumPy|AWS|Git,19.6,2024-04-07,"['numpy', 'aws', 'git', 'spark', 'etl', 'docker']"
4736,Freshworks,Data Analyst,Chennai,Remote,Internship,7,Excel|SQL|Tableau|Data Warehousing,23.58,2023-05-06,"['data warehousing', 'tableau', 'sql', 'excel']"
4737,Accenture,BI Analyst,Chennai,Onsite,Full-time,5,Spark|Pandas|Tableau|Python|Docker|Power BI|Data Warehousing,15.69,2024-04-05,"['power bi', 'spark', 'data warehousing', 'tableau', 'pandas', 'python', 'docker']"
4738,Flipkart,BI Analyst,Remote,Remote,Internship,6,Statistics|NumPy|Azure|Spark|Tableau|Docker,21.75,2024-09-05,"['numpy', 'statistics', 'docker', 'spark', 'tableau', 'azure']"
4739,Freshworks,Analytics Engineer,Mumbai,Onsite,Internship,7,Power BI|Data Warehousing|SQL|Pandas|ETL,22.26,2023-01-09,"['sql', 'power bi', 'etl', 'data warehousing', 'pandas']"
4740,Infosys,Data Scientist,Chennai,Onsite,Internship,3,Docker|ETL|NumPy|Azure,15.9,2023-04-30,"['numpy', 'etl', 'azure', 'docker']"
4741,Infosys,Data Analyst,Remote,Onsite,Contract,7,Power BI|SQL|ETL|Python|AWS,22.87,2023-09-26,"['aws', 'sql', 'power bi', 'etl', 'python']"
4742,Razorpay,Data Analyst,Pune,Remote,Full-time,0,Pandas|SQL|Excel|AWS|Data Warehousing|NumPy,5.2,2023-12-21,"['numpy', 'aws', 'excel', 'sql', 'data warehousing', 'pandas']"
4743,Razorpay,Data Analyst,Remote,Remote,Full-time,3,Spark|NumPy|Statistics|Azure|Docker|Power BI|Data Warehousing|Git,13.09,2024-08-10,"['numpy', 'statistics', 'git', 'power bi', 'spark', 'azure', 'data warehousing', 'docker']"
4744,Deloitte,Data Scientist,Mumbai,Remote,Contract,0,Azure|NumPy|Power BI|Excel|Docker,10.6,2023-01-23,"['numpy', 'excel', 'power bi', 'azure', 'docker']"
4745,Flipkart,BI Analyst,Hyderabad,Remote,Internship,6,Git|ETL|Airflow|NumPy|Pandas|Excel,21.89,2023-06-18,"['numpy', 'excel', 'git', 'airflow', 'etl', 'pandas']"
4746,Flipkart,Analytics Engineer,Remote,Hybrid,Contract,1,Docker|Statistics|Airflow|SQL|Power BI|Azure,7.05,2023-09-23,"['statistics', 'sql', 'airflow', 'power bi', 'azure', 'docker']"
4747,Razorpay,Senior Data Analyst,Chennai,Remote,Full-time,1,Airflow|SQL|Spark|Machine Learning,10.9,2024-11-28,"['spark', 'machine learning', 'sql', 'airflow']"
4748,Paytm,Analytics Engineer,Delhi,Hybrid,Contract,2,Pandas|NumPy|Azure|Spark|Excel,9.22,2023-10-24,"['numpy', 'excel', 'spark', 'pandas', 'azure']"
4749,Swiggy,BI Analyst,Chennai,Onsite,Internship,4,AWS|Spark|Airflow|Azure|NumPy|Data Warehousing|Excel|Docker,13.29,2023-05-01,"['numpy', 'aws', 'excel', 'docker', 'airflow', 'spark', 'data warehousing', 'azure']"
4750,TCS,Senior Data Analyst,Bengaluru,Hybrid,Full-time,7,Power BI|Machine Learning|Data Warehousing|NumPy|Spark,25.66,2024-08-16,"['machine learning', 'numpy', 'power bi', 'spark', 'data warehousing']"
4751,Amazon,Senior Data Analyst,Remote,Onsite,Contract,3,Excel|Git|NumPy|Airflow|Data Warehousing|Azure|ETL|SQL,12.2,2023-12-27,"['numpy', 'excel', 'git', 'sql', 'airflow', 'etl', 'data warehousing', 'azure']"
4752,Walmart,Senior Data Analyst,Hyderabad,Onsite,Contract,5,Azure|Tableau|Docker|ETL|Statistics,16.24,2024-04-24,"['statistics', 'azure', 'etl', 'tableau', 'docker']"
4753,Swiggy,Data Scientist,Mumbai,Remote,Internship,3,Git|Python|Tableau|Docker,16.14,2024-02-14,"['git', 'tableau', 'python', 'docker']"
4754,TCS,BI Analyst,Bengaluru,Remote,Internship,2,ETL|Azure|Tableau|AWS,13.28,2024-10-17,"['aws', 'tableau', 'etl', 'azure']"
4755,Flipkart,Business Analyst,Hyderabad,Remote,Internship,8,Data Warehousing|Power BI|Machine Learning|Docker|Spark,27.04,2023-08-30,"['machine learning', 'power bi', 'spark', 'data warehousing', 'docker']"
4756,Paytm,Analytics Engineer,Chennai,Onsite,Full-time,4,Azure|Data Warehousing|Python|Pandas|Git|NumPy|Machine Learning|SQL,15.76,2024-02-29,"['machine learning', 'numpy', 'git', 'sql', 'data warehousing', 'pandas', 'python', 'azure']"
4757,Accenture,BI Analyst,Remote,Hybrid,Contract,8,Airflow|Docker|Power BI|SQL|Statistics|Spark,24.52,2023-07-01,"['statistics', 'sql', 'airflow', 'power bi', 'spark', 'docker']"
4758,TCS,Business Analyst,Pune,Hybrid,Internship,8,AWS|Machine Learning|Docker|Pandas,27.63,2023-10-02,"['machine learning', 'pandas', 'docker', 'aws']"
4759,Amazon,Analytics Engineer,Delhi,Onsite,Contract,7,NumPy|SQL|ETL|Excel|Docker|Data Warehousing,21.63,2023-11-26,"['numpy', 'excel', 'sql', 'etl', 'data warehousing', 'docker']"
4760,Cognizant,Senior Data Analyst,Hyderabad,Onsite,Internship,5,Power BI|Excel|Azure|Data Warehousing,17.92,2024-06-17,"['data warehousing', 'excel', 'azure', 'power bi']"
4761,Cognizant,Analytics Engineer,Bengaluru,Remote,Full-time,4,Tableau|NumPy|SQL|Power BI|Python|Pandas|AWS|Data Warehousing,17.56,2023-08-28,"['numpy', 'aws', 'sql', 'power bi', 'pandas', 'data warehousing', 'tableau', 'python']"
4762,Zoho,Analytics Engineer,Bengaluru,Hybrid,Contract,2,Excel|SQL|Power BI|Spark|Data Warehousing,10.72,2024-08-29,"['excel', 'sql', 'power bi', 'spark', 'data warehousing']"
4763,Paytm,Data Analyst,Chennai,Onsite,Full-time,6,NumPy|Pandas|Machine Learning|Power BI|Data Warehousing|Spark|Airflow|Statistics,23.29,2024-11-13,"['machine learning', 'numpy', 'statistics', 'airflow', 'power bi', 'spark', 'data warehousing', 'pandas']"
4764,Flipkart,Analytics Engineer,Pune,Onsite,Contract,7,Statistics|Azure|Spark|Docker|Excel|AWS|ETL,22.0,2024-09-04,"['statistics', 'aws', 'excel', 'spark', 'azure', 'etl', 'docker']"
4765,Infosys,Analytics Engineer,Chennai,Onsite,Full-time,0,Excel|Power BI|Tableau|Pandas,2.85,2023-12-13,"['pandas', 'tableau', 'power bi', 'excel']"
4766,Paytm,Senior Data Analyst,Pune,Hybrid,Contract,3,Machine Learning|Airflow|NumPy|AWS|Tableau|Statistics|Python,13.98,2024-03-21,"['machine learning', 'numpy', 'statistics', 'aws', 'airflow', 'tableau', 'python']"
4767,Cognizant,Senior Data Analyst,Bengaluru,Onsite,Internship,0,Power BI|Machine Learning|ETL|Data Warehousing|Docker,9.68,2023-12-05,"['machine learning', 'power bi', 'etl', 'data warehousing', 'docker']"
4768,Zoho,BI Analyst,Hyderabad,Onsite,Internship,2,Spark|Data Warehousing|Pandas|Tableau,9.93,2024-10-26,"['spark', 'data warehousing', 'tableau', 'pandas']"
4769,Infosys,Senior Data Analyst,Remote,Hybrid,Full-time,5,Python|Excel|NumPy|Docker|AWS|ETL,16.06,2024-06-19,"['numpy', 'aws', 'excel', 'etl', 'python', 'docker']"
4770,Razorpay,Data Scientist,Mumbai,Hybrid,Internship,6,Git|Pandas|Power BI|Machine Learning,26.23,2023-07-24,"['git', 'pandas', 'machine learning', 'power bi']"
4771,Paytm,Business Analyst,Pune,Remote,Internship,8,Docker|Airflow|Machine Learning|AWS|Git|Python|SQL|Spark,28.02,2023-07-04,"['machine learning', 'aws', 'git', 'sql', 'airflow', 'spark', 'python', 'docker']"
4772,TCS,Senior Data Analyst,Delhi,Hybrid,Contract,4,NumPy|SQL|Pandas|Power BI|Azure|Tableau,15.35,2023-04-08,"['numpy', 'sql', 'power bi', 'tableau', 'pandas', 'azure']"
4773,Infosys,Business Analyst,Delhi,Onsite,Internship,7,Git|Pandas|Statistics|Excel,20.14,2024-11-05,"['git', 'pandas', 'statistics', 'excel']"
4774,Cognizant,Senior Data Analyst,Mumbai,Onsite,Internship,0,AWS|Python|Git|Statistics|Data Warehousing,5.23,2024-04-30,"['statistics', 'aws', 'git', 'data warehousing', 'python']"
4775,Flipkart,Analytics Engineer,Mumbai,Onsite,Internship,8,SQL|Machine Learning|ETL|Pandas,27.82,2023-01-26,"['machine learning', 'pandas', 'sql', 'etl']"
4776,TCS,Senior Data Analyst,Bengaluru,Hybrid,Full-time,4,AWS|Git|Machine Learning|Excel|Azure,19.8,2024-05-26,"['machine learning', 'aws', 'excel', 'git', 'azure']"
4777,Cognizant,Senior Data Analyst,Delhi,Hybrid,Full-time,0,Data Warehousing|Git|Statistics|Docker|AWS|Pandas|SQL|Spark,4.27,2023-06-14,"['statistics', 'aws', 'git', 'sql', 'spark', 'data warehousing', 'pandas', 'docker']"
4778,Microsoft,Analytics Engineer,Mumbai,Remote,Internship,1,Git|SQL|Azure|ETL|NumPy,8.52,2023-11-12,"['numpy', 'git', 'sql', 'etl', 'azure']"
4779,Freshworks,BI Analyst,Mumbai,Hybrid,Full-time,6,Statistics|Python|Airflow|AWS|Spark,19.82,2024-09-02,"['statistics', 'aws', 'airflow', 'spark', 'python']"
4780,Microsoft,Senior Data Analyst,Remote,Hybrid,Full-time,1,Pandas|AWS|Power BI|Statistics|NumPy|Docker,5.31,2023-12-11,"['numpy', 'statistics', 'aws', 'power bi', 'pandas', 'docker']"
4781,Zoho,BI Analyst,Pune,Onsite,Full-time,4,Airflow|Git|Machine Learning|Pandas|NumPy|Tableau|Azure,16.39,2024-02-11,"['machine learning', 'numpy', 'git', 'airflow', 'tableau', 'pandas', 'azure']"
4782,Microsoft,Data Scientist,Chennai,Onsite,Full-time,1,Airflow|Spark|AWS|Data Warehousing,9.21,2024-05-21,"['spark', 'aws', 'airflow', 'data warehousing']"
4783,Swiggy,BI Analyst,Hyderabad,Hybrid,Contract,8,AWS|ETL|Machine Learning|Power BI|Pandas|NumPy|Azure,27.72,2023-06-27,"['machine learning', 'numpy', 'aws', 'power bi', 'etl', 'pandas', 'azure']"
4784,Deloitte,Data Analyst,Remote,Remote,Contract,0,Power BI|Python|Data Warehousing|Azure,4.61,2023-05-01,"['data warehousing', 'python', 'azure', 'power bi']"
4785,Paytm,Analytics Engineer,Bengaluru,Onsite,Contract,1,Power BI|SQL|ETL|Git|Spark|Data Warehousing,8.36,2023-11-09,"['git', 'sql', 'power bi', 'spark', 'etl', 'data warehousing']"
4786,Walmart,Senior Data Analyst,Bengaluru,Remote,Full-time,8,Azure|ETL|AWS|NumPy,28.43,2023-05-13,"['aws', 'numpy', 'etl', 'azure']"
4787,Accenture,Analytics Engineer,Delhi,Remote,Internship,0,Power BI|Pandas|Excel|ETL|Airflow,4.79,2024-05-04,"['excel', 'airflow', 'power bi', 'etl', 'pandas']"
4788,Paytm,Data Analyst,Pune,Remote,Contract,8,ETL|SQL|AWS|Power BI,26.36,2024-04-04,"['sql', 'etl', 'aws', 'power bi']"
4789,Infosys,Data Scientist,Delhi,Hybrid,Internship,3,AWS|Pandas|ETL|Excel|Power BI|Azure|Docker,16.84,2024-01-31,"['aws', 'excel', 'docker', 'power bi', 'etl', 'pandas', 'azure']"
4790,Freshworks,Data Analyst,Remote,Onsite,Internship,5,Airflow|Data Warehousing|NumPy|AWS|Azure|Power BI,17.33,2023-06-28,"['numpy', 'aws', 'airflow', 'power bi', 'data warehousing', 'azure']"
4791,Deloitte,BI Analyst,Pune,Onsite,Full-time,2,Statistics|Tableau|Spark|Machine Learning|Azure,13.14,2023-09-04,"['machine learning', 'statistics', 'spark', 'tableau', 'azure']"
4792,Paytm,Senior Data Analyst,Hyderabad,Remote,Internship,4,Statistics|Git|Pandas|Docker|Python|Machine Learning,17.06,2023-07-25,"['machine learning', 'statistics', 'git', 'pandas', 'python', 'docker']"
4793,Deloitte,Data Scientist,Hyderabad,Hybrid,Internship,5,Data Warehousing|SQL|Power BI|Machine Learning|Excel|Airflow|Python,22.6,2023-05-16,"['machine learning', 'excel', 'sql', 'airflow', 'power bi', 'data warehousing', 'python']"
4794,Microsoft,BI Analyst,Mumbai,Onsite,Full-time,8,AWS|Tableau|Azure|Git|Excel|Statistics,23.36,2023-12-01,"['statistics', 'aws', 'excel', 'git', 'tableau', 'azure']"
4795,Amazon,Senior Data Analyst,Mumbai,Onsite,Full-time,3,Pandas|Airflow|Git|Azure|Python|NumPy|ETL,12.05,2023-05-31,"['numpy', 'git', 'airflow', 'etl', 'pandas', 'python', 'azure']"
4796,Freshworks,Data Scientist,Pune,Remote,Full-time,0,Pandas|ETL|Machine Learning|Python,13.19,2024-07-19,"['machine learning', 'pandas', 'python', 'etl']"
4797,TCS,Data Scientist,Hyderabad,Onsite,Full-time,4,Azure|Data Warehousing|Tableau|Python|AWS|Power BI|Spark,16.88,2024-07-14,"['aws', 'power bi', 'spark', 'data warehousing', 'tableau', 'python', 'azure']"
4798,Accenture,BI Analyst,Hyderabad,Onsite,Contract,0,Azure|NumPy|Airflow|Power BI|Spark,3.98,2023-08-19,"['numpy', 'airflow', 'power bi', 'spark', 'azure']"
4799,Paytm,Senior Data Analyst,Mumbai,Remote,Internship,2,Power BI|Airflow|Docker|Python|Machine Learning|Tableau,14.0,2023-09-18,"['machine learning', 'airflow', 'power bi', 'tableau', 'python', 'docker']"
4800,Zoho,Analytics Engineer,Delhi,Hybrid,Full-time,4,Pandas|Data Warehousing|Tableau|Azure|Git|Power BI|Spark|Machine Learning,17.76,2024-02-09,"['machine learning', 'tableau', 'git', 'power bi', 'spark', 'data warehousing', 'pandas', 'azure']"
4801,Accenture,Analytics Engineer,Pune,Onsite,Full-time,7,SQL|Tableau|Airflow|Machine Learning,25.81,2023-04-24,"['machine learning', 'tableau', 'sql', 'airflow']"
4802,Microsoft,Data Scientist,Chennai,Hybrid,Contract,3,Azure|Pandas|SQL|Airflow|Excel|ETL|Data Warehousing,15.34,2023-06-08,"['excel', 'sql', 'airflow', 'etl', 'data warehousing', 'pandas', 'azure']"
4803,Paytm,Data Analyst,Hyderabad,Onsite,Contract,0,Data Warehousing|ETL|Airflow|Excel|Git|Docker,3.53,2024-11-30,"['excel', 'git', 'airflow', 'etl', 'data warehousing', 'docker']"
4804,Infosys,Business Analyst,Chennai,Remote,Contract,0,ETL|Machine Learning|Data Warehousing|Docker|Airflow,8.57,2024-03-24,"['machine learning', 'airflow', 'etl', 'data warehousing', 'docker']"
4805,Razorpay,Business Analyst,Remote,Remote,Internship,2,SQL|Airflow|Azure|Python,10.65,2023-01-03,"['azure', 'sql', 'airflow', 'python']"
4806,Cognizant,BI Analyst,Mumbai,Hybrid,Full-time,7,Docker|Airflow|Statistics|ETL|Pandas,21.56,2024-05-13,"['statistics', 'airflow', 'etl', 'pandas', 'docker']"
4807,Infosys,Data Scientist,Pune,Remote,Internship,5,Statistics|Data Warehousing|Tableau|Pandas|Git|Machine Learning|Airflow,24.05,2024-06-30,"['machine learning', 'statistics', 'git', 'airflow', 'pandas', 'data warehousing', 'tableau']"
4808,Walmart,Data Scientist,Chennai,Remote,Internship,4,Azure|Docker|AWS|Spark,19.38,2023-04-18,"['aws', 'spark', 'docker', 'azure']"
4809,Deloitte,Business Analyst,Hyderabad,Hybrid,Internship,7,Tableau|Excel|Spark|Azure|Python|Statistics|AWS|NumPy,20.11,2024-08-11,"['statistics', 'numpy', 'aws', 'excel', 'spark', 'tableau', 'python', 'azure']"
4810,Walmart,Senior Data Analyst,Pune,Onsite,Contract,2,Machine Learning|Excel|Airflow|Statistics|Pandas,11.85,2023-09-09,"['machine learning', 'statistics', 'excel', 'airflow', 'pandas']"
4811,Paytm,Business Analyst,Pune,Hybrid,Contract,0,ETL|Python|SQL|Git,3.49,2024-02-05,"['git', 'python', 'etl', 'sql']"
4812,Microsoft,BI Analyst,Remote,Hybrid,Internship,4,Statistics|Spark|SQL|Python|NumPy|Data Warehousing|Excel,14.57,2024-09-12,"['numpy', 'statistics', 'excel', 'sql', 'spark', 'data warehousing', 'python']"
4813,Infosys,Analytics Engineer,Bengaluru,Onsite,Internship,0,Tableau|Airflow|Statistics|Azure|Git|Machine Learning|Spark,9.93,2023-10-21,"['machine learning', 'statistics', 'git', 'airflow', 'spark', 'tableau', 'azure']"
4814,Freshworks,Business Analyst,Bengaluru,Remote,Contract,3,Python|NumPy|Tableau|Excel,15.92,2023-05-04,"['tableau', 'numpy', 'python', 'excel']"
4815,Deloitte,Data Scientist,Remote,Onsite,Full-time,5,NumPy|Data Warehousing|Python|Airflow,21.83,2023-01-11,"['data warehousing', 'numpy', 'python', 'airflow']"
4816,Swiggy,Senior Data Analyst,Bengaluru,Onsite,Contract,4,Tableau|Statistics|ETL|Spark|Data Warehousing,16.21,2023-01-30,"['statistics', 'spark', 'etl', 'data warehousing', 'tableau']"
4817,Accenture,Analytics Engineer,Hyderabad,Remote,Contract,8,Tableau|ETL|Spark|Pandas|AWS|Airflow|Statistics|Data Warehousing,25.93,2023-05-17,"['statistics', 'aws', 'airflow', 'pandas', 'spark', 'etl', 'data warehousing', 'tableau']"
4818,Walmart,Analytics Engineer,Pune,Onsite,Full-time,0,Excel|Statistics|Git|Airflow|Spark|Azure|AWS|Machine Learning,7.23,2024-10-06,"['machine learning', 'statistics', 'aws', 'excel', 'git', 'airflow', 'spark', 'azure']"
4819,Amazon,BI Analyst,Mumbai,Hybrid,Internship,2,Machine Learning|Docker|ETL|Statistics,13.22,2023-08-16,"['machine learning', 'statistics', 'etl', 'docker']"
4820,Deloitte,Data Analyst,Delhi,Remote,Contract,6,Power BI|Machine Learning|ETL|NumPy|Statistics|Python|Airflow|Docker,24.25,2023-09-20,"['machine learning', 'numpy', 'statistics', 'airflow', 'power bi', 'etl', 'python', 'docker']"
4821,Paytm,Senior Data Analyst,Chennai,Hybrid,Contract,1,Spark|Power BI|Python|SQL,5.5,2023-06-29,"['spark', 'python', 'sql', 'power bi']"
4822,Accenture,Senior Data Analyst,Mumbai,Hybrid,Full-time,7,Python|Tableau|Machine Learning|Spark|Data Warehousing,24.01,2023-11-05,"['machine learning', 'spark', 'data warehousing', 'tableau', 'python']"
4823,Walmart,Business Analyst,Pune,Remote,Internship,0,Pandas|ETL|Git|Airflow|Power BI,5.12,2023-04-28,"['git', 'airflow', 'power bi', 'etl', 'pandas']"
4824,TCS,Senior Data Analyst,Hyderabad,Hybrid,Full-time,2,Excel|Statistics|SQL|Docker|Git|Spark|Data Warehousing,9.68,2024-01-28,"['statistics', 'excel', 'git', 'sql', 'spark', 'data warehousing', 'docker']"
4825,Freshworks,Analytics Engineer,Hyderabad,Hybrid,Internship,2,Git|Data Warehousing|Airflow|Pandas|ETL|AWS|Statistics,8.9,2024-10-31,"['statistics', 'aws', 'git', 'airflow', 'etl', 'data warehousing', 'pandas']"
4826,Microsoft,Analytics Engineer,Delhi,Hybrid,Internship,4,Python|Spark|Tableau|ETL|Excel|NumPy|Pandas,15.19,2023-03-04,"['numpy', 'excel', 'pandas', 'spark', 'etl', 'tableau', 'python']"
4827,TCS,BI Analyst,Mumbai,Hybrid,Contract,8,Machine Learning|Docker|Airflow|Azure|AWS,26.78,2023-10-25,"['machine learning', 'aws', 'docker', 'airflow', 'azure']"
4828,Infosys,Business Analyst,Hyderabad,Remote,Full-time,2,Power BI|ETL|Statistics|Airflow|Tableau|NumPy|Python|Pandas,11.74,2024-07-10,"['statistics', 'numpy', 'airflow', 'power bi', 'pandas', 'etl', 'tableau', 'python']"
4829,Amazon,Data Analyst,Pune,Remote,Internship,0,SQL|ETL|Docker|Spark,6.92,2023-04-30,"['spark', 'sql', 'etl', 'docker']"
4830,Swiggy,Business Analyst,Pune,Remote,Full-time,6,ETL|Machine Learning|SQL|AWS|Data Warehousing,22.14,2023-07-07,"['machine learning', 'aws', 'sql', 'etl', 'data warehousing']"
4831,Paytm,Senior Data Analyst,Remote,Hybrid,Contract,0,Power BI|NumPy|Tableau|AWS|Azure|Data Warehousing|Spark|Statistics,3.37,2024-01-14,"['numpy', 'statistics', 'aws', 'power bi', 'spark', 'data warehousing', 'tableau', 'azure']"
4832,Walmart,Data Scientist,Delhi,Remote,Contract,5,AWS|ETL|Power BI|Statistics|Machine Learning|Docker,24.02,2023-10-17,"['machine learning', 'statistics', 'aws', 'power bi', 'etl', 'docker']"
4833,Zoho,Data Scientist,Pune,Remote,Internship,7,Git|AWS|Python|NumPy,26.85,2024-08-14,"['git', 'numpy', 'python', 'aws']"
4834,Deloitte,Senior Data Analyst,Pune,Remote,Contract,2,Airflow|Tableau|ETL|Statistics,11.61,2023-07-15,"['tableau', 'etl', 'statistics', 'airflow']"
4835,Cognizant,BI Analyst,Mumbai,Hybrid,Full-time,1,Excel|Azure|Spark|AWS|Tableau|Python|Machine Learning|Statistics,8.09,2023-03-13,"['machine learning', 'statistics', 'aws', 'excel', 'spark', 'tableau', 'python', 'azure']"
4836,Razorpay,Analytics Engineer,Chennai,Remote,Contract,1,Power BI|Pandas|Git|NumPy|Tableau,8.17,2024-01-10,"['numpy', 'git', 'pandas', 'power bi', 'tableau']"
4837,Razorpay,BI Analyst,Delhi,Hybrid,Internship,1,Pandas|Airflow|Power BI|Git,7.51,2023-04-15,"['git', 'pandas', 'airflow', 'power bi']"
4838,Freshworks,Business Analyst,Chennai,Onsite,Full-time,3,Docker|Excel|Airflow|Git|Machine Learning|ETL,15.02,2024-07-08,"['machine learning', 'excel', 'git', 'airflow', 'etl', 'docker']"
4839,Infosys,Analytics Engineer,Hyderabad,Onsite,Full-time,4,Tableau|Pandas|ETL|Spark,13.3,2023-07-10,"['spark', 'tableau', 'etl', 'pandas']"
4840,Freshworks,Analytics Engineer,Pune,Remote,Full-time,1,Pandas|Tableau|Power BI|Excel|Statistics|AWS|NumPy|Azure,8.04,2023-01-27,"['statistics', 'numpy', 'aws', 'excel', 'pandas', 'power bi', 'tableau', 'azure']"
4841,TCS,Data Analyst,Pune,Hybrid,Internship,7,Machine Learning|SQL|AWS|Git|Tableau,23.64,2024-03-01,"['machine learning', 'aws', 'git', 'sql', 'tableau']"
4842,Cognizant,Analytics Engineer,Pune,Remote,Internship,4,Tableau|AWS|Spark|Azure|SQL|Git|ETL|NumPy,16.57,2023-04-13,"['numpy', 'aws', 'git', 'sql', 'spark', 'etl', 'tableau', 'azure']"
4843,Swiggy,Senior Data Analyst,Chennai,Remote,Internship,5,Excel|Python|Machine Learning|Spark,20.78,2023-09-13,"['spark', 'machine learning', 'python', 'excel']"
4844,Walmart,Senior Data Analyst,Delhi,Remote,Full-time,1,Machine Learning|SQL|Pandas|NumPy|Data Warehousing|Excel|Azure|Git,10.14,2023-09-16,"['machine learning', 'numpy', 'excel', 'git', 'sql', 'data warehousing', 'pandas', 'azure']"
4845,Accenture,Data Analyst,Pune,Onsite,Contract,0,Spark|Pandas|Machine Learning|Statistics|Data Warehousing|AWS|Airflow,8.09,2023-12-14,"['machine learning', 'statistics', 'aws', 'airflow', 'spark', 'data warehousing', 'pandas']"
4846,Razorpay,Data Scientist,Hyderabad,Remote,Full-time,5,Excel|Pandas|ETL|AWS,20.85,2023-06-10,"['pandas', 'etl', 'aws', 'excel']"
4847,Infosys,BI Analyst,Chennai,Remote,Contract,2,Machine Learning|AWS|Azure|Airflow|ETL|Pandas,12.74,2023-01-14,"['machine learning', 'aws', 'airflow', 'etl', 'pandas', 'azure']"
4848,Zoho,Analytics Engineer,Hyderabad,Remote,Internship,5,Excel|Azure|Data Warehousing|Airflow|NumPy|Statistics|Spark|Power BI,17.83,2024-05-11,"['numpy', 'statistics', 'excel', 'airflow', 'power bi', 'spark', 'data warehousing', 'azure']"
4849,Zoho,Business Analyst,Pune,Onsite,Contract,0,Azure|Power BI|NumPy|Tableau|Machine Learning|Python|Git,7.76,2024-09-28,"['machine learning', 'numpy', 'git', 'power bi', 'tableau', 'python', 'azure']"
4850,Microsoft,Data Analyst,Pune,Hybrid,Contract,0,NumPy|Git|Spark|Power BI|Docker|AWS|SQL,4.1,2023-08-11,"['numpy', 'aws', 'git', 'sql', 'power bi', 'spark', 'docker']"
4851,Cognizant,Data Analyst,Mumbai,Onsite,Full-time,4,AWS|Machine Learning|Python|Azure|Spark|Power BI,16.59,2023-12-07,"['machine learning', 'aws', 'power bi', 'spark', 'python', 'azure']"
4852,Walmart,Data Scientist,Mumbai,Onsite,Full-time,5,Machine Learning|AWS|SQL|Azure|Excel|ETL|Power BI|Docker,22.98,2024-02-16,"['machine learning', 'aws', 'excel', 'sql', 'docker', 'power bi', 'etl', 'azure']"
4853,Razorpay,Data Scientist,Delhi,Hybrid,Internship,2,Statistics|Spark|Git|SQL|Docker,12.4,2024-06-07,"['statistics', 'git', 'sql', 'spark', 'docker']"
4854,Paytm,BI Analyst,Pune,Onsite,Full-time,3,Statistics|SQL|Pandas|Machine Learning|Excel|NumPy|Python,15.84,2023-09-27,"['machine learning', 'statistics', 'numpy', 'excel', 'sql', 'pandas', 'python']"
4855,Paytm,Senior Data Analyst,Bengaluru,Remote,Contract,1,Spark|NumPy|SQL|Statistics|Power BI|ETL|Git,10.97,2023-12-01,"['numpy', 'statistics', 'git', 'sql', 'power bi', 'spark', 'etl']"
4856,Deloitte,Business Analyst,Chennai,Onsite,Internship,1,Git|Airflow|SQL|ETL|Power BI|NumPy,6.61,2024-09-15,"['numpy', 'git', 'sql', 'airflow', 'power bi', 'etl']"
4857,Deloitte,BI Analyst,Delhi,Hybrid,Contract,5,Data Warehousing|Azure|Tableau|Statistics|AWS|Airflow,17.8,2023-03-25,"['statistics', 'aws', 'airflow', 'data warehousing', 'tableau', 'azure']"
4858,Microsoft,Data Scientist,Mumbai,Hybrid,Full-time,6,SQL|Airflow|Pandas|Data Warehousing|Docker|AWS|Machine Learning|Azure,26.43,2024-05-01,"['machine learning', 'aws', 'sql', 'airflow', 'azure', 'data warehousing', 'pandas', 'docker']"
4859,Infosys,Business Analyst,Delhi,Hybrid,Internship,1,Git|Azure|Excel|Pandas|Statistics|Data Warehousing|Airflow,6.19,2024-06-17,"['statistics', 'excel', 'git', 'airflow', 'data warehousing', 'pandas', 'azure']"
4860,Amazon,Senior Data Analyst,Remote,Remote,Internship,5,Data Warehousing|NumPy|Excel|Machine Learning|Airflow|Pandas|ETL|Git,22.29,2024-04-22,"['machine learning', 'numpy', 'excel', 'git', 'airflow', 'etl', 'data warehousing', 'pandas']"
4861,Freshworks,Senior Data Analyst,Hyderabad,Hybrid,Internship,4,Power BI|Azure|NumPy|Pandas,12.65,2023-03-28,"['pandas', 'numpy', 'azure', 'power bi']"
4862,TCS,Senior Data Analyst,Mumbai,Remote,Full-time,6,Airflow|Data Warehousing|Git|ETL|AWS,20.62,2024-01-12,"['aws', 'git', 'airflow', 'etl', 'data warehousing']"
4863,Zoho,BI Analyst,Hyderabad,Onsite,Internship,2,SQL|Azure|Excel|NumPy,9.66,2023-10-12,"['numpy', 'sql', 'azure', 'excel']"
4864,Flipkart,BI Analyst,Pune,Hybrid,Full-time,0,Airflow|AWS|ETL|Data Warehousing|Tableau|Power BI|Docker,4.58,2024-07-05,"['aws', 'airflow', 'power bi', 'etl', 'data warehousing', 'tableau', 'docker']"
4865,Paytm,Analytics Engineer,Mumbai,Onsite,Internship,8,Statistics|Data Warehousing|Azure|SQL|Excel,22.96,2023-10-20,"['statistics', 'excel', 'sql', 'data warehousing', 'azure']"
4866,Freshworks,Senior Data Analyst,Hyderabad,Hybrid,Full-time,2,Pandas|Python|Git|Airflow|NumPy|Docker|Spark|Data Warehousing,9.33,2023-03-31,"['numpy', 'git', 'airflow', 'spark', 'data warehousing', 'pandas', 'python', 'docker']"
4867,Accenture,Analytics Engineer,Bengaluru,Onsite,Contract,0,Excel|Power BI|Python|Git,6.74,2024-02-13,"['git', 'python', 'power bi', 'excel']"
4868,Accenture,Data Analyst,Bengaluru,Hybrid,Contract,7,Python|Airflow|ETL|Excel|Docker|Spark|AWS|Azure,24.86,2024-05-12,"['aws', 'excel', 'airflow', 'spark', 'azure', 'etl', 'python', 'docker']"
4869,Accenture,Senior Data Analyst,Bengaluru,Onsite,Full-time,0,AWS|Pandas|ETL|Python|Airflow,6.94,2024-08-10,"['aws', 'airflow', 'etl', 'pandas', 'python']"
4870,Freshworks,Senior Data Analyst,Bengaluru,Remote,Full-time,3,NumPy|Git|Pandas|AWS|Power BI|Statistics,16.09,2024-02-08,"['numpy', 'statistics', 'aws', 'git', 'power bi', 'pandas']"
4871,Infosys,BI Analyst,Remote,Remote,Internship,2,Excel|NumPy|Tableau|Machine Learning|Python|SQL,14.29,2024-04-30,"['machine learning', 'numpy', 'excel', 'sql', 'tableau', 'python']"
4872,Zoho,Data Analyst,Chennai,Remote,Contract,1,Git|AWS|Excel|NumPy|Python|Machine Learning|Tableau,10.3,2023-04-30,"['machine learning', 'numpy', 'aws', 'excel', 'git', 'tableau', 'python']"
4873,TCS,Data Scientist,Hyderabad,Onsite,Full-time,5,Git|NumPy|SQL|Power BI,21.57,2024-11-29,"['git', 'numpy', 'sql', 'power bi']"
4874,Amazon,Senior Data Analyst,Bengaluru,Remote,Contract,7,Pandas|Tableau|Docker|Statistics|Excel|SQL|Azure,24.86,2023-04-18,"['statistics', 'excel', 'sql', 'pandas', 'azure', 'tableau', 'docker']"
4875,Cognizant,Data Analyst,Hyderabad,Onsite,Full-time,6,Docker|Airflow|Machine Learning|Azure|AWS|Git,22.65,2024-11-21,"['machine learning', 'aws', 'git', 'docker', 'airflow', 'azure']"
4876,Walmart,Data Scientist,Delhi,Remote,Full-time,2,Data Warehousing|Airflow|Python|Power BI|ETL|Machine Learning|Excel,18.33,2024-02-28,"['machine learning', 'excel', 'airflow', 'power bi', 'etl', 'data warehousing', 'python']"
4877,Razorpay,Senior Data Analyst,Delhi,Remote,Internship,5,Python|Power BI|ETL|SQL|Azure|AWS,16.74,2024-11-23,"['aws', 'sql', 'power bi', 'etl', 'python', 'azure']"
4878,Infosys,Data Scientist,Chennai,Onsite,Contract,5,Azure|NumPy|Git|Pandas|AWS,19.25,2024-08-09,"['numpy', 'aws', 'git', 'pandas', 'azure']"
4879,Cognizant,Senior Data Analyst,Delhi,Remote,Contract,4,ETL|SQL|Pandas|Airflow|AWS|Excel|Spark|Git,15.7,2023-09-24,"['aws', 'excel', 'git', 'sql', 'airflow', 'spark', 'etl', 'pandas']"
4880,Deloitte,Business Analyst,Hyderabad,Remote,Internship,1,Excel|SQL|Azure|Airflow,8.5,2023-01-02,"['airflow', 'sql', 'azure', 'excel']"
4881,TCS,BI Analyst,Bengaluru,Onsite,Full-time,1,Docker|Python|Data Warehousing|Excel|Power BI,9.41,2023-01-07,"['excel', 'power bi', 'data warehousing', 'python', 'docker']"
4882,Zoho,Senior Data Analyst,Chennai,Remote,Contract,6,ETL|Data Warehousing|Pandas|Power BI|SQL|Python|Spark|Machine Learning,22.94,2023-06-29,"['machine learning', 'sql', 'power bi', 'spark', 'etl', 'data warehousing', 'pandas', 'python']"
4883,Paytm,Data Scientist,Bengaluru,Remote,Contract,5,Data Warehousing|Airflow|Docker|Power BI|Git|ETL|AWS,23.47,2023-09-30,"['aws', 'git', 'airflow', 'power bi', 'etl', 'data warehousing', 'docker']"
4884,Cognizant,Data Analyst,Pune,Onsite,Full-time,7,Python|Spark|Docker|NumPy,22.2,2024-09-26,"['spark', 'numpy', 'python', 'docker']"
4885,Accenture,Data Scientist,Delhi,Hybrid,Internship,6,SQL|Git|Python|Docker|NumPy|Excel|Azure|Machine Learning,26.64,2023-12-09,"['machine learning', 'numpy', 'excel', 'git', 'sql', 'azure', 'python', 'docker']"
4886,Infosys,Data Scientist,Pune,Hybrid,Full-time,3,Azure|Power BI|Statistics|Pandas|Data Warehousing|ETL|Python|Excel,14.12,2024-06-17,"['statistics', 'excel', 'power bi', 'etl', 'data warehousing', 'pandas', 'python', 'azure']"
4887,Accenture,Data Scientist,Hyderabad,Remote,Full-time,0,Airflow|Excel|Statistics|Tableau|Power BI|Pandas|Spark,9.38,2023-11-11,"['statistics', 'excel', 'airflow', 'power bi', 'pandas', 'spark', 'tableau']"
4888,Walmart,Analytics Engineer,Bengaluru,Hybrid,Internship,3,Airflow|Pandas|Docker|Power BI|ETL,14.35,2023-11-08,"['airflow', 'power bi', 'etl', 'pandas', 'docker']"
4889,Microsoft,Business Analyst,Chennai,Hybrid,Full-time,7,Excel|Statistics|Docker|Python|SQL,21.27,2024-01-08,"['statistics', 'excel', 'sql', 'python', 'docker']"
4890,Swiggy,Business Analyst,Mumbai,Hybrid,Internship,8,Azure|AWS|Git|SQL,23.0,2023-08-06,"['aws', 'git', 'sql', 'azure']"
4891,Amazon,BI Analyst,Chennai,Onsite,Internship,1,Tableau|Python|Excel|Airflow,5.11,2023-02-14,"['tableau', 'python', 'airflow', 'excel']"
4892,Freshworks,Analytics Engineer,Delhi,Remote,Internship,0,Statistics|Machine Learning|Python|Azure|AWS|NumPy|Git|Docker,9.63,2024-02-18,"['machine learning', 'statistics', 'numpy', 'aws', 'git', 'docker', 'python', 'azure']"
4893,Walmart,Senior Data Analyst,Chennai,Onsite,Internship,8,Spark|Azure|Machine Learning|ETL|Excel|Power BI|Data Warehousing,26.89,2024-02-04,"['machine learning', 'excel', 'power bi', 'spark', 'etl', 'data warehousing', 'azure']"
4894,Accenture,Senior Data Analyst,Hyderabad,Remote,Full-time,7,Spark|Docker|ETL|Airflow|Excel|Git,22.98,2023-12-16,"['excel', 'git', 'airflow', 'spark', 'etl', 'docker']"
4895,Microsoft,Data Analyst,Chennai,Remote,Full-time,3,Spark|Excel|Data Warehousing|NumPy|Statistics,11.91,2023-07-11,"['numpy', 'statistics', 'excel', 'spark', 'data warehousing']"
4896,Freshworks,Data Analyst,Mumbai,Remote,Full-time,6,SQL|Spark|Power BI|Tableau|Machine Learning|Data Warehousing|Excel,22.23,2023-10-22,"['machine learning', 'excel', 'sql', 'power bi', 'spark', 'data warehousing', 'tableau']"
4897,TCS,Data Scientist,Mumbai,Onsite,Contract,0,Azure|Git|ETL|Statistics|Docker,7.03,2023-02-21,"['statistics', 'git', 'azure', 'etl', 'docker']"
4898,Flipkart,Analytics Engineer,Chennai,Remote,Full-time,3,Airflow|NumPy|ETL|Power BI|Data Warehousing|Tableau|SQL|Statistics,12.11,2024-04-23,"['numpy', 'statistics', 'sql', 'airflow', 'power bi', 'etl', 'data warehousing', 'tableau']"
4899,Flipkart,Data Scientist,Chennai,Remote,Contract,4,Git|Docker|Tableau|Python|Airflow|Spark|NumPy,19.53,2024-04-09,"['numpy', 'git', 'airflow', 'spark', 'tableau', 'python', 'docker']"
4900,Infosys,Senior Data Analyst,Hyderabad,Remote,Internship,4,Power BI|Spark|Azure|Git|Machine Learning|AWS|Statistics,18.92,2024-05-18,"['machine learning', 'statistics', 'aws', 'git', 'power bi', 'spark', 'azure']"
4901,Deloitte,Senior Data Analyst,Hyderabad,Remote,Contract,8,Machine Learning|AWS|Azure|Docker,29.56,2023-07-24,"['machine learning', 'azure', 'docker', 'aws']"
4902,Swiggy,Analytics Engineer,Bengaluru,Onsite,Contract,7,Tableau|Python|Statistics|Pandas|ETL|Docker|NumPy,23.04,2023-12-28,"['statistics', 'numpy', 'pandas', 'etl', 'tableau', 'python', 'docker']"
4903,Flipkart,Data Analyst,Bengaluru,Onsite,Full-time,0,AWS|Tableau|Machine Learning|Git|NumPy|Data Warehousing|Airflow,9.16,2024-09-14,"['machine learning', 'numpy', 'aws', 'git', 'airflow', 'data warehousing', 'tableau']"
4904,Infosys,Data Analyst,Mumbai,Hybrid,Contract,7,Data Warehousing|Git|Docker|Power BI,22.47,2023-07-10,"['data warehousing', 'git', 'docker', 'power bi']"
4905,Accenture,Analytics Engineer,Remote,Hybrid,Contract,3,Spark|Airflow|Power BI|Azure,10.18,2023-02-19,"['spark', 'azure', 'airflow', 'power bi']"
4906,Microsoft,Data Scientist,Bengaluru,Hybrid,Contract,1,Airflow|ETL|NumPy|AWS,11.74,2023-06-05,"['aws', 'numpy', 'etl', 'airflow']"
4907,Swiggy,Analytics Engineer,Delhi,Onsite,Full-time,2,AWS|Git|SQL|Data Warehousing,7.89,2023-09-11,"['data warehousing', 'git', 'sql', 'aws']"
4908,Cognizant,BI Analyst,Pune,Hybrid,Full-time,1,ETL|Statistics|Power BI|Pandas,7.5,2023-05-04,"['pandas', 'statistics', 'etl', 'power bi']"
4909,TCS,Business Analyst,Chennai,Onsite,Internship,0,AWS|SQL|Pandas|NumPy|Spark,3.83,2023-03-22,"['numpy', 'aws', 'sql', 'spark', 'pandas']"
4910,Freshworks,Data Analyst,Remote,Remote,Full-time,4,NumPy|Power BI|Airflow|SQL|Machine Learning|Spark|Data Warehousing,19.61,2024-10-29,"['machine learning', 'numpy', 'sql', 'airflow', 'power bi', 'spark', 'data warehousing']"
4911,Amazon,Analytics Engineer,Chennai,Remote,Full-time,8,NumPy|Spark|Python|Azure|Pandas|Excel|ETL,24.33,2023-04-20,"['numpy', 'excel', 'spark', 'etl', 'pandas', 'python', 'azure']"
4912,Walmart,Data Analyst,Hyderabad,Hybrid,Internship,2,AWS|Git|Python|Data Warehousing|Docker|Statistics,7.81,2024-01-02,"['statistics', 'aws', 'git', 'data warehousing', 'python', 'docker']"
4913,TCS,Data Analyst,Remote,Hybrid,Contract,5,Python|Git|ETL|Docker|NumPy|Excel,16.95,2024-11-29,"['numpy', 'excel', 'git', 'etl', 'python', 'docker']"
4914,Amazon,Data Scientist,Chennai,Hybrid,Internship,2,Machine Learning|NumPy|ETL|Data Warehousing|Spark|SQL|Tableau|Airflow,16.76,2023-10-16,"['machine learning', 'numpy', 'sql', 'airflow', 'spark', 'etl', 'data warehousing', 'tableau']"
4915,Paytm,Data Scientist,Delhi,Hybrid,Contract,0,Excel|Python|Docker|Git|Statistics|Machine Learning|Data Warehousing,12.48,2023-10-11,"['machine learning', 'statistics', 'excel', 'git', 'data warehousing', 'python', 'docker']"
4916,Zoho,Analytics Engineer,Delhi,Hybrid,Full-time,4,Pandas|Excel|Power BI|Statistics,14.56,2023-05-13,"['statistics', 'pandas', 'power bi', 'excel']"
4917,Swiggy,Analytics Engineer,Hyderabad,Remote,Contract,0,Docker|ETL|Power BI|Pandas|Git|Statistics|AWS,6.45,2023-09-18,"['statistics', 'aws', 'git', 'power bi', 'etl', 'pandas', 'docker']"
4918,Walmart,Senior Data Analyst,Delhi,Onsite,Full-time,1,SQL|Airflow|Statistics|Git|Excel|Azure|Power BI|Data Warehousing,7.27,2024-07-24,"['statistics', 'excel', 'git', 'sql', 'airflow', 'power bi', 'data warehousing', 'azure']"
4919,Infosys,Data Analyst,Pune,Onsite,Contract,6,Machine Learning|AWS|Tableau|Docker|Spark,22.55,2024-06-15,"['machine learning', 'aws', 'spark', 'tableau', 'docker']"
4920,Swiggy,Business Analyst,Chennai,Onsite,Full-time,5,Spark|Machine Learning|Power BI|Airflow|Tableau|Statistics|Docker,18.77,2024-04-12,"['machine learning', 'statistics', 'airflow', 'power bi', 'spark', 'tableau', 'docker']"
4921,Accenture,Senior Data Analyst,Bengaluru,Onsite,Contract,8,Data Warehousing|NumPy|Power BI|Git|Pandas|Tableau|Airflow,25.84,2024-04-01,"['numpy', 'tableau', 'git', 'airflow', 'power bi', 'data warehousing', 'pandas']"
4922,Flipkart,Data Scientist,Pune,Onsite,Internship,6,Python|NumPy|Tableau|Machine Learning|Excel|Statistics|SQL|Git,26.08,2024-05-20,"['machine learning', 'numpy', 'statistics', 'excel', 'git', 'sql', 'tableau', 'python']"
4923,Accenture,Data Scientist,Delhi,Remote,Full-time,7,Excel|Pandas|Power BI|Airflow|SQL|Azure,28.44,2023-02-16,"['excel', 'sql', 'airflow', 'power bi', 'pandas', 'azure']"
4924,Amazon,Data Scientist,Hyderabad,Onsite,Contract,4,Excel|NumPy|Azure|Data Warehousing,17.18,2024-07-12,"['data warehousing', 'numpy', 'azure', 'excel']"
4925,Flipkart,Data Scientist,Hyderabad,Onsite,Full-time,3,AWS|Spark|Git|Airflow|Tableau|Pandas|Python|Azure,15.99,2024-02-26,"['aws', 'git', 'airflow', 'pandas', 'spark', 'tableau', 'python', 'azure']"
4926,Deloitte,Analytics Engineer,Remote,Hybrid,Contract,3,Airflow|Docker|AWS|Excel|Azure|Tableau|NumPy,11.13,2024-09-29,"['numpy', 'aws', 'excel', 'docker', 'airflow', 'tableau', 'azure']"
4927,Swiggy,Analytics Engineer,Chennai,Hybrid,Internship,1,ETL|Azure|Docker|Spark|SQL|Tableau|Data Warehousing|Excel,5.96,2023-06-15,"['excel', 'sql', 'spark', 'azure', 'etl', 'data warehousing', 'tableau', 'docker']"
4928,TCS,BI Analyst,Mumbai,Onsite,Internship,7,NumPy|ETL|Docker|Pandas|AWS|Excel|Power BI,21.51,2024-07-10,"['numpy', 'aws', 'excel', 'power bi', 'etl', 'pandas', 'docker']"
4929,Accenture,Data Scientist,Hyderabad,Hybrid,Internship,6,Airflow|Docker|NumPy|Tableau,23.88,2023-02-05,"['tableau', 'numpy', 'docker', 'airflow']"
4930,Freshworks,Data Analyst,Mumbai,Hybrid,Internship,1,Machine Learning|Tableau|NumPy|Data Warehousing|Power BI|Excel,8.02,2023-12-31,"['machine learning', 'numpy', 'excel', 'power bi', 'data warehousing', 'tableau']"
4931,Microsoft,Senior Data Analyst,Chennai,Remote,Contract,1,Machine Learning|SQL|Docker|NumPy,12.46,2024-02-11,"['machine learning', 'numpy', 'sql', 'docker']"
4932,Amazon,Data Analyst,Chennai,Onsite,Contract,2,ETL|Machine Learning|AWS|Python|Statistics|Pandas|Tableau,12.04,2023-09-24,"['machine learning', 'statistics', 'aws', 'etl', 'tableau', 'pandas', 'python']"
4933,Swiggy,BI Analyst,Bengaluru,Hybrid,Internship,2,NumPy|Statistics|Excel|Azure|AWS|Pandas|Data Warehousing|Spark,11.1,2023-06-08,"['numpy', 'statistics', 'aws', 'excel', 'spark', 'data warehousing', 'pandas', 'azure']"
4934,Walmart,Business Analyst,Pune,Remote,Full-time,0,AWS|ETL|NumPy|Python|Pandas|Data Warehousing|Git|Statistics,5.09,2024-03-19,"['numpy', 'statistics', 'aws', 'git', 'etl', 'data warehousing', 'pandas', 'python']"
4935,Walmart,Business Analyst,Pune,Remote,Internship,4,NumPy|Statistics|Airflow|Excel|Docker|SQL|Git|Data Warehousing,15.15,2023-07-29,"['numpy', 'statistics', 'excel', 'git', 'sql', 'airflow', 'data warehousing', 'docker']"
4936,Amazon,Analytics Engineer,Hyderabad,Hybrid,Internship,2,Pandas|Tableau|Airflow|Excel|Azure|AWS,9.76,2024-10-16,"['aws', 'excel', 'airflow', 'pandas', 'tableau', 'azure']"
4937,Swiggy,Data Scientist,Pune,Hybrid,Contract,2,SQL|Statistics|Data Warehousing|Airflow|Spark|Git|NumPy|Machine Learning,15.29,2023-09-27,"['machine learning', 'statistics', 'numpy', 'git', 'sql', 'airflow', 'spark', 'data warehousing']"
4938,Cognizant,Analytics Engineer,Bengaluru,Hybrid,Internship,6,Git|NumPy|Power BI|Python|Statistics|SQL|Machine Learning|Spark,23.26,2023-04-28,"['machine learning', 'numpy', 'statistics', 'git', 'sql', 'power bi', 'spark', 'python']"
4939,TCS,Analytics Engineer,Bengaluru,Remote,Internship,2,ETL|Power BI|Machine Learning|Spark|Airflow|Statistics|Azure,15.03,2024-08-08,"['machine learning', 'statistics', 'airflow', 'power bi', 'spark', 'etl', 'azure']"
4940,Razorpay,Data Scientist,Bengaluru,Remote,Internship,7,Python|Spark|Airflow|Excel|SQL|AWS,30.07,2024-08-22,"['aws', 'excel', 'sql', 'airflow', 'spark', 'python']"
4941,Microsoft,Senior Data Analyst,Pune,Onsite,Contract,8,Tableau|Data Warehousing|Git|Statistics|Excel|Power BI,22.89,2024-03-30,"['statistics', 'excel', 'git', 'power bi', 'data warehousing', 'tableau']"
4942,Cognizant,Data Analyst,Chennai,Remote,Internship,4,Power BI|Pandas|Docker|Data Warehousing|Machine Learning|Azure,18.93,2023-08-12,"['machine learning', 'power bi', 'azure', 'data warehousing', 'pandas', 'docker']"
4943,Deloitte,BI Analyst,Hyderabad,Onsite,Full-time,0,Tableau|SQL|Spark|Data Warehousing|Pandas|Statistics|Azure|Excel,4.2,2023-04-30,"['statistics', 'excel', 'sql', 'pandas', 'spark', 'data warehousing', 'tableau', 'azure']"
4944,Microsoft,Data Analyst,Delhi,Hybrid,Internship,4,Pandas|Machine Learning|NumPy|Python|Airflow|SQL|Power BI|ETL,17.5,2024-08-06,"['machine learning', 'numpy', 'sql', 'airflow', 'power bi', 'etl', 'pandas', 'python']"
4945,TCS,Data Scientist,Bengaluru,Remote,Contract,7,Airflow|Statistics|SQL|Azure|Pandas,27.52,2024-03-21,"['statistics', 'sql', 'airflow', 'pandas', 'azure']"
4946,Flipkart,BI Analyst,Bengaluru,Onsite,Contract,0,Excel|Spark|Docker|Azure|Statistics|AWS,5.34,2023-02-17,"['statistics', 'aws', 'excel', 'docker', 'spark', 'azure']"
4947,Zoho,Senior Data Analyst,Mumbai,Hybrid,Full-time,2,Pandas|Statistics|Docker|Data Warehousing|AWS|Machine Learning|Excel|Spark,13.34,2024-11-09,"['machine learning', 'statistics', 'aws', 'excel', 'spark', 'data warehousing', 'pandas', 'docker']"
4948,Cognizant,Analytics Engineer,Hyderabad,Hybrid,Internship,6,Data Warehousing|AWS|SQL|Power BI|Git|Docker,18.64,2023-12-25,"['aws', 'git', 'sql', 'power bi', 'data warehousing', 'docker']"
4949,Microsoft,Data Scientist,Hyderabad,Hybrid,Contract,3,SQL|Airflow|Power BI|Statistics|Git|Tableau|Pandas,16.14,2023-08-03,"['statistics', 'git', 'sql', 'airflow', 'power bi', 'pandas', 'tableau']"
4950,Walmart,Data Analyst,Pune,Onsite,Internship,1,Data Warehousing|ETL|Python|Spark|Pandas,6.3,2024-09-27,"['spark', 'etl', 'data warehousing', 'pandas', 'python']"
4951,Microsoft,Senior Data Analyst,Mumbai,Hybrid,Contract,7,AWS|ETL|Python|Spark|Airflow|Git,21.24,2023-10-01,"['aws', 'git', 'airflow', 'spark', 'etl', 'python']"
4952,Deloitte,Analytics Engineer,Mumbai,Hybrid,Contract,4,Statistics|Spark|NumPy|ETL|Python|SQL|Git|Azure,15.25,2024-02-28,"['numpy', 'statistics', 'git', 'sql', 'spark', 'etl', 'python', 'azure']"
4953,Cognizant,BI Analyst,Remote,Onsite,Internship,8,Azure|Statistics|Spark|Power BI|Excel|AWS|ETL|Pandas,23.13,2023-08-21,"['statistics', 'aws', 'excel', 'power bi', 'spark', 'etl', 'pandas', 'azure']"
4954,Flipkart,BI Analyst,Bengaluru,Remote,Contract,1,NumPy|Excel|Data Warehousing|Spark|Python|Tableau|Machine Learning|Git,13.66,2024-10-19,"['machine learning', 'numpy', 'excel', 'git', 'spark', 'data warehousing', 'tableau', 'python']"
4955,Freshworks,Business Analyst,Pune,Onsite,Contract,3,NumPy|Git|Spark|Machine Learning|Python|Azure|Tableau,13.22,2024-03-19,"['machine learning', 'numpy', 'git', 'spark', 'tableau', 'python', 'azure']"
4956,Accenture,Analytics Engineer,Bengaluru,Remote,Contract,8,Git|AWS|NumPy|Airflow,26.12,2024-02-28,"['airflow', 'git', 'numpy', 'aws']"
4957,Swiggy,Senior Data Analyst,Pune,Onsite,Full-time,5,Azure|Docker|NumPy|Tableau|Spark|Git|ETL,16.66,2023-04-27,"['numpy', 'git', 'spark', 'azure', 'etl', 'tableau', 'docker']"
4958,TCS,Analytics Engineer,Remote,Onsite,Internship,2,Pandas|NumPy|Docker|Python|Excel,7.67,2024-05-18,"['numpy', 'excel', 'pandas', 'python', 'docker']"
4959,Swiggy,Data Scientist,Mumbai,Remote,Full-time,8,Python|AWS|Azure|Machine Learning|Statistics,31.64,2023-02-17,"['machine learning', 'statistics', 'aws', 'python', 'azure']"
4960,Amazon,Business Analyst,Remote,Remote,Contract,3,Azure|Git|Docker|Spark|AWS,13.72,2024-10-06,"['aws', 'git', 'spark', 'azure', 'docker']"
4961,Accenture,Data Scientist,Hyderabad,Remote,Full-time,5,Python|Power BI|ETL|AWS|Git|Docker|Azure|Spark,23.16,2023-03-11,"['aws', 'git', 'power bi', 'spark', 'azure', 'etl', 'python', 'docker']"
4962,Infosys,Business Analyst,Chennai,Remote,Full-time,7,AWS|Azure|Git|Statistics,23.49,2023-11-26,"['git', 'azure', 'statistics', 'aws']"
4963,Walmart,Data Scientist,Hyderabad,Onsite,Contract,7,Power BI|Data Warehousing|Tableau|AWS|ETL|Machine Learning,29.95,2024-08-16,"['machine learning', 'aws', 'power bi', 'etl', 'data warehousing', 'tableau']"
4964,Swiggy,Data Scientist,Mumbai,Onsite,Full-time,4,Statistics|Excel|Airflow|NumPy|Machine Learning|Tableau|SQL|Spark,19.56,2023-08-12,"['machine learning', 'numpy', 'statistics', 'excel', 'sql', 'airflow', 'spark', 'tableau']"
4965,TCS,Analytics Engineer,Delhi,Hybrid,Contract,3,Docker|Git|Spark|Airflow|Tableau,10.9,2023-03-05,"['git', 'airflow', 'spark', 'tableau', 'docker']"
4966,Swiggy,BI Analyst,Bengaluru,Remote,Internship,6,AWS|Spark|Git|NumPy,21.96,2023-04-21,"['spark', 'git', 'numpy', 'aws']"
4967,Accenture,Data Analyst,Remote,Remote,Full-time,1,Airflow|AWS|Azure|Power BI,6.99,2023-08-30,"['aws', 'azure', 'airflow', 'power bi']"
4968,Cognizant,Data Scientist,Delhi,Remote,Full-time,7,Azure|NumPy|Data Warehousing|Git|Power BI|Python|SQL|Spark,27.88,2023-03-18,"['numpy', 'git', 'sql', 'power bi', 'spark', 'data warehousing', 'python', 'azure']"
4969,Microsoft,BI Analyst,Remote,Hybrid,Internship,2,Excel|Data Warehousing|Azure|Docker|Git,10.49,2024-03-26,"['excel', 'git', 'azure', 'data warehousing', 'docker']"
4970,Amazon,Business Analyst,Mumbai,Remote,Contract,0,AWS|Machine Learning|SQL|Python,7.92,2023-10-03,"['machine learning', 'sql', 'aws', 'python']"
4971,TCS,Business Analyst,Remote,Hybrid,Contract,5,ETL|AWS|Power BI|Excel|Data Warehousing,17.42,2024-05-28,"['aws', 'excel', 'power bi', 'etl', 'data warehousing']"
4972,Amazon,Analytics Engineer,Delhi,Remote,Full-time,4,ETL|SQL|Power BI|Tableau|AWS|Git|Machine Learning,17.24,2024-09-09,"['machine learning', 'aws', 'git', 'sql', 'power bi', 'etl', 'tableau']"
4973,Cognizant,Senior Data Analyst,Hyderabad,Remote,Internship,7,Power BI|Python|Excel|Azure,22.83,2024-08-14,"['python', 'excel', 'azure', 'power bi']"
4974,Infosys,Business Analyst,Hyderabad,Hybrid,Full-time,3,Power BI|Python|Azure|Spark|Data Warehousing|Excel,10.97,2024-02-04,"['excel', 'power bi', 'spark', 'data warehousing', 'python', 'azure']"
4975,Razorpay,Data Analyst,Mumbai,Hybrid,Internship,0,Pandas|Docker|ETL|Machine Learning|Excel|Airflow|SQL,7.85,2024-03-18,"['machine learning', 'excel', 'sql', 'airflow', 'etl', 'pandas', 'docker']"
4976,Accenture,Analytics Engineer,Pune,Remote,Full-time,6,ETL|Docker|Azure|Machine Learning,23.69,2024-03-03,"['machine learning', 'azure', 'etl', 'docker']"
4977,Infosys,Data Scientist,Delhi,Onsite,Full-time,0,Pandas|ETL|Data Warehousing|Airflow|Spark|Machine Learning,12.35,2023-11-13,"['machine learning', 'airflow', 'spark', 'etl', 'data warehousing', 'pandas']"
4978,TCS,Data Analyst,Pune,Hybrid,Internship,0,Excel|Spark|Git|AWS|Azure|Power BI|Tableau|Python,2.85,2024-02-28,"['aws', 'excel', 'git', 'power bi', 'spark', 'tableau', 'python', 'azure']"
4979,Deloitte,Business Analyst,Remote,Remote,Contract,5,Azure|Excel|Git|Airflow,16.58,2023-02-13,"['airflow', 'git', 'azure', 'excel']"
4980,Walmart,Analytics Engineer,Bengaluru,Hybrid,Internship,6,Spark|Machine Learning|NumPy|AWS,22.63,2023-11-04,"['spark', 'machine learning', 'numpy', 'aws']"
4981,Razorpay,Data Scientist,Hyderabad,Onsite,Full-time,5,ETL|Python|Git|Excel,19.85,2023-08-04,"['git', 'python', 'etl', 'excel']"
4982,Deloitte,Analytics Engineer,Remote,Remote,Full-time,7,Git|Azure|Data Warehousing|Power BI|NumPy|Tableau|Docker|ETL,24.12,2023-10-30,"['numpy', 'git', 'docker', 'power bi', 'etl', 'data warehousing', 'tableau', 'azure']"
4983,Amazon,Business Analyst,Bengaluru,Onsite,Full-time,3,Azure|SQL|Docker|Power BI|Data Warehousing,13.44,2024-05-03,"['sql', 'docker', 'power bi', 'data warehousing', 'azure']"
4984,Zoho,Data Analyst,Chennai,Onsite,Internship,2,NumPy|Azure|Machine Learning|Power BI|Tableau,11.02,2023-11-14,"['machine learning', 'numpy', 'power bi', 'tableau', 'azure']"
4985,TCS,Data Analyst,Bengaluru,Hybrid,Contract,5,SQL|NumPy|Power BI|Machine Learning|ETL|Python|Excel,20.93,2023-12-16,"['machine learning', 'numpy', 'excel', 'sql', 'power bi', 'etl', 'python']"
4986,Paytm,Business Analyst,Delhi,Hybrid,Internship,4,Tableau|Excel|Docker|ETL|Pandas|Azure|Airflow|Statistics,13.76,2023-10-30,"['statistics', 'excel', 'airflow', 'azure', 'etl', 'tableau', 'pandas', 'docker']"
4987,Paytm,Business Analyst,Bengaluru,Remote,Internship,3,SQL|Machine Learning|Docker|Python|Tableau,19.03,2023-12-14,"['machine learning', 'sql', 'tableau', 'python', 'docker']"
4988,Accenture,Data Analyst,Bengaluru,Hybrid,Internship,8,Spark|Data Warehousing|Tableau|Pandas,26.31,2024-01-05,"['spark', 'data warehousing', 'tableau', 'pandas']"
4989,Amazon,Data Scientist,Hyderabad,Onsite,Full-time,0,Machine Learning|Power BI|AWS|Azure|Airflow|Excel|Tableau|Statistics,9.7,2024-09-21,"['machine learning', 'statistics', 'aws', 'excel', 'airflow', 'power bi', 'tableau', 'azure']"
4990,Accenture,Data Scientist,Bengaluru,Onsite,Full-time,8,Spark|Azure|NumPy|Airflow|Machine Learning|Pandas|ETL,31.53,2024-06-28,"['machine learning', 'numpy', 'airflow', 'spark', 'etl', 'pandas', 'azure']"
4991,TCS,Senior Data Analyst,Mumbai,Hybrid,Internship,3,AWS|ETL|Docker|Azure|Git|Data Warehousing|Power BI|Statistics,10.64,2023-07-08,"['statistics', 'aws', 'git', 'docker', 'power bi', 'etl', 'data warehousing', 'azure']"
4992,TCS,Senior Data Analyst,Chennai,Hybrid,Full-time,6,Power BI|NumPy|Azure|Pandas|AWS|SQL,19.39,2023-02-15,"['numpy', 'aws', 'sql', 'power bi', 'pandas', 'azure']"
4993,Walmart,Data Scientist,Bengaluru,Hybrid,Internship,4,Git|Statistics|Excel|Python,19.83,2023-03-19,"['git', 'statistics', 'python', 'excel']"
4994,Amazon,Data Scientist,Remote,Remote,Full-time,6,Tableau|Python|Machine Learning|Spark,28.33,2024-03-27,"['spark', 'machine learning', 'tableau', 'python']"
4995,Walmart,Senior Data Analyst,Delhi,Onsite,Contract,6,Pandas|Tableau|Data Warehousing|Git|ETL,19.35,2024-04-20,"['git', 'pandas', 'etl', 'data warehousing', 'tableau']"
4996,Paytm,Business Analyst,Remote,Onsite,Internship,1,Azure|Excel|Docker|Git|Machine Learning|NumPy|SQL,8.48,2023-01-24,"['machine learning', 'numpy', 'excel', 'git', 'sql', 'azure', 'docker']"
4997,Flipkart,Data Scientist,Pune,Remote,Internship,0,Excel|Azure|AWS|Tableau,10.57,2023-03-27,"['aws', 'tableau', 'azure', 'excel']"
4998,Microsoft,Business Analyst,Pune,Remote,Internship,5,SQL|Pandas|Power BI|Machine Learning,19.54,2024-11-18,"['machine learning', 'pandas', 'sql', 'power bi']"
4999,Deloitte,Analytics Engineer,Bengaluru,Remote,Internship,7,ETL|Machine Learning|Docker|Power BI|Tableau|Pandas,29.31,2023-02-08,"['machine learning', 'power bi', 'pandas', 'etl', 'tableau', 'docker']"
5000,Swiggy,Business Analyst,Remote,Remote,Contract,6,Pandas|Tableau|Azure|Excel|AWS|Power BI,20.53,2023-03-16,"['aws', 'excel', 'pandas', 'power bi', 'tableau', 'azure']"
